product_name,category,discounted_price,actual_price,discount_percentage,about_product,img_link,category_json
"AmazonBasics Flexible Premium HDMI Cable (Black, 4K@60Hz, 18Gbps), 3-Foot","Electronics|HomeTheater,TV&Video|Accessories|Cables|HDMICables",$2.63,$8.40,69%,"Flexible, lightweight HDMI cable for connecting media devices to playback display such as HDTVs, projectors, and more|Compatible with Blu-Ray players, computers, Apple TV, Roku, cable, PS4, Xbox One, and other HDMI-compatible devices|Solid copper conductors and full metal jacket shielding for durability and high-performance connectivity|Supports Ethernet, 3D, 4K video and Audio Return Channel (ARC) and meets the latest HDMI standards|Supports bandwidth up to 18Gbps and is backwards compatible with earlier versions|Includes a 3 foot cable",https://m.media-amazon.com/images/I/41nPYaWA+ML._SY300_SX300_.jpg,"{""main_cat"": ""Electronics"", ""sub_cat1"": ""HomeTheater,TV&Video"", ""sub_cat2"": ""Accessories"", ""sub_cat3"": ""Cables"", ""sub_cat4"": ""HDMICables""}"
MI 80 cm (32 inches) 5A Series HD Ready Smart Android LED TV L32M7-5AIN (Black),"Electronics|HomeTheater,TV&Video|Televisions|SmartTelevisions",$168.06,$300.11,44%,"Note : The brands, Mi and Xiaomi, are part of the same multinational conglomerate|Resolution : HD Ready (1366 x 768) Resolution | Refresh Rate : 60 Hertz | 178 Degree wide viewing angle|Connectivity: Dual Band Wi-Fi | 2 HDMI ports to connect latest gaming consoles, set top box, Blu-ray Players | 2 USB ports to connect hard drives and other USB devices | ALLM | ARC | Bluetooth 5.0 | Ethernet|Sound: 20 Watts Output | Dolby Audio, DTS Virtual: X, DTS-HD|Smart TV Features : Android TV 11 | PatchWall | IMDb Integration | Universal Search | 300+ Free Live Channels | Kids Mode with Parental lock | Smart Recommendations | Language Universe – 15+ Languages | User Centre | Okay Google | Chromecast suporting Apps : Netflix, Prime Video, Disney+ Hotstar | 5000+ apps from Play Store |Quad core Cortex A35 | Chromecast built-in | Ok Google | Auto Low Latency Mode | 1GB RAM + 8GB Storage|Display: HD Ready | Vivid Picture Engine|Warranty Information: 1 year comprehensive warranty on product and 1 year additional on Panel provided by the brand from the date of purchase",https://m.media-amazon.com/images/I/51fmHk3km+L._SX300_SY300_.jpg,"{""main_cat"": ""Electronics"", ""sub_cat1"": ""HomeTheater,TV&Video"", ""sub_cat2"": ""Televisions"", ""sub_cat3"": ""SmartTelevisions""}"
LG 80 cm (32 inches) HD Ready Smart LED TV 32LM563BPTC (Dark Iron Gray),"Electronics|HomeTheater,TV&Video|Televisions|SmartTelevisions",$161.94,$263.99,39%,"Resolution: HD Ready (1366x768) | Refresh Rate: 50 hertz|Connectivity: 2 HDMI ports to connect set top box, Blu Ray players, gaming console | 1 USB ports to connect hard drives and other USB devices|Sound output: 10 Watts Output I 2 Speakers | DTS Virtual:X | Sound Type : Down Firing|Smart TV Features: Web OS Smart TV | Wi-Fi | Home Dashboard | Screen Mirroring | Mini TV Browser | Multi-Tasking | Office 365, Set WXHXD (with Stand ) mm - 739 x 472 x 168|Display: Active HDR | Display Type: Flat | BackLight Module: Slim LED|Warranty Information: 1 Year LG India Comprehensive Warranty and additional 1 year Warranty is applicable on panel/module from the date of purchase|Installation : For requesting installation/wall mounting/demo of this product once delivered, please directly call LG support (Please visit LG Website for Toll Free Numebrs) and provide product's model name as well as seller's details mentioned on the invoice",https://m.media-amazon.com/images/W/WEBP_402378-T2/images/I/51v-2Nzr+ML._SY300_SX300_.jpg,"{""main_cat"": ""Electronics"", ""sub_cat1"": ""HomeTheater,TV&Video"", ""sub_cat2"": ""Televisions"", ""sub_cat3"": ""SmartTelevisions""}"
"tizum HDMI to VGA Adapter Cable 1080P for Projector, Computer, Laptop, TV, Projectors & TV","Electronics|HomeTheater,TV&Video|Accessories|Cables|HDMICables",$3.35,$5.99,44%,"Superior Stability: Built-in advanced Certified AG6200 IC chip converts HDMI digital signal to VGA analog signal. It is NOT a bi-directional converter and cannot transmit signals from VGA to HDMI.|Compact Design: Tizum HDMI to VGA adapter is compact & lightweight which makes it easy to carry, travel friendly and also saves space on your desk helping it keep clutter free.|High Definition Image Quality: The HDMI male to VGA female converter supports resolution up to 1920x1080 60Hz (1080p Full HD) including 720p, 1600x1200, 1280x1024 for high definition monitors & projectors.|Wide Compatibility: The adapter is compatible with Computer, PC, Desktop, Laptop, Notebook, Chromebook, PS3, Xbox, Set Top Box, TV & other devices with HDMI port. Note: Does not Support Audio.|Incredible Performance: It resists corrosion & abrasion; improves signal transmission; & protects HDMI port of your device to ensure a longer lifespan",https://m.media-amazon.com/images/W/WEBP_402378-T1/images/I/31MIyzg8uzL._SX300_SY300_QL70_FMwebp_.jpg,"{""main_cat"": ""Electronics"", ""sub_cat1"": ""HomeTheater,TV&Video"", ""sub_cat2"": ""Accessories"", ""sub_cat3"": ""Cables"", ""sub_cat4"": ""HDMICables""}"
Samsung 80 cm (32 Inches) Wondertainment Series HD Ready LED Smart TV UA32T4340BKXXL (Glossy Black),"Electronics|HomeTheater,TV&Video|Televisions|SmartTelevisions",$161.94,$274.91,41%,"Resolution: HD Ready (1366x768) | Refresh Rate: 60 hertz|Connectivity: 2 HDMI ports to connect set top box, Blu Ray players, gaming console | 1 USB ports to connect hard drives and other USB devices|Sound : 20 Watts Output | Dolby Digital Plus|Smart TV Features : Personal Computer | Screen Share | Music System | Content Guide | Connect Share Movie|Display : LED Panel | Mega Contrast | PurColor | HD Picture Quality | Slim & Stylish Design|Warranty Information: 1 year comprehensive warranty plus additional 1 years on panel by brand from date of invoice|Installation: TV Table stand is not included in the box with this model. customer may ask for Table Top Stand or Wall Mount which will be provided to the customer at the time of installation, please directly call Samsung support on [1800407267864 / 180057267864] and provide product's model name as well as seller's details mentioned on the invoice|Easy Returns: This product is eligible for replacement within 10 days of delivery in case of any product defects, damage or features not matching the description",https://m.media-amazon.com/images/W/WEBP_402378-T1/images/I/51q3+E64azL._SX300_SY300_.jpg,"{""main_cat"": ""Electronics"", ""sub_cat1"": ""HomeTheater,TV&Video"", ""sub_cat2"": ""Televisions"", ""sub_cat3"": ""SmartTelevisions""}"
Acer 80 cm (32 inches) I Series HD Ready Android Smart LED TV AR32AR2841HDFL (Black),"Electronics|HomeTheater,TV&Video|Televisions|SmartTelevisions",$138.04,$239.98,42%,"Resolution : HD Ready (1366x768) | Refresh Rate : 60 Hertz | 178 Degree wide viewing angle|Connectivity: Dual band Wifi | 2 way Bluetooth | HDMI ports 2.0 x 2 (HDMI 1 supports ARC) to connect personal computer, laptop, set top box, Blu-ray speakers or a gaming console | USB ports 2.0 x 2 to connect hard drives or other USB device|Sound: 24 Watts Output | High Fidelity Speakers with Dolby Audio | 5 Sound Modes - Movie, Music, Standard, News, Sports|Smart Tv Features: Google certified Android TV 11 | Google Assistant | Chromecast built-in | Voice controlled Smart Remote | Hotkeys for Quick Access - Netflix, Prime Video, YouTube, Disney+Hotstar | 5 Picture Mode | 1.5GB RAM | 8GB Storage | 64bit Quad Core Processor|Display : 16.7 Million Colours | Wide Colour Gamut | Intelligent Frame Stabilization Engine | HDR10+ | Super Brightness | Micro Dimming | Blue Light Reduction|Warranty Information: 1 year comprehensive warranty provided by the manufacturer from date of purchase|Installation: Installation/Wall mounting/demo will be arranged by AHS Team. For any other information, please contact Amazon customer support | Wall Mount is not included in the box and will be charged at the time of installation|Easy Returns: This product is eligible for replacement within 10 days of delivery in case of any product defects, damage or features not matching the description",https://m.media-amazon.com/images/I/41gikeSuhAL._SY300_SX300_QL70_FMwebp_.jpg,"{""main_cat"": ""Electronics"", ""sub_cat1"": ""HomeTheater,TV&Video"", ""sub_cat2"": ""Televisions"", ""sub_cat3"": ""SmartTelevisions""}"
Tizum High Speed HDMI Cable with Ethernet | Supports 3D 4K | for All HDMI Devices Laptop Computer Gaming Console TV Set Top Box (1.5 Meter/ 5 Feet),"Electronics|HomeTheater,TV&Video|Accessories|Cables|HDMICables",$2.39,$8.39,72%,"Latest Standard HDMI A Male to A Male Cable: Supports Ethernet, 3D, 4K video and Audio Return Channel (ARC)|Connects Blu-ray players, Fire TV, Apple TV, PS4, PS3, Xbox One, Xbox 360, Computers, DVD Players, Set Top Box, Dish TV Box, and other HDMI-enabLED devices to TVs, displays, A/V receivers and more.Suitable For Mp3, Gaming Device, Mobile, Tablet, Laptop|Cable allows you to share an Internet connection among multiple devices without the need for a separate Ethernet cable|Meets HDMI 1.4 Standards (4K Video at 24 Hz, 2160p, 48 bit/px color depth) that supports bandwidth up to 10.2Gbps and backwards compatible with earlier versions|✔ Gold Plate HDMI Cable of Length: 5 Feet/ 1.8 Meters",https://m.media-amazon.com/images/I/41da4tk7N+L._SY300_SX300_.jpg,"{""main_cat"": ""Electronics"", ""sub_cat1"": ""HomeTheater,TV&Video"", ""sub_cat2"": ""Accessories"", ""sub_cat3"": ""Cables"", ""sub_cat4"": ""HDMICables""}"
OnePlus 80 cm (32 inches) Y Series HD Ready LED Smart Android TV 32Y1 (Black),"Electronics|HomeTheater,TV&Video|Televisions|SmartTelevisions",$180.06,$240.08,25%,"Resolution: HD Ready (1366x768) | Refresh Rate: 60 hertz|Connectivity: 2 HDMI ports to connect set top box, Blu Ray players, gaming console | 2 USB ports to connect hard drives and other USB devices, Dimensions(TV With Stand) - 71.3cm*20cm*46.9cm, VESA Hole Pitch - 20cm*20cm|Sound : 20 Watts Output | Dolby Audio|Smart TV Features: Android TV 9.0 | OnePlus Connect | Google Assistant | Play Store | Chromecast | Shared Album | Supported Apps : Netflix, YouTube, Prime video | Content Calendar | OxygenPlay|Display : LED Panel | Noise Reduction | Colour Space Mapping |Dynamic Contrast | Anti-Aliasing | DCI-P3 93% colour gamut | Gamma Engine|Warranty Information: 1 year comprehensive warranty and additional 1 year on panel provided by the manufacturer from date of purchase|Installation/Wall mounting/demo will be arranged by Amazon Home Services. For any other information, please contact Amazon customer support | Wall Mount is not included in the box and will be charged extra at the time of installation|Easy returns: This product is eligible for replacement within 10 days of delivery in case of any product defects, damage or features not matching the description provided",https://m.media-amazon.com/images/W/WEBP_402378-T2/images/I/41WE9ZGEC4L._SX300_SY300_QL70_FMwebp_.jpg,"{""main_cat"": ""Electronics"", ""sub_cat1"": ""HomeTheater,TV&Video"", ""sub_cat2"": ""Televisions"", ""sub_cat3"": ""SmartTelevisions""}"
OnePlus 126 cm (50 inches) Y Series 4K Ultra HD Smart Android LED TV 50Y1S Pro (Black),"Electronics|HomeTheater,TV&Video|Televisions|SmartTelevisions",$396.15,$552.21,28%,"Resolution: 4K Ultra HD (3840x2160) | Bezel-less Design|Connectivity: Dual-band Wi-Fi | 3HDMI ports to connect set top box, Blu Ray players, gaming console | 2 USB ports to connect hard drives and other USB devices|Sound : 24 Watts Output | Dolby Audio | Dolby Atmos Decoding|Smart TV features: Android TV | OnePlus Connect Ecosystem| Google Assistant | Chromecast, Miracast, DLNA | Auto Low Latency Mode | Supported Apps : Netflix, Youtube, Prime Video, Hotstar, SonyLiv, Hungama, JioCinema, Zee5, Eros Now, Oxygen Play|Display: 1 billion colors | Gamma Engine with MEMC | Decoding of HDR10+, HDR10, HLG|Warranty Information: 1 year comprehensive warranty and additional 1 year on panel provided by the manufacturer from date of purchase|Installation/Wall mounting/demo will be arranged by Amazon Home Services. For any other information, please contact Amazon customer support | Wall Mount is not included in the box and will be charged extra at the time of installation",https://m.media-amazon.com/images/I/51hQfTroMzL._SX300_SY300_QL70_FMwebp_.jpg,"{""main_cat"": ""Electronics"", ""sub_cat1"": ""HomeTheater,TV&Video"", ""sub_cat2"": ""Televisions"", ""sub_cat3"": ""SmartTelevisions""}"
Mi 108 cm (43 inches) Full HD Android LED TV 4C | L43M6-INC (Black),"Electronics|HomeTheater,TV&Video|Televisions|SmartTelevisions",$240.08,$420.16,43%,"Resolution : Full HD (1920x1080) | Refresh Rate : 60 Hertz | 178 Degree wide viewing angle|Connectivity: 3 HDMI ports to connect set top box, Blu-Ray players, gaming console | 3 USB ports to connect hard drives and other USB devices | 3.5mm to connect your headphones | S/PDIF port to connect Speakers|Sound: 20 Watts Powerful Stereo Speakers | DTS-HD|Smart TV Features : Android TV 9 | Chromecast built-in | PatchWall 4 with IMDb integration | 75+ Free Live Channels | Universal search | Language Universe (16+ Languages) | Miracast | Supported Apps: Prime Video | Netflix, Disney + Hotstar, YouTube, Apple TV, 5000+ apps from Play Store | Quad core processor | Built-in Wi-Fi | 1GB RAM + 8GB Storage|Display: LED Panel | Vivid Picture engine | Detailed Picture Controls | Ultra bright screen | Dynamic contrast | Dynamic backlight|Warranty Information: 1 year comprehensive warranty on product and 1 year additional on Panel provided by the brand from the date of purchase|Installation/Wall mounting/demo will be arranged by AHS Team or Xiaomi service partner. For more information, please call Mi support on Toll Free Number (Please visit brand website for toll free numebrs) | Wall Mount is not included in the box and will be charged extra at the time of installation",https://m.media-amazon.com/images/I/41nsy8kxWUL._SY300_SX300_QL70_FMwebp_.jpg,"{""main_cat"": ""Electronics"", ""sub_cat1"": ""HomeTheater,TV&Video"", ""sub_cat2"": ""Televisions"", ""sub_cat3"": ""SmartTelevisions""}"
"Amazon Basics High-Speed HDMI Cable, 6 Feet - Supports Ethernet, 3D, 4K video,Black","Electronics|HomeTheater,TV&Video|Accessories|Cables|HDMICables",$3.71,$5.70,35%,"Please select appropriate display resolution & refresh rate for proper display output. HDMI A Male to A Male Cable: Supports Ethernet, 3D, 4K video and Audio Return Channel (ARC)|Connects Blu-ray players, Fire TV, Apple TV, PS4, PS3, XBox one, Xbox 360, computers and other HDMI-enabled devices to TVs, displays, A/V receivers and more|Cable allows you to share an Internet connection among multiple devices without the need for a separate Ethernet cable|Meets HDMI 2.0 standards (4K Video at 60 Hz, 2160p, 48 bit/px color depth) that supports bandwidth up to 18Gbps and backwards compatible with earlier versions|Cable Length: 6 feet (1.8 meters); 1 year limited warranty",https://m.media-amazon.com/images/I/41bCxnHksnL._SY300_SX300_QL70_FMwebp_.jpg,"{""main_cat"": ""Electronics"", ""sub_cat1"": ""HomeTheater,TV&Video"", ""sub_cat2"": ""Accessories"", ""sub_cat3"": ""Cables"", ""sub_cat4"": ""HDMICables""}"
7SEVEN® Compatible for Samsung Smart 4K Ultra HD TV Monitor Remote Control Replacement of Original Samsung TV Remote for LED OLED UHD QLED and Suitable for 6 7 8 Series Samsung TV with Hot Keys BN59-01259E,"Electronics|HomeTheater,TV&Video|Accessories|RemoteControls",$4.79,$11.99,60%,"1. 7SEVEN Compatible remote suitable for all Original samasung TV / Monitor remote and have speciality with Hotkeys feature. It comes with NETFLIX, prime Video and ZEE5(www) Hotkeys. Incase ZEE5 app not available in your samsung smart tv then it will open default www(web broswer).|2. Equipped with various buttons and controls, this remote lets you adjust settings of your LED OLED QLED Curved & Plasma TV easily with the comfort of your sofa or bed.|3. This Remote does not have Bluetooth feature. No voice functions. This is a remote control to control TV mode & it does not control or support the set-top box mode.|4. No pairing required after load new AA Alkaline batteries, Samsung Remote suitable for smart tv's and monitor|5. This is a 7SEVEN compatible Product & Not Original Samsung Remote.",https://m.media-amazon.com/images/W/WEBP_402378-T1/images/I/21rBnbHkW9L._SX300_SY300_QL70_FMwebp_.jpg,"{""main_cat"": ""Electronics"", ""sub_cat1"": ""HomeTheater,TV&Video"", ""sub_cat2"": ""Accessories"", ""sub_cat3"": ""RemoteControls""}"
VW 80 cm (32 inches) Frameless Series HD Ready LED TV VW32A (Black),"Electronics|HomeTheater,TV&Video|Televisions|StandardTelevisions",$84.02,$156.05,46%,"Resolution: HD Ready (1366x768) | Refresh Rate: 60 hertz | Viewing Angle: 178 degrees|Connectivity: 2 HDMI ports to connect set top box, Blu Ray players, gaming console | 2 USB ports to connect hard drives and other USB devices|Sound : 20 Watts output | Powerful Stereo Output | Power Audio, Music Equalizer|Display: A+ Grade Panel | IPE Technology | True Colour | Cinema Zoom | Slim Bezel | Cinema Mode|Warranty Information: 1 year warranty provided by Visio World from date of purchase|Installation: For requesting installation/wall mounting/demo of this product once delivered, please directly call Visio World support on (Please visit brand website for toll free numbers) and provide product's model name as well as seller's details mentioned on the invoice|Easy returns: This product is eligible for replacement/refund within 10 days of delivery in case of any product defects, damage or features not matching the description provided",https://m.media-amazon.com/images/I/418GxB04szL._SY300_SX300_QL70_FMwebp_.jpg,"{""main_cat"": ""Electronics"", ""sub_cat1"": ""HomeTheater,TV&Video"", ""sub_cat2"": ""Televisions"", ""sub_cat3"": ""StandardTelevisions""}"
Tata Sky Universal Remote,"Electronics|HomeTheater,TV&Video|Accessories|RemoteControls",$2.76,$5.99,54%,Universal remote control|Ensures long lastinga and consistent performance|Sturdy built,https://m.media-amazon.com/images/I/315GdnF+LcL._SY300_SX300_.jpg,"{""main_cat"": ""Electronics"", ""sub_cat1"": ""HomeTheater,TV&Video"", ""sub_cat2"": ""Accessories"", ""sub_cat3"": ""RemoteControls""}"
OnePlus 80 cm (32 inches) Y Series HD Ready Smart Android LED TV 32 Y1S (Black),"Electronics|HomeTheater,TV&Video|Televisions|SmartTelevisions",$192.06,$264.09,27%,"Resolution : HD Ready (1366x768) | Refresh Rate : 60 Hertz|Connectivity: 2 HDMI ports to connect set top box, Blu Ray players, gaming console | 2 USB ports to connect hard drives and other USB devices | Dual-band Wi-Fi|Sound : 20 Watts Output | Dolby Audio | Dolby Atmos Decoding|Smart TV features: Latest Android TV 11, OnePlus Connect Ecosystem, Google Assistant, Chromecast, Miracast, DLNA, Auto Low Latency Mode | Supported Apps : Netflix, Youtube, Prime Video, Hotstar, SonyLiv, Hungama, JioCinema, Zee5, Eros Now, Oxygen Play|Display : Bezel-less Design | LED Panel | Anti-Aliasing | Gamma Engine | Decoding of HDR10+, HDR10, HLG|Warranty Information: 1 year comprehensive warranty and additional 1 year on panel provided by the manufacturer from date of purchase|Installation/Wall mounting/demo will be arranged by Amazon Home Services. For any other information, please contact Amazon customer support | Wall Mount is not included in the box and will be charged extra at the time of installation",https://m.media-amazon.com/images/I/512YHGuR4RL._SX300_SY300_QL70_FMwebp_.jpg,"{""main_cat"": ""Electronics"", ""sub_cat1"": ""HomeTheater,TV&Video"", ""sub_cat2"": ""Televisions"", ""sub_cat3"": ""SmartTelevisions""}"
"Airtel DigitalTV DTH Television, Setup Box Remote Compatible for SD and HD Recording (Black)","Electronics|HomeTheater,TV&Video|Accessories|RemoteControls",$2.15,$9.59,78%,This is Generic Airtel Tv Remote|Universal configuration with any TV|Shining black colour with LED indicator,https://m.media-amazon.com/images/W/WEBP_402378-T2/images/I/41v00lhhdbL._SX300_SY300_QL70_FMwebp_.jpg,"{""main_cat"": ""Electronics"", ""sub_cat1"": ""HomeTheater,TV&Video"", ""sub_cat2"": ""Accessories"", ""sub_cat3"": ""RemoteControls""}"
Samsung 108 cm (43 inches) Crystal 4K Neo Series Ultra HD Smart LED TV UA43AUE65AKXXL (Black),"Electronics|HomeTheater,TV&Video|Televisions|SmartTelevisions",$396.04,$575.03,31%,"Resolution : Crystal 4K Ultra HD (3840 x 2160) | Refresh Rate : 50 Hertz|Connectivity: 3 HDMI ports to connect set top box, Blu-ray speakers or a gaming console | 1 USB ports to connect hard drives or other USB devices|Display: Ultra HD (4k) LED Panel | One Billion Colors | New Bezel-less Design | Supports HDR 10+ | PurColor | Mega Contarst | UHD Dimming | Auto Game Mode|Sound: 20 Watts Output | Powerful Speakers with Dolby Digital Plus | Q Symphony|Smart TV Features : Prime Video, Hotstar, Netflix, Zee5 and more | Voice Assistant - Bixby & Alexa | Tap View | PC Mode | Universal Guide | Web Browser | Screen Mirroring|Warranty Information: 1 year comprehensive warranty plus additional 1 years on panel by brand from date of invoice|Installation: For requesting installation/wall mounting/demo of this product once delivered, please directly call Samsung support on (Visit Brand website for tollfree numbers) and provide product's model name as well as seller's details mentioned on the invoice|Easy Returns: This product is eligible for replacement within 10 days of delivery in case of any product defects, damage or features not matching the description",https://m.media-amazon.com/images/I/41Tz1YnJkoL._SY300_SX300_QL70_FMwebp_.jpg,"{""main_cat"": ""Electronics"", ""sub_cat1"": ""HomeTheater,TV&Video"", ""sub_cat2"": ""Televisions"", ""sub_cat3"": ""SmartTelevisions""}"
Redmi 80 cm (32 inches) Android 11 Series HD Ready Smart LED TV | L32M6-RA/L32M7-RA (Black),"Electronics|HomeTheater,TV&Video|Televisions|SmartTelevisions",$168.06,$300.11,44%,"Resolution: HD Ready (1366 x 768) | Refresh Rate: 60 hertz | 178 Degree wide viewing angle|Connectivity: 2 HDMI ports to connect set top box, Blu-Ray players, gaming console | 2 USB ports to connect hard drives and other USB devices | 3.5mm to connect your headphones | Bluetooth 5.0 to connect Bluetooth speakers, earphones and TWS earphones|Sound: 20 Watts Powerful Stereo Speakers | Dolby Audio | DTS Virtual: X and DTS-HD | Dolby Atmos pass through ARC port|Smart TV Features : Android TV 11 | Chromecast built-in | PatchWall 4 with IMDb integration | Kids Mode with Parental Lock | 75+ Free Live Channels | Universal search | Language Universe (16+ Languages) | India's Top 10 | Miracast | Supported Apps: Prime Video | Netflix | Disney + Hotstar | YouTube | Apple TV | 5000+ apps from Play Store | Auto Low Latency Mode | Quad core processor | Dual band Wi-Fi | 1GB RAM + 8GB Storage|Display: A+ Grade LED panel | Vivid Picture Engine | Detailed Picture Controls | Ultra bright screen | Dynamic contrast | Dynamic backlight|Warranty Information: 1 year comprehensive warranty on product and 1 year additional on Panel provided by the brand from the date of purchase|Easy Returns: This product is eligible for replacement within 10 days of delivery in case of any product defects, damage or features not matching the description provided|Video capture format :avi, mp4,Included components :1 led tv, 2 table stand base, 1 user manual, 1 remote control, 4 screws,resolution :720p",https://m.media-amazon.com/images/W/WEBP_402378-T2/images/I/41611VFTGwL._SY300_SX300_QL70_FMwebp_.jpg,"{""main_cat"": ""Electronics"", ""sub_cat1"": ""HomeTheater,TV&Video"", ""sub_cat2"": ""Televisions"", ""sub_cat3"": ""SmartTelevisions""}"
"Amazon Basics High-Speed HDMI Cable, 6 Feet (2-Pack),Black","Electronics|HomeTheater,TV&Video|Accessories|Cables|HDMICables",$3.71,$16.81,78%,"HDMI A Male to A Male Cable: Supports Ethernet, 3D, 4K video and Audio Return Channel (ARC)|Connects Blu-ray players, Fire TV, Apple TV, PS4, PS3, XBox one, Xbox 360, computers and other HDMI-enabled devices to TVs, displays, A/V receivers and more|Cable allows you to share an Internet connection among multiple devices without the need for a separate Ethernet cable|Meets HDMI 2.0 standards (4K Video at 60 Hz, 2160p, 48 bit/px color depth) that supports bandwidth up to 18Gbps and backwards compatible with earlier versions|Note: Supports Max resolution of 4K@60Hz, for display issues downgrade resolution & gradually increase resolution for compatibility/display issues.|Cable Length: 6 feet (1.8 meters) - 2 units; 1 year limited warranty",https://m.media-amazon.com/images/I/41eJqkFjCRL._SY300_SX300_QL70_FMwebp_.jpg,"{""main_cat"": ""Electronics"", ""sub_cat1"": ""HomeTheater,TV&Video"", ""sub_cat2"": ""Accessories"", ""sub_cat3"": ""Cables"", ""sub_cat4"": ""HDMICables""}"
Acer 80 cm (32 inches) N Series HD Ready TV AR32NSV53HD (Black),"Electronics|HomeTheater,TV&Video|Televisions|StandardTelevisions",$96.03,$179.95,47%,"Resolution: HD Ready (1366 x 768) | Refresh Rate: 60Hz | 178 Degree wide viewing angle|Connectivity: 2 HDMI Ports to connect set top box, Blu Ray players, gaming console | 2 USB Ports to connect hard drives and other USB devices | 1 VGA Slot to connect your Laptop/PC | 1 Headphone Jack | 2 AV Input Slot | 1 RF Slot|Sound: 20 Watts Output|Display: High Definition | Dynamic Contast | Intelligent Signal Calibration | 16.7 Million Colours | Digital Noise Reduction|Warranty Information: 1 year comprehensive warranty provided by the manufacturer from date of purchase|Installation: Installation/Wall mounting/demo will be arranged by AHS Team. For any other information, please contact Amazon customer support|Easy Returns: This product is eligible for replacement within 10 days of delivery in case of any product defects, damage or features not matching the description",https://m.media-amazon.com/images/I/51FicDnawaL._SY300_SX300_QL70_FMwebp_.jpg,"{""main_cat"": ""Electronics"", ""sub_cat1"": ""HomeTheater,TV&Video"", ""sub_cat2"": ""Televisions"", ""sub_cat3"": ""StandardTelevisions""}"
"Model-P4 6 Way Swivel Tilt Wall Mount 32-55-inch Full Motion Cantilever for LED,LCD and Plasma TV's","Electronics|HomeTheater,TV&Video|Accessories|TVMounts,Stands&Turntables|TVWall&CeilingMounts",$19.20,$36.00,47%,Full motion cantilever mount|Fits 32inch-55inch flat panel display|Vesa compliance 100x100 to 400x400mm,https://m.media-amazon.com/images/I/41+mgWz7knL._SX300_SY300_.jpg,"{""main_cat"": ""Electronics"", ""sub_cat1"": ""HomeTheater,TV&Video"", ""sub_cat2"": ""Accessories"", ""sub_cat3"": ""TVMounts,Stands&Turntables"", ""sub_cat4"": ""TVWall&CeilingMounts""}"
Redmi 108 cm (43 inches) 4K Ultra HD Android Smart LED TV X43 | L43R7-7AIN (Black),"Electronics|HomeTheater,TV&Video|Televisions|SmartTelevisions",$324.12,$516.19,37%,"Resolution : 4K Ultra HD (3840x2160) Resolution | Refresh Rate : 60 Hertz | 178 Degree wide viewing angle|Connectivity: Dual-band Wi-Fi | Bluetooth 5.0 | 3 HDMI ports to connect latest gaming consoles, set top box, Blu-ray Players | 2 USB ports to connect hard drives and other USB devices | eARC - Dolby Atmos Passthrough eARC HDMI port | Optical Port|Sound: 30 Watts Output | Dolby Audio | DTS Virtual: X | Dolby Atmos pass through eARC | DTS-HD|Smart TV Features : Android TV 10, PatchWall 4 with IMDb integration | Quad core processor, Built-in Wi-Fi, Chromecast built-in, Ok Google, Auto Low Latency Mode, 2GB RAM + 16GB Storage, Miracast | Supported Apps: Prime Video, Netflix, Disney + Hotstar, YouTube, Apple TV, 5000+ apps from Play Store,|Display: 4K LED Panel | Dolby Vision | HDR10 | HLG | Reality Flow | Vivid Picture Engine | MEMC|Warranty Information: 1 year comprehensive warranty on product and 1 year additional on Panel provided by the brand from the date of purchase|Installation : Wall mounting/demo will be arranged by Redmi service partner. For more information, please call Redmi support on Toll Free Number (Please visit brand website for toll free numebrs) and provide product's model name and seller's details mentioned on your invoice. The service center will allot you a convenient slot for the service.",https://m.media-amazon.com/images/W/WEBP_402378-T2/images/I/41w1didcczL._SY300_SX300_QL70_FMwebp_.jpg,"{""main_cat"": ""Electronics"", ""sub_cat1"": ""HomeTheater,TV&Video"", ""sub_cat2"": ""Televisions"", ""sub_cat3"": ""SmartTelevisions""}"
TCL 80 cm (32 inches) HD Ready Certified Android Smart LED TV 32S5205 (Black),"Electronics|HomeTheater,TV&Video|Televisions|SmartTelevisions",$130.86,$372.03,65%,"Resolution: HD Ready (1366 x 768) | Refresh Rate: 60 hertz|Connectivity: 2 HDMI Ports to connect set top box | 1 USB ports to connect hard drives or other USB devices | IR Port to control connected devices like DVD / STB Players|Sound: 16 Watts Output | Powerful Speakers with Dolby Audio|Smart TV Features : Android R 11 ,Packed with amazing smart features such as Google Voice Search, Google App Store and Built-in Chromecast. Google Play Store, YouTube, Google cast, Netflix.|Display : LED Smart TV | Ultra bright screen for flawless picture quality even in bright rooms|Warranty Information: 2 year comprehensive warranty provided by the manufacturer from date of purchase|Installation: For Installation, Wall Mounting, Demo Of This Product Once Delivered, Directly Contact Brand Support (Visit Brand website for Toll free numebrs) and Provide Product's Model Name And Seller's Details Mentioned On Your Invoice. The Service Center Will Allot You A Convenient Slot For The Service",https://m.media-amazon.com/images/I/51ow6bmLWIL._SY300_SX300_QL70_FMwebp_.jpg,"{""main_cat"": ""Electronics"", ""sub_cat1"": ""HomeTheater,TV&Video"", ""sub_cat2"": ""Televisions"", ""sub_cat3"": ""SmartTelevisions""}"
Firestick Remote,"Electronics|HomeTheater,TV&Video|Accessories|RemoteControls",$17.21,$48.01,64%,"Compatible For Amazon Fire TV Stick (3rd Gen, 2021) | Compatible For Amazon Fire TV Stick Lite | Compatible For Amazon Fire TV Stick (2nd Gen) | Compatible For Amazon Fire TV Stick 4K | Compatible For Amazon Fire TV Stick 4K Max streaming device | Compatible For Amazon Fire TV Stick Plus (2021)|This is voice remote control, you need to pair it first before you use, and below is pairing steps: Press the Home button about 8-30 seconds until the LED starts to rapidly flash amber, then the remote should automatically pair with your device.|With standard navigation and playback controls, you can quickly skip to your favorite scenes.|Alexa funtion make it easily to find, launch and control all existing content you want, such as play music, view sports scores, check the weather, see live camera feeds, and control compatible smart home devices.",https://m.media-amazon.com/images/I/31C4z2M8TiL._SX300_SY300_QL70_FMwebp_.jpg,"{""main_cat"": ""Electronics"", ""sub_cat1"": ""HomeTheater,TV&Video"", ""sub_cat2"": ""Accessories"", ""sub_cat3"": ""RemoteControls""}"
SKYWALL 81.28 cm (32 inches) HD Ready Smart LED TV 32SWELS-PRO (Black),"Electronics|HomeTheater,TV&Video|Televisions|SmartTelevisions",$87.62,$229.59,62%,Resolution: Full HD (1920 x 1080) | Refresh Rate: 60 hertz|Connectivity: 2 HDMI ports to connect set top box | Blu Ray players | gaming console | 2 USB ports to connect hard drives and other USB devices|Sound output: 30 Watts Output | Dolby Audio|Smart TV Features: Built|in Wi|Fi | Netflix | Google Play Store | YouTube | Chrome cast | Media center | with Google Voice Assistant | Android 9.O Based OS|Display: A+ Grade Panel | Micro Dimming | True Color | View Angle: 178 degree | 2K HDR10 | 16.7 Million(8bit)|Warranty Information: 1 Year warranty provided by Skywall from date of purchase.|Installation: Brand will contact for installation for this product once delivered. Contact brand Support for assistance @ (Please visit brand website for tollfree numbers) and provide product's model name and seller's details mentioned on your invoice. The service center will allot you a convenient slot for the service.|Easy returns: This product is eligible for replacement within 10 days of delivery in case of any product defects | damage or features not matching the description provided.,https://m.media-amazon.com/images/I/41M9BBMSUdL._SX300_SY300_QL70_FMwebp_.jpg,"{""main_cat"": ""Electronics"", ""sub_cat1"": ""HomeTheater,TV&Video"", ""sub_cat2"": ""Televisions"", ""sub_cat3"": ""SmartTelevisions""}"
OnePlus 108 cm (43 inches) Y Series 4K Ultra HD Smart Android LED TV 43Y1S Pro (Black),"Electronics|HomeTheater,TV&Video|Televisions|SmartTelevisions",$360.13,$480.18,25%,"Resolution : 4K Ultra HD (3840x2160) | Refresh Rate : 60 Hertz|Connectivity: 3 HDMI ports to connect set top box, Blu Ray players, gaming console | 2 USB ports to connect hard drives and other USB devices | Dual-band Wi-Fi|Sound : 24 Watts Output | Dolby Audio | Dolby Atmos Decoding|Smart TV features: Android TV | OnePlus Connect Ecosystem| Google Assistant | Chromecast, Miracast, DLNA | Auto Low Latency Mode | Supported Apps : Netflix, Youtube, Prime Video, Hotstar, SonyLiv, Hungama, JioCinema, Zee5, Eros Now, Oxygen Play|Display : Bezel-less Design | Decoding of HDR10+ HDR10, HLG | 1 billion colors | Gamma Engine with MEMC|Warranty Information: 1 year comprehensive warranty and additional 1 year on panel provided by the manufacturer from date of purchase|Installation/Wall mounting/demo will be arranged by Amazon Home Services. For any other information, please contact Amazon customer support | Wall Mount is not included in the box and will be charged extra at the time of installation|Easy returns: This product is eligible for replacement within 10 days of delivery in case of any product defects, damage or features not matching the description provided",https://m.media-amazon.com/images/W/WEBP_402378-T2/images/I/51ovMTXv9RL._SX300_SY300_QL70_FMwebp_.jpg,"{""main_cat"": ""Electronics"", ""sub_cat1"": ""HomeTheater,TV&Video"", ""sub_cat2"": ""Televisions"", ""sub_cat3"": ""SmartTelevisions""}"
Acer 127 cm (50 inches) I Series 4K Ultra HD Android Smart LED TV AR50AR2851UDFL (Black),"Electronics|HomeTheater,TV&Video|Televisions|SmartTelevisions",$336.12,$492.08,32%,"Resolution : 4K Ultra HD (3840x2160) | Refresh Rate : 60 Hertz | 178 Degree wide viewing angle|Connectivity: Dual band Wifi | 2 way Bluetooth | HDMI ports 2.1 x 3 (HDMI 1 supports eARC) to connect personal computer, laptop, set top box, Blu-ray speakers or a gaming console | USB ports 2.0 x 1, 3.0 x 1 to connect hard drives or other USB device|Sound: 30 Watts Output | High Fidelity Speakers with Dolby Audio | 5 Sound Modes - Movie, Music, Standard, News, Sports|Smart Tv Features: Google certified Android TV 11 | Google Assistant | Chromecast built-in | Voice controlled Smart Remote | Hotkeys for Quick Access - Netflix, Prime Video, YouTube, Disney+Hotstar | 5 Picture Mode | 2GB RAM | 16GB Storage | 64bit Quad Core Processor|Display : 1.07 Billion colours | MEMC | Wide Colour Gamut+ | Intelligent Frame Stabilization Engine | Dynamic Signal Calibration | HDR10+ with HLG | UHD Upscaling | Super Brightness | Micro Dimming | Blue Light Reduction | 178 degree Wide viewing angle|Warranty Information: 2 years comprehensive warranty provided by the manufacturer from date of purchase|Installation: Installation/Wall mounting/demo will be arranged by AHS Team. For any other information, please contact Amazon customer support | Wall Mount is not included in the box and will be charged at the time of installation|Easy Returns: This product is eligible for replacement within 10 days of delivery in case of any product defects, damage or features not matching the description",https://m.media-amazon.com/images/W/WEBP_402378-T1/images/I/41imW51RweL._SY300_SX300_QL70_FMwebp_.jpg,"{""main_cat"": ""Electronics"", ""sub_cat1"": ""HomeTheater,TV&Video"", ""sub_cat2"": ""Televisions"", ""sub_cat3"": ""SmartTelevisions""}"
Samsung 108 cm (43 inches) Crystal 4K Series Ultra HD Smart LED TV UA43AUE60AKLXL (Black),"Electronics|HomeTheater,TV&Video|Televisions|SmartTelevisions",$372.03,$635.05,41%,"Resolution : Crystal 4K UHD (3840x2160) resolution | Refresh Rate : 60 Hertz|Connectivity: 3 HDMI ports to connect set top box, Blu-ray speakers or a gaming console | 1 USB ports to connect hard drives or other USB devices|Display: Ultra HD (4k) LED Panel | One Billion Colors | Air Slim Design | Supports HDR 10+ | PurColor | Mega Contarst | UHD Dimming | Auto Game Mode|Sound: 20 Watts Output | Powerful Speakers with Dolby Digital Plus | Q Symphony|Smart TV Features : Prime Video, Hotstar, Netflix, Zee5 and more | Tap View | PC Mode | Universal Guide | Web Browser | Screen Mirroring|Warranty Information: 1 Year warranty provided by manufacturer from date of purchase and 1 Year Additional on Panel|Installation: For requesting installation/wall mounting/demo of this product once delivered, please directly call Samsung support on [1800407267864 / 180057267864] and provide product's model name as well as seller's details mentioned on the invoice",https://m.media-amazon.com/images/I/41RVzq6GiIL._SY300_SX300_QL70_FMwebp_.jpg,"{""main_cat"": ""Electronics"", ""sub_cat1"": ""HomeTheater,TV&Video"", ""sub_cat2"": ""Televisions"", ""sub_cat3"": ""SmartTelevisions""}"
OnePlus 108 cm (43 inches) Y Series Full HD Smart Android LED TV 43 Y1S (Black),"Electronics|HomeTheater,TV&Video|Televisions|SmartTelevisions",$300.11,$384.14,22%,"Resolution : Full HD (1920x1080) | Refresh Rate : 60 Hertz|Connectivity: 2 HDMI ports to connect set top box, Blu Ray players, gaming console | 2 USB ports to connect hard drives and other USB devices | Dual-band Wi-Fi|Sound : 20 Watts Output | Dolby Audio | Dolby Atmos Decoding|Smart TV features: Latest Android TV 11, OnePlus Connect Ecosystem, Google Assistant, Chromecast, Miracast, DLNA, Auto Low Latency Mode | Supported Apps : Netflix, Youtube, Prime Video, Hotstar, SonyLiv, Hungama, JioCinema, Zee5, Eros Now, Oxygen Play|Display : Bezel-less Design | LED Panel | Anti-Aliasing | Gamma Engine | Decoding of HDR10+, HDR10, HLG|Warranty Information: 1 year comprehensive warranty and additional 1 year on panel provided by the manufacturer from date of purchase|Installation/Wall mounting/demo will be arranged by Amazon Home Services. For any other information, please contact Amazon customer support | Wall Mount is not included in the box and will be charged extra at the time of installation",https://m.media-amazon.com/images/I/51F6FClq10L._SX300_SY300_QL70_FMwebp_.jpg,"{""main_cat"": ""Electronics"", ""sub_cat1"": ""HomeTheater,TV&Video"", ""sub_cat2"": ""Televisions"", ""sub_cat3"": ""SmartTelevisions""}"
TCL 100 cm (40 inches) Full HD Certified Android R Smart LED TV 40S6505 (Black),"Electronics|HomeTheater,TV&Video|Televisions|SmartTelevisions",$227.97,$492.08,54%,"Resolution: Full HD (1920 x 1080) | Refresh Rate: 60 Hertz|Connectivity: 2 HDMI Ports to connect set top box, Blu Ray players, gaming console | 1 USB Ports to connect hard drives and other USB devices|Sound : 20 Watts Output | Powerful 2 Stero Integrated Speaker Boxes with Dolby Audio|Smart TV Features: AI-IN | Built-in WiFi | Android R (Certified by Google) | Built-in Chromecast | 64 bit Quad Core Processor | Prime video | Youtube | Netflix | Voice Search | 1 GB RAM + 8 GB ROM|Display: Slim Design | A+ Grade Panel | Micro Dimming | View Angle : 178 degree | HDR|Warranty Information: 2 year comprehensive warranty provided by the manufacturer from date of purchase|Installation: For Installation, Wall Mounting, Demo Of This Product Once Delivered, Directly Contact Brand Support (Visit Brand website for Toll free numebrs) and Provide Product's Model Name And Seller's Details Mentioned On Your Invoice. The Service Center Will Allot You A Convenient Slot For The Service",https://m.media-amazon.com/images/W/WEBP_402378-T1/images/I/41mMrtrwgyL._SY300_SX300_QL70_FMwebp_.jpg,"{""main_cat"": ""Electronics"", ""sub_cat1"": ""HomeTheater,TV&Video"", ""sub_cat2"": ""Televisions"", ""sub_cat3"": ""SmartTelevisions""}"
"LOHAYA Remote Compatible for Mi Smart LED TV 4A Remote Control (32""/43"") [ Compatible for Mi Tv Remote Control ] [ Compatible for Mi Smart LED Tv Remote Control ]","Electronics|HomeTheater,TV&Video|Accessories|RemoteControls",$2.99,$9.59,69%,Compatible with MI Smart TV 4A 32 inch LED TV /Mi 4A 43 inch LED TV | Mi LED Smart TV 4A (32 inch/43 inch) Mi Smart Android LED TV|100% Best Quality Plastic Body and Soft Silicone Rubber Keypad|Remotes are checked by Testing Machine Before Shipment|Imported Generic Product Not by MI|Please Match the Image with Your Existing Remote Before Placing the Order,https://m.media-amazon.com/images/I/21PB1kWQWdL._SX300_SY300_QL70_FMwebp_.jpg,"{""main_cat"": ""Electronics"", ""sub_cat1"": ""HomeTheater,TV&Video"", ""sub_cat2"": ""Accessories"", ""sub_cat3"": ""RemoteControls""}"
Dealfreez Case Compatible with Fire TV Stick 3rd Gen 2021 Full Wrap Silicone Remote Cover Anti-Lost with Loop (D-Black),"Electronics|HomeTheater,TV&Video|Accessories|RemoteControls",$4.19,$18.00,77%,"【Compatibility】: Specially Designed for Fire TV Stick All New Alexa Voice Remote Control (3rd Gen)(2021 Release). (REMOTE NOT INCLUDED)|【3 Meters Shockproof】: Durable Silicone Material can protect your remote from 3 meters high drop, effectively protects your remote from daily impact and unwanted dust and scratches.|【Perfect Fit】: The slim and form-fitted design of the case fully protects your Fire TV Remote with minimal bulk.|【Accessibility】: Revised with precision cut-outs to ensure full access to all ports, buttons, and features of your Fire TV Stick 3rd Gen 2021 All New Alexa Voice Remote.|【Remote Loop】: An included wrist strap is provided that helps prevent accidental drops or releases when using the remote with motion controls.",https://m.media-amazon.com/images/I/41pA1xo-mIL._SX300_SY300_QL70_FMwebp_.jpg,"{""main_cat"": ""Electronics"", ""sub_cat1"": ""HomeTheater,TV&Video"", ""sub_cat2"": ""Accessories"", ""sub_cat3"": ""RemoteControls""}"
Isoelite Remote Compatible for Samsung LED/LCD Remote Control Works with All Samsung LED/LCD TV Model No :- BN59-607A (Please Match The Image with Your Old Remote),"Electronics|HomeTheater,TV&Video|Accessories|RemoteControls",$3.59,$10.79,67%,Compatible Device For Samsung LED/LCD Remote Control Works With All Samsung LED/LCD TV Model No :- BN59-607A|100% Best Quality Plastic Body and Soft Silicone Rubber Keypad|Remotes are checked by Testing Machine Before Shipment|Imported Generic Product Not by Samsung,https://m.media-amazon.com/images/W/WEBP_402378-T2/images/I/41UJEnTJpVL._SX300_SY300_QL70_FMwebp_.jpg,"{""main_cat"": ""Electronics"", ""sub_cat1"": ""HomeTheater,TV&Video"", ""sub_cat2"": ""Accessories"", ""sub_cat3"": ""RemoteControls""}"
MI 100 cm (40 inches) 5A Series Full HD Smart Android LED TV with 24W Dolby Audio & Metal Bezel-Less Frame (Black) (2022 Model),"Electronics|HomeTheater,TV&Video|Televisions|SmartTelevisions",$264.09,$360.13,27%,"Note : The brands, Mi and Xiaomi, are part of the same multinational conglomerate|Resolution : Full HD (1920 x 1080) Resolution | Refresh Rate : 60 Hertz | 178 Degree wide viewing angle|Connectivity: Dual Band Wi-Fi | 2 HDMI ports to connect latest gaming consoles, set top box, Blu-ray Players | 2 USB ports to connect hard drives and other USB devices | ALLM | ARC | Bluetooth 5.0 | Ethernet|Sound: 24 Watts Output | Dolby Audio, DTS:X, DTS Virtual: X|Smart TV Features : Android TV 11 | PatchWall | IMDb Integration | Universal Search | 300+ Free Live Channels | Kids Mode with Parental lock | Smart Recommendations | Language Universe – 15+ Languages | User Centre | Okay Google | Chromecast suporting Apps : Netflix, Prime Video, Disney+ Hotstar | 5000+ apps from Play Store |Quad core Cortex A55 | Chromecast built-in | Ok Google | Auto Low Latency Mode | 1.5 GB RAM + 8GB Storage|Display: Full HD | Vivid Picture Engine|Warranty Information: 1 year comprehensive warranty on product and 1 year additional on Panel provided by the brand from the date of purchase",https://m.media-amazon.com/images/W/WEBP_402378-T2/images/I/41GTMteNtdL._SX300_SY300_QL70_FMwebp_.jpg,"{""main_cat"": ""Electronics"", ""sub_cat1"": ""HomeTheater,TV&Video"", ""sub_cat2"": ""Televisions"", ""sub_cat3"": ""SmartTelevisions""}"
VU 139 cm (55 inches) The GloLED Series 4K Smart LED Google TV 55GloLED (Grey),"Electronics|HomeTheater,TV&Video|Televisions|SmartTelevisions",$456.17,$780.31,42%,"Resolution: 4K Ultra HD (3840x2160) | Refresh Rate: 60 hertz | 178 Degree wide viewing angle|Connectivity: 3 HDMI ports to connect set top box, Blue Ray players, gaming console | 2 USB ports to connect hard drives and other USB devices | 2.4/5GHz WiFi | HDMI CEC & eARC/ARC | Bluetooth 5.1|Sound : 104 Watt DJ Sound | Built-in Subwoofer | Dolby Atmos | Full range 4 Speaker | 1 Subwoofer | Surround Sound | Bass Boost|Smart TV Features : Google TV | Watchlist | Kids Mode | Google play store | Handsfree Mic | ActiVoice Remote Control | Hotkeys on Remote Control | Chromecast Built-In|Display : 4K Glo PanelI94% NTSC Color VolumeIDolby Vision IQIHDR10+IHLGIAI PQ EngineIDynamic Backlight ControlIAmbient Light SensorIMEMCIMotion EnhancementIDigital Noise ReductionIActive ContrastIAdvanced Cricket ModeICinema Mode IVRRIALLMIGame ModeIResolution 3840 x 2160|Warranty Information: 1-year warranty provided by the manufacturer from date of purchase|Installation/Wall mounting/Demo will be arranged by AHS Team. For any other information, please contact VU support (Please visit brand website for tollfree numbers) and provide product's model name as well as seller's details mentioned on the invoice|Easy Returns: This product is eligible for replacement within 10 days of delivery in case of any product defects, damage or features not matching the description",https://m.media-amazon.com/images/I/41pdZIhY+gL._SY300_SX300_.jpg,"{""main_cat"": ""Electronics"", ""sub_cat1"": ""HomeTheater,TV&Video"", ""sub_cat2"": ""Televisions"", ""sub_cat3"": ""SmartTelevisions""}"
"Croma 80 cm (32 Inches) HD Ready LED TV (CREL7369, Black) (2021 Model)","Electronics|HomeTheater,TV&Video|Televisions|StandardTelevisions",$88.72,$240.10,63%,"Resolution: HD Ready (1366 x 768p) | Refresh Rate: 60Hz|Connectivity: 2 HDMI Ports to connect set top box, Blu Ray players, gaming console | 2 USB Ports to connect hard drives and other USB devices | 1 VGA Slot to connect your Laptop/PC | 1 Headphone Jack | 2 AV Input Slot | 1 RF Slot|Sound: 20 Watts Output | Dual Speakers | In-Built Surround Sound|Display: A+ Grade Panel | 178 Degree Wide Viewing Angle | 1 Year Zero Dot Warranty | Blue Screen | Colour Temperature | Noise Reduction | Brightness: 280nits|Warranty: 1 Year Standard Manufacturer Warranty From Croma|Easy Returns: This Product Is Eligible For Replacement Within 10 Days Of Delivery In Case Of Any Product Defects, Damage Or Features Not Matching The Description Provided",https://m.media-amazon.com/images/I/41fruBt99gL._SX300_SY300_QL70_FMwebp_.jpg,"{""main_cat"": ""Electronics"", ""sub_cat1"": ""HomeTheater,TV&Video"", ""sub_cat2"": ""Televisions"", ""sub_cat3"": ""StandardTelevisions""}"
LG 80 cm (32 inches) HD Ready Smart LED TV 32LQ576BPSA (Ceramic Black),"Electronics|HomeTheater,TV&Video|Televisions|SmartTelevisions",$191.96,$288.00,33%,"Resolution: HD Ready (1366x768) | Refresh Rate: 60 hertz | Resolution Upscaler | 178 Degree wide viewing angle|Connectivity: 2 HDMI ports to connect set top box, Blu Ray players, gaming console | 1 USB ports to connect hard drives and other USB devices | 2-Way Bluetooth|Sound: 10 Watts Output | Dolby Digital Plus Sound Configuration | AI Sound | Virtual Surround 5.1 | Bluetooth Surround Ready | AI Acoustic Tuning|Smart TV Features: α5 Gen 5 AI Processor | Web OS Operating System | Wi-Fi | Magic Remote | Full Web Browser | Screen Share | Game Optimizer | Built-in Alexa | Google Assistant | AI Functions | Works with Apple AirPlay & Homekit | HDR 10 Pro | 8 GB Storage | Supported Apps: Prime Video, Netflix, Disney+ Hotstar, Sony Liv, Zee5, Apple TV and more|Display: LED Panel | HD Ready Digital Video Format | Slim & Stylish Design|Warranty Information: 1 Year LG India Comprehensive Warranty and additional 1 year Warranty is applicable on panel/module from the date of purchase|Installation : For requesting installation/wall mounting/demo of this product once delivered, please directly call LG support (Please visit LG Website for Toll Free Numebrs) and provide product's model name as well as seller's details mentioned on the invoice",https://m.media-amazon.com/images/W/WEBP_402378-T1/images/I/41WD+zBGibL._SY300_SX300_.jpg,"{""main_cat"": ""Electronics"", ""sub_cat1"": ""HomeTheater,TV&Video"", ""sub_cat2"": ""Televisions"", ""sub_cat3"": ""SmartTelevisions""}"
Cotbolt Silicone Protective Case Cover for LG an MR21GA Magic Remote Shockproof for LG Smart TV Remote 2021 Protective Skin Waterproof Anti Lost (Black) (Remote Not Included),"Electronics|HomeTheater,TV&Video|Accessories|RemoteControls",$4.79,$24.00,80%,"Silicone protective cover is specially designed for LG Smart TV magic remotes of LG AN-MR21GA / LG AN-MR21GC 【NOTE: REMOTE CONTROL NOT INCLUDED】|3 Meters Shockproof:Thicken layer silicone case protects against 3 meters highdrops accidental and adds grip to the remote. Adds more security for your LG AN-MR21GA Magic Remote remote from daily impact .|Protective Skin:Eco-friendly and durable silicone case material，effectively protects the skin of children, pregnant women and family members.|Full access to all buttons, ports and functions. Easy to install, just slide the LG AN-MR21GA / LG AN-MR21GC Remote into the case.",https://m.media-amazon.com/images/W/WEBP_402378-T2/images/I/41dNwzNOc3L._SX300_SY300_QL70_FMwebp_.jpg,"{""main_cat"": ""Electronics"", ""sub_cat1"": ""HomeTheater,TV&Video"", ""sub_cat2"": ""Accessories"", ""sub_cat3"": ""RemoteControls""}"
Electvision Remote Control Compatible with Amazon Fire tv Stick (Pairing Manual Will be Back Side Remote Control)(P),"Electronics|HomeTheater,TV&Video|Accessories|RemoteControls",$15.59,$24.00,35%,*Please match your previous remote before placing order. or for verification of remote contact our coustmer care 7738090464,https://m.media-amazon.com/images/I/31sBb-2L8KL._SX300_SY300_QL70_FMwebp_.jpg,"{""main_cat"": ""Electronics"", ""sub_cat1"": ""HomeTheater,TV&Video"", ""sub_cat2"": ""Accessories"", ""sub_cat3"": ""RemoteControls""}"
Remote Control Compatible for Amazon Fire Tv Stick Remote Control [ 3rd Gen ](Not Compatible for Fire TV Edition Smart TV) from basesailor,"Electronics|HomeTheater,TV&Video|Accessories|RemoteControls",$18.00,$48.01,63%,"Compatible with Fire TV Stick Lite, Compatible with Fire TV Stick (2nd Gen and later),Compatible with Fire TV Stick 4K,Compatible with Fire TV Cube (1st Gen and later), and Compatible with Amazon Fire TV (3rd Gen, Pendant Design).|Control your compatible TV, Compatible with soundbar, and receiver with dedicated power, volume, and mute buttons.|Not compatible with Fire TV Stick (1st Gen), or Fire TV Edition smart TVs.|Just press and ask Alexa to easily find, launch, and control content.|Get to your favorite content quickly with preset app buttons for Prime Video, Netflix and Amazon Music.",https://m.media-amazon.com/images/I/31-J+oOnb8L._SY300_SX300_.jpg,"{""main_cat"": ""Electronics"", ""sub_cat1"": ""HomeTheater,TV&Video"", ""sub_cat2"": ""Accessories"", ""sub_cat3"": ""RemoteControls""}"
VW 80 cm (32 inches) Playwall Frameless Series HD Ready Android Smart LED TV VW3251 (Black),"Electronics|HomeTheater,TV&Video|Televisions|SmartTelevisions",$102.03,$192.06,47%,"Resolution: HD Ready (1366 X 768) | Refresh Rate: 60 Hertz | Viewing Angle: 178 Degrees|Connectivity: HDMI Ports to connect Set-Top Box | Blu Ray players | Gaming Console | USB Ports to connect Hard Drives & other USB devices|Sound: 20 Watts Output | Power Audio | Music Equalizer|Smart TV Features: Built-in Wi-Fi | Screen Mirroring | M-Cast | Video Streaming | Multimedia Connectivity | PC Connectivity|Display: A+ Grade Panel | IPE Technology | True Colour | Frameless Design|Warranty Information : 1 year warranty provided by the manufacturer from date of purchase|Installation: For requesting installation/wall mounting/demo of this product once delivered, please directly call Visio World support on (Please visit brand website for tollfree numbers) and provide product's model name as well as seller's details mentioned on the invoice|Easy Returns: This product is eligible for replacement within 10 days of delivery in case of any product defects, damage or features not matching the description",https://m.media-amazon.com/images/I/41P2TNMG-hL._SY300_SX300_QL70_FMwebp_.jpg,"{""main_cat"": ""Electronics"", ""sub_cat1"": ""HomeTheater,TV&Video"", ""sub_cat2"": ""Televisions"", ""sub_cat3"": ""SmartTelevisions""}"
Hisense 108 cm (43 inches) 4K Ultra HD Smart Certified Android LED TV 43A6GE (Black),"Electronics|HomeTheater,TV&Video|Televisions|SmartTelevisions",$251.98,$540.10,53%,"Resolution: 4K Ultra HD (3840x2160) | Refresh Rate: 60 Hertz|Connectivity: 3 HDMI ports to connect set top box, gaming console etc | 2 USB ports to connect hard drives and other USB devices | Bluetooth | Chromecast Built-in | 5G Wi-Fi | Stylish Voice Remote|Sound : 24 Watts Output | Dolby Atmos | Multi Channel Surround Sound for best sound experience | Powerful Sound|Smart TV Features: Official Android TV 9.0 PIE | Built-in Assistant | RAM: 2GB | ROM 16 GB | Quad Core | Search| Netflix | Prime Video | Disney+ Hotstar etc on Official Play Store|Display: Dolby Vision HDR | Ultra Dimming | UHD AI Upscaler | HDR 10, HLG support | Near Bezel-Less, Ultra Slim Design|Warranty Information: 2 Year Comprehensive Warranty on product provided by Hisense from date of purchase.|Installation: For requesting installation/wall mounting/demo of this product once delivered, please directly call Hisense Support for assistance (Please visit Hisense Website for Toll Free Numbers) and provide product's model name and seller's details mentioned on your invoice. The service center will allot you a convenient slot for the service|Easy Returns: This product is eligible for replacement within 10 days of delivery in case of any product defects, damage or features not matching the description",https://m.media-amazon.com/images/I/51Pu9zNUbtL._SY300_SX300_QL70_FMwebp_.jpg,"{""main_cat"": ""Electronics"", ""sub_cat1"": ""HomeTheater,TV&Video"", ""sub_cat2"": ""Televisions"", ""sub_cat3"": ""SmartTelevisions""}"
Redmi 126 cm (50 inches) 4K Ultra HD Android Smart LED TV X50 | L50M6-RA (Black),"Electronics|HomeTheater,TV&Video|Televisions|SmartTelevisions",$396.15,$540.20,27%,"Resolution: 4K Ultra HD (3840 x 2160) | Refresh Rate: 60Hz | Viewing angle : 178 Degree|Connectivity: Dual-band Wi-Fi | Bluetooth 5.0 | 3 HDMI ports to connect latest gaming consoles, set top box, Blu-ray Players | 2 USB ports to connect hard drives and other USB devices | eARC - Dolby Atmos Passthrough eARC HDMI port | Optical Port|Sound: 30 Watts Output | Dolby Audio | DTS Virtual: X | Dolby Atmos pass through eARC | DTS-HD|Smart TV Features : Android TV 10 | PatchWall - Kids Mode with Parental Lock | Smart Curation | Universal search | Language Universe | India's Top 10 | Okay Google | Chromecast| Suporting Apps : Netflix, Prime Video, Disney+ Hotstar, 2.4GHz/5GHz Wi-Fi 802.11 a/b/g/n/ac (2x2 MIMO)|Display: 4K LED Panel | Dolby Vision | HDR10+ | HLG | Reality Flow | Vivid Picture Engine|Warranty Information: 1 year comprehensive warranty on product and 1 year additional on Panel provided by the brand from the date of purchase|Easy Returns: This product is eligible for replacement within 10 days of delivery in case of any product defects, damage or features not matching the description provided|Included components :1 led tv, 2 table stand base, 1 user manual, 1 remote control, 4 screws",https://m.media-amazon.com/images/I/41Om+JyC4iL._SX300_SY300_.jpg,"{""main_cat"": ""Electronics"", ""sub_cat1"": ""HomeTheater,TV&Video"", ""sub_cat2"": ""Televisions"", ""sub_cat3"": ""SmartTelevisions""}"
AmazonBasics 6-Feet DisplayPort (not USB port) to HDMI Cable Black,"Electronics|HomeTheater,TV&Video|Accessories|Cables|HDMICables",$9.59,$20.41,53%,"DisplayPort male to HDMI male cable allows you to connect a DisplayPort output to an HDMI input|Connect your TV, projector or monitor; Not compatible with a USB port|Allows both the video and audio signals to transmit over a single cable|1 year limited warranty",https://m.media-amazon.com/images/I/41F6ukNxcCL._SX300_SY300_QL70_FMwebp_.jpg,"{""main_cat"": ""Electronics"", ""sub_cat1"": ""HomeTheater,TV&Video"", ""sub_cat2"": ""Accessories"", ""sub_cat3"": ""Cables"", ""sub_cat4"": ""HDMICables""}"
AmazonBasics 3 Feet High Speed HDMI Male to Female 2.0 Extension Cable,"Electronics|HomeTheater,TV&Video|Accessories|Cables|HDMICables",$2.75,$7.14,62%,Supports full 1080p HD viewing with digital transfer at rates up to 102Gbps - for excellent picture quality|24k gold plated connectors with braided cable core to further enhance picture quality|1 year limited warranty,https://m.media-amazon.com/images/I/41Rg-JkRGgL._SY300_SX300_QL70_FMwebp_.jpg,"{""main_cat"": ""Electronics"", ""sub_cat1"": ""HomeTheater,TV&Video"", ""sub_cat2"": ""Accessories"", ""sub_cat3"": ""Cables"", ""sub_cat4"": ""HDMICables""}"
iFFALCON 80 cm (32 inches) HD Ready Smart LED TV 32F53 (Black),"Electronics|HomeTheater,TV&Video|Televisions|SmartTelevisions",$120.04,$336.01,64%,"Resolution: HD Ready (1366 x 768) | Refresh Rate: 60 hertz|Connectivity: 2 HDMI Ports to connect set top box | 1 USB ports to connect hard drives or other USB devices | IR Port to control connected devices like DVD / STB Players|Sound: 16 Watts Output | Powerful Speakers with Dolby Audio|Smart TV Features : Android R 11 |1 GB RAM | 8 GB ROM | Packed with amazing smart features such as Google Voice Search, Google App Store and Built-in Chromecast. Google Play Store, YouTube, Google cast, Netflix.|Display: A+ Grade Panel | 178 Degree Wide Viewing Angle | HDR|Warranty Information: 1 Year warranty provided by the manufacturer from date of purchase|Installation: For Installation, Wall Mounting, Demo Of This Product Once Delivered,The wall mount is not included in the box and will be chargeable. Directly Contact_Us And Provide Product's Model Name And Seller's Details Mentioned On Your Invoice. The Service Center Will Allot You A Convenient Slot For The Service",https://m.media-amazon.com/images/I/51O93lUTxtL._SY300_SX300_QL70_FMwebp_.jpg,"{""main_cat"": ""Electronics"", ""sub_cat1"": ""HomeTheater,TV&Video"", ""sub_cat2"": ""Televisions"", ""sub_cat3"": ""SmartTelevisions""}"
7SEVEN® Compatible Lg Smart Tv Remote Suitable for Any LG LED OLED LCD UHD Plasma Android Television and AKB75095303 replacement of Original Lg Tv Remote Control,"Electronics|HomeTheater,TV&Video|Accessories|RemoteControls",$4.19,$7.19,42%,"Best Compatible Remote Control for LG television Models are AKB75095304 AKB75095305 AKB75095306 AKB75095307 AKB75095308|Hot Keys: NETFLIX, AMAZON Prime Video, 3D, Movies, Record, Live TV|This is a manufacturer substitution. Part may differ in appearance but is a functional equivalent to Original Part .Imported Generic Product. Best Substitute for your Original remote. Before Use Please Use New AAA Alkaline Battery|It's Universal Remote Control for all models of LG Television|All Products are checked by Testing machine Before Shipment.",https://m.media-amazon.com/images/I/31Bfu6liMWL._SX300_SY300_QL70_FMwebp_.jpg,"{""main_cat"": ""Electronics"", ""sub_cat1"": ""HomeTheater,TV&Video"", ""sub_cat2"": ""Accessories"", ""sub_cat3"": ""RemoteControls""}"
"AmazonBasics 3.5mm to 2-Male RCA Adapter Cable For Tablet, Smartphone (Black, 15 feet)","Electronics|HomeTheater,TV&Video|Accessories|Cables|RCACables",$5.87,$14.41,59%,"Adapter cable connects a smartphone, tablet, or MP3 player to a speaker, stereo receiver, or other RCA-enabled device|3.5mm Male connector on one end and two Male RCA connectors on the other end|Works with left and right audio input and devices with a standard 3.5mm auxiliary jack (typically used for headphones or ear buds)|Dual-shielding, polished metal connectors and a corrosion-resistant gold-plated 3.5mm connector for pure, clear audio and minimal signal loss|Beveled step-down design ensures a secure, fully plugged-in connection; PVC exterior offers added strength and flexibility;",https://m.media-amazon.com/images/I/513rqzxlDpL._SX300_SY300_QL70_FMwebp_.jpg,"{""main_cat"": ""Electronics"", ""sub_cat1"": ""HomeTheater,TV&Video"", ""sub_cat2"": ""Accessories"", ""sub_cat3"": ""Cables"", ""sub_cat4"": ""RCACables""}"
Acer 109 cm (43 inches) I Series 4K Ultra HD Android Smart LED TV AR43AR2851UDFL (Black),"Electronics|HomeTheater,TV&Video|Televisions|SmartTelevisions",$288.10,$420.05,31%,"Resolution : 4K Ultra HD (3840x2160) | Refresh Rate : 60 Hertz | 178 Degree wide viewing angle|Connectivity: Dual band Wifi | 2 way Bluetooth | HDMI ports 2.1 x 3 (HDMI 1 supports eARC) to connect personal computer, laptop, set top box, Blu-ray speakers or a gaming console | USB ports 2.0 x 1, 3.0 x 1 to connect hard drives or other USB device|Sound: 30 Watts Output | High Fidelity Speakers with Dolby Audio | 5 Sound Modes - Movie, Music, Standard, News, Sports|Smart Tv Features: Google certified Android TV 11 | Google Assistant | Chromecast built-in | Voice controlled Smart Remote | Hotkeys for Quick Access - Netflix, Prime Video, YouTube, Disney+Hotstar | 5 Picture Mode | 2GB RAM | 16GB Storage | 64bit Quad Core Processor|Display : 1.07 Billion colours | MEMC | Wide Colour Gamut+ | Intelligent Frame Stabilization Engine | Dynamic Signal Calibration | HDR10+ with HLG | UHD Upscaling | Super Brightness | Micro Dimming | Blue Light Reduction | 178 degree Wide viewing angle|Warranty Information: 2 years comprehensive warranty provided by the manufacturer from date of purchase|Installation: Installation/Wall mounting/demo will be arranged by AHS Team. For any other information, please contact Amazon customer support | Wall Mount is not included in the box and will be charged at the time of installation|Easy Returns: This product is eligible for replacement within 10 days of delivery in case of any product defects, damage or features not matching the description",https://m.media-amazon.com/images/W/WEBP_402378-T1/images/I/417QOjrqyBL._SY300_SX300_QL70_FMwebp_.jpg,"{""main_cat"": ""Electronics"", ""sub_cat1"": ""HomeTheater,TV&Video"", ""sub_cat2"": ""Televisions"", ""sub_cat3"": ""SmartTelevisions""}"
"Saifsmart Outlet Wall Mount Hanger Holder for Dot 3rd Gen, Compact Bracket Case Plug and Built-in Cable Management for Kitchen Bathroom, Bedroom (Black)",Electronics|HomeAudio|Accessories|SpeakerAccessories|Mounts,$4.19,$15.59,73%,Hand Free,https://m.media-amazon.com/images/W/WEBP_402378-T2/images/I/41-AORr2udL._SX300_SY300_QL70_FMwebp_.jpg,"{""main_cat"": ""Electronics"", ""sub_cat1"": ""HomeAudio"", ""sub_cat2"": ""Accessories"", ""sub_cat3"": ""SpeakerAccessories"", ""sub_cat4"": ""Mounts""}"
LG 108 cm (43 inches) 4K Ultra HD Smart LED TV 43UQ7500PSF (Ceramic Black),"Electronics|HomeTheater,TV&Video|Televisions|SmartTelevisions",$372.03,$600.12,38%,"Resolution: 4K Ultra HD (3840x2160) | Refresh Rate: 60 hertz|Connectivity: Wi-Fi (Built-in) | 3 HDMI ports to connect set top box, Blu Ray players, gaming console | 1 USB ports to connect hard drives and other USB devices | eARC | Bluetooth 5.0 | Optical | Ethernet|Sound: 20 Watts Output | 2.0 Ch Speaker | AI Sound (Virtual Surround 5.1 up-mix) | Auto Volume Levelling | Bluetooth Surround Ready|Smart TV Features: AI ThinQ & WebOS 22 with User Profiles | Game Optimizer & Dashboard | α5 Gen5 AI Processor 4K | Unlimited OTT App Support: Netflix, Prime Video, Disney+ Hotstar, Apple TV, SonyLIV, Discovery+, Zee5 | ALLM & HGiG Mode | HDR 10 Pro & Active HDR|Display: 4K Ultra HD LED Display | 4K Upscaler | AI Brightness Control|Warranty Information: 1 Year LG India Comprehensive Warranty and additional 1 year Warranty is applicable on panel/module from the date of purchase|Installation : For requesting installation/wall mounting/demo of this product once delivered, please directly call LG support (Please visit LG Website for Toll Free Numebrs) and provide product's model name as well as seller's details mentioned on the invoice",https://m.media-amazon.com/images/W/WEBP_402378-T1/images/I/51dOjIreG4L._SX300_SY300_QL70_FMwebp_.jpg,"{""main_cat"": ""Electronics"", ""sub_cat1"": ""HomeTheater,TV&Video"", ""sub_cat2"": ""Televisions"", ""sub_cat3"": ""SmartTelevisions""}"
"10k 8k 4k HDMI Cable, Certified 48Gbps 1ms Ultra High Speed HDMI 2.1 Cable 4k 120Hz 144Hz 2k 165Hz 8k 60Hz Dynamic HDR ARC eARC DTS:X Compatible for Mac Gaming PC Soundbar TV Monitor Laptop PS5 4 Xbox","Electronics|HomeTheater,TV&Video|Accessories|Cables|HDMICables",$11.99,$28.80,58%,"Certified HDMI Cable: The package has an official HDMI certification label. HDMI Officially Certified Fully compliant with the HDMI Forum’s strict requirements as specified in HDMI.|It supports the latest features: 1ms, low EMI, SBTM, 48Gbps Bandwidth, ALLM, VRR, QMS, QFT, Dynamic HDR, HDR10, CEC, HDCP 2.2 & 2.3, VESA DSC 1.2a.|Resolution & Deep Color: 10k@60Hz 12-bit, 8K@60Hz 12-bit, 5k@120Hz 90Hz 12-bit, 4K@120Hz 144Hz 12-bit, 2k@240H 165Hz,1080p@240Hz, 720p, 480p.|Digital Audio Video Format Support: The latest high-bitrate audio formats are supported including eARC, ARC, DTS Master, DTS:X, Dol-by TrueHD, Dol-by Vision, Dol-by Atmos and more.|Wide Compatibility: Gaming PC, FreeSync, G-SYNC, All GeForce RTX 30 series, Soundbar, PS5 4, Xbox Series X, Xbox Series S, All Apple TV+, All OLED TV, 2021 Macbook Pro, laptop, Projector, Monitor, Fire TV, SHIELD TV.",https://m.media-amazon.com/images/W/WEBP_402378-T1/images/I/41+AJMzMo7L._SX342_SY445_.jpg,"{""main_cat"": ""Electronics"", ""sub_cat1"": ""HomeTheater,TV&Video"", ""sub_cat2"": ""Accessories"", ""sub_cat3"": ""Cables"", ""sub_cat4"": ""HDMICables""}"
LRIPL Compatible Sony Bravia LCD/led Remote Works with Almost All Sony led/LCD tv's,"Electronics|HomeTheater,TV&Video|Accessories|RemoteControls",$4.79,$4.79,0%,Before Order Please Match Your Remote With Image Shown|Compatible Sony Bravia LED/LCD Remote|Easy to use|Soft Rubber Keypad|Best Quality Plastic Body,https://m.media-amazon.com/images/W/WEBP_402378-T1/images/I/41hpz9rFbZL._SX300_SY300_QL70_FMwebp_.jpg,"{""main_cat"": ""Electronics"", ""sub_cat1"": ""HomeTheater,TV&Video"", ""sub_cat2"": ""Accessories"", ""sub_cat3"": ""RemoteControls""}"
"LRIPL Mi Remote Control with Netflix & Prime Video Button Compatible for Mi 4X LED Android Smart TV 4A Remote Control (32""/43"") with Voice Command (Pairing Required)","Electronics|HomeTheater,TV&Video|Accessories|RemoteControls",$7.86,$13.19,40%,"This Voice Command Compatible Remote is for Mi LED Smart TV 4A (32""/43"") Remote Control with NetFlix and YouTube Feature.|!!Before you complete your purchase, Please make sure your old remote image matches with this remote in terms of buttons and features!! IF Your old Remote is not Voice Control, This remote will be not work.|Soft key, lightweight design, Superior Quality remote for your Mi Smart Android TV 4A . Perfectly replaces your damage or old one and covers all the functions of the original remote.|Best Quality Replacement Remote Control for Mi Smart TV with Bluetooth Voice Command. Pairing Required with TV.|Long Range & Better Response.Remotes are checked by Testing Machine Before Shipment. Please use new Alkaline Batteries.(Not Included)",https://m.media-amazon.com/images/I/21yP58lKDoL._SX300_SY300_QL70_FMwebp_.jpg,"{""main_cat"": ""Electronics"", ""sub_cat1"": ""HomeTheater,TV&Video"", ""sub_cat2"": ""Accessories"", ""sub_cat3"": ""RemoteControls""}"
Kodak 80 cm (32 inches) HD Ready Certified Android LED TV 32HDX7XPRO (Black),"Electronics|HomeTheater,TV&Video|Televisions|SmartTelevisions",$120.04,$156.05,23%,"Resolution: HD Ready (1366 x 768) | Refresh Rate: 60 hertz|Connectivity: 3 HDMI ports to connect set top box, Blu Ray players, gaming console | 2 USB ports to connect hard drives and other USB devices|Sound output: 24 Watts Output|Smart TV Features: Android TV | Voice Search | Google Play | Chromecast | Prime Video|Display : A+ Grade Panel | Superior Sleek | Slim and stylish design|Warranty Information: 1 year standard manufacturer warranty by Kodak from the date of Purchase|Easy returns: This product is eligible for replacement within 10 days of delivery in case of any product defects, damage or features not matching the description provided|Country of Origin: India",https://m.media-amazon.com/images/I/41ZptRPWCPL._SY300_SX300_QL70_FMwebp_.jpg,"{""main_cat"": ""Electronics"", ""sub_cat1"": ""HomeTheater,TV&Video"", ""sub_cat2"": ""Televisions"", ""sub_cat3"": ""SmartTelevisions""}"
Airtel DigitalTV DTH Remote SD/HD/HD Recording Compatible for Television (Shining Black ),"Electronics|HomeTheater,TV&Video|Accessories|RemoteControls",$2.34,$5.99,61%,Compatible with SD and HD Recording,https://m.media-amazon.com/images/W/WEBP_402378-T2/images/I/41R3n7+taUL._SY300_SX300_.jpg,"{""main_cat"": ""Electronics"", ""sub_cat1"": ""HomeTheater,TV&Video"", ""sub_cat2"": ""Accessories"", ""sub_cat3"": ""RemoteControls""}"
"BlueRigger Digital Optical Audio Toslink Cable (3.3 Feet / 1 Meter) With 8 Channel (7.1) Audio Support (for Home Theatre, Xbox, Playstation etc.)","Electronics|HomeTheater,TV&Video|Accessories|Cables|OpticalCables",$4.99,$7.19,31%,"Enables easy installation of audio components to your audio or home theater system|Digital optical cable constructed with durable black PVC outer layer and corrosion-resistant gold-plated connectors for optimal signal transfer|Precision-polished optical connectors allow maximum signal transfer accuracy. Specially optimized optical fiber for higher fidelity|Compatible with S/PDIF, ADAT's, Dolby Digital, & DTS",https://m.media-amazon.com/images/I/41CF6GtnpKL._SX300_SY300_QL70_FMwebp_.jpg,"{""main_cat"": ""Electronics"", ""sub_cat1"": ""HomeTheater,TV&Video"", ""sub_cat2"": ""Accessories"", ""sub_cat3"": ""Cables"", ""sub_cat4"": ""OpticalCables""}"
VU 138 cm (55 inches) Premium Series 4K Ultra HD Smart IPS LED TV 55UT (Black),"Electronics|HomeTheater,TV&Video|Televisions|SmartTelevisions",$360.02,$780.31,54%,"Resolution: 4K (3840x2160) | Refresh Rate: 60 hertz | 178 Degree wide viewing angle|Connectivity: 3 HDMI ports to connect set top box, Blue Ray players | 2 USB ports to connect hard drives and other USB devices | 2.4/5GHz WiFi | HDMI CEC & ARC | 2-Way Bluetooth 5.0|Sound : 40-Watt Speakers | 2 Master + 2 Tweeter Speakers | Dolby Audio Sound Enhancement | Ultra Surround | Clear Voice III|Smart TV Features : webOS | Content Store | Magic Remote Control | ThinQ AI Voice Assistant | Alexa Built-in | Wireless Casting | Licensed Apps-Netflix, Prime Video Hotkeys on Remote|Display : IPS Panel | 4K HDR | 400nits Brightness | HDR10 | HLG | Auto Low Latency Mode (ALLM) | Game Mode | TruMotion | MEMC | Cricket Mode | Panoramic Viewing|Warranty Information: 1 year warranty provided by the manufacturer from date of purchase|Installation/Wall mounting/Demo will be arranged by AHS Team. For any other information, please contact VU support (Please visit brand website for tollfree numbers) and provide product's model name as well as seller's details mentioned on the invoice|Easy Returns: This product is eligible for replacement within 10 days of delivery in case of any product defects, damage or features not matching the description",https://m.media-amazon.com/images/I/41HhmJpfjNL._SX300_SY300_QL70_FMwebp_.jpg,"{""main_cat"": ""Electronics"", ""sub_cat1"": ""HomeTheater,TV&Video"", ""sub_cat2"": ""Televisions"", ""sub_cat3"": ""SmartTelevisions""}"
Samsung 80 cm (32 inches) Wondertainment Series HD Ready LED Smart TV UA32TE40AAKBXL (Titan Gray),"Electronics|HomeTheater,TV&Video|Televisions|SmartTelevisions",$185.95,$250.90,26%,"Resolution: HD Ready (1366x768) | Refresh Rate: 60 hertz|Connectivity: 2 HDMI ports to connect set top box, Blu Ray players, gaming console | 1 USB ports to connect hard drives and other USB devices|Sound : 20 Watts Output | Dolby Digital Plus|Smart TV Features : Voice Assistants | SmartThings App | Personal Computer | Home Cloud | Live Cast | Screen Share | Music System |Alexa Built-in: Voice control your TV and your day. Just ask Alexa to search for movies, play music, control smart home devices, get sports updates and more|Display : LED Panel | Mega Contrast | PurColor | HD Picture Quality | Slim & Stylish Design|Warranty Information: 1 year comprehensive warranty plus additional 1 years on panel by brand from date of invoice|Installation: TV Table stand is not included in the box with this model. customer may ask for Table Top Stand or Wall Mount which will be provided to the customer at the time of installation, please directly call Samsung support on [1800407267864 / 180057267864] and provide product's model name as well as seller's details mentioned on the invoice|Easy returns: This product is eligible for replacement within 10 days of delivery in case of any product defects, damage or features not matching the description provided",https://m.media-amazon.com/images/W/WEBP_402378-T1/images/I/41+b6inZEkL._SX300_SY300_.jpg,"{""main_cat"": ""Electronics"", ""sub_cat1"": ""HomeTheater,TV&Video"", ""sub_cat2"": ""Televisions"", ""sub_cat3"": ""SmartTelevisions""}"
7SEVEN® Compatible for Tata Sky Remote Original Set Top HD Box and Suitable for SD Tata Play setup Box Remote Control,"Electronics|HomeTheater,TV&Video|Accessories|RemoteControls",$4.79,$9.59,50%,"[Compatible] All model of dth SD / HD / HD+ Plus / 4K DTH Set Top Box.|[Plug & Play] This is a Universal dth Remote - Also Works with All LED LCD TV (Pairing Required in some models)|[Important] This remote doesn't have feature of recording key and respectively won't support for recording function|[Suggestion] For best performance, please insert new batteries before using (Batteries Not Included)|[Caution] This is an Imported Generic Product & Not Original Remote By TataSky.",https://m.media-amazon.com/images/W/WEBP_402378-T2/images/I/31IS376AeYL._SX300_SY300_QL70_FMwebp_.jpg,"{""main_cat"": ""Electronics"", ""sub_cat1"": ""HomeTheater,TV&Video"", ""sub_cat2"": ""Accessories"", ""sub_cat3"": ""RemoteControls""}"
"EGate i9 Pro-Max 1080p Native Full HD Projector 4k Support | 3600 L (330 ANSI ) | 150"" (381 cm) Large Screen | VGA, AV, HDMI, SD Card, USB, Audio Out | (E03i31 / E04i32) Black","Electronics|HomeTheater,TV&Video|Projectors",$113.93,$191.96,41%,"Display :BIGGER & BETTER - LED, HD Ready (1080p) | (1280 x 720) Native Resolution | 1500 : 1 High Contrast Ratio | 3.81 m (150 inch) Large Screen Display|Lumens: BRIGHTER - 3300 Lumen | 330 ANSI Lumen | LED- Life Long Lamp + 30000 Hours Life |16:9 Aspect Ratio. Power Consumption : 50 - 150 W|Connectivity : 2 x HDMI | USB | VGA | AV | SD Card Slot | Audio Out | Sound : In-Built Speaker (Stereo) | 3W Speaker|Connect - TV (Set Top Box), Fire TV Stick, PC/ Laptop, DVD, Play Station etc.|Warranty Information : 1 year warranty provided by the manufacturer from date of purchase",https://m.media-amazon.com/images/W/WEBP_402378-T1/images/I/51DhRNtyo0L._SX300_SY300_QL70_FMwebp_.jpg,"{""main_cat"": ""Electronics"", ""sub_cat1"": ""HomeTheater,TV&Video"", ""sub_cat2"": ""Projectors""}"
"ZEBRONICS HAA2021 HDMI version 2.1 cable with 8K @ 60Hz, 4K @ 120Hz, eARC & CEC support, 3D compatible, 2 meters length, 48Gbps max and Gold-plated connectors","Electronics|HomeTheater,TV&Video|Accessories|Cables|HDMICables",$7.65,$18.00,58%,"Superior quality HDMI (Male - Male) cable with 2-meter length and gold plated connectors for durable and rust-free usage|Supporting 8K video resolution with 60Hz refresh rate and 4K video resolution with 120Hz refresh rate.|Latest HDMI version 2.1 with 48Gbps data transfer rate support for the most efficient & lossless data transfer.|Suitable for various input devices such as Smart TV, Computers, Laptops, PlayStation, Gaming console, HD TV boxes, etc|Compatible with Soundbars, Speakers, Audio systems, etc., with the HDMI eARC & HDMI ARC connectivity. Suitable for all Zebronics soundbars with and without Dolby Audio / Dolby Atmos.|eARC - Enhanced Audio return channel support for the most Efficient data transfer with the connected Soundbars and Audio systems to your Smart TV. DOLBY ATMOS and DOLBY AUDIO support with lossless transmission.|CEC extension support for controlling other compatible HDMI devices connected to the source / master device.",https://m.media-amazon.com/images/W/WEBP_402378-T2/images/I/31fpyR3mU4L._SX300_SY300_QL70_FMwebp_.jpg,"{""main_cat"": ""Electronics"", ""sub_cat1"": ""HomeTheater,TV&Video"", ""sub_cat2"": ""Accessories"", ""sub_cat3"": ""Cables"", ""sub_cat4"": ""HDMICables""}"
7SEVEN® Compatible for Sony Bravia LCD LED UHD OLED QLED 4K Ultra HD TV remote control with YouTube and NETFLIX Hotkeys. Universal Replacement for Original Sony Smart Android tv Remote Control,"Electronics|HomeTheater,TV&Video|Accessories|RemoteControls",$4.79,$10.79,56%,"1. Remote control suitable for sony tv LCD/ LED/ UHD TV smart controller with Youtube netflix button RMT-TX300E rmf-tx100e RMT-TX202P RMT-TX300P MT-TX300E RMT-TX300P compatible Remote for Sony TV KD-55X7000F KD-43X7000F KD-49X7000F KDL-43W660F KD-65X7000F KD-43X7000E KD-49X7000E KD-55X7000E KD-65X7000E KDL-40W660E KDL-49W660E|2. No programming required ! Just load new AAA batteries in and will works very well ! Please Match The Image With Your Existing Remote Before Placing the Order .All Products are checked by Testing machine Before Shipment. Imported Generic Product .Durable Quality, Rigid Body, and Efficient Performance increases Device life|3. Long Distance range, can be operated from any corner of the room. Ultra-wide angle . No exact pointing needed. Premium technology.|4. Durable Quality, Rigid Body, Efficient Performance increases Device life. Best Quality Plastic Body and Soft Rubber Keypad.|5. This is a manufacturer substitution. Part may differ in appearance but is a functional equivalent to Original Part .Imported Generic Product. Best Substitute for your Original remote.",https://m.media-amazon.com/images/I/31yHKPd+rsL._SY300_SX300_.jpg,"{""main_cat"": ""Electronics"", ""sub_cat1"": ""HomeTheater,TV&Video"", ""sub_cat2"": ""Accessories"", ""sub_cat3"": ""RemoteControls""}"
AmazonBasics Digital Optical Coax to Analog RCA Audio Converter Adapter with Fiber Cable,"Electronics|HomeTheater,TV&Video|Accessories|Cables|OpticalCables",$13.07,$19.21,32%,"Audio converter box that connects coaxial or toslink digital devices to analog RCA sources|Compatible with CD/DVD/Blu-ray players, computers, A/V receivers, digital TVs, and gaming devices, and more|Supports sampling rate at 32, 44.1, 48 and 96KHz; 24-bit S/PDIF incoming bit stream on left and right channels|Provides crystal clear electromagnetic noise-free transmission|Small, compact design that doesn’t take up too much space behind your entertainment center or desk; simple to install|Includes quality fiber cable and external micro USB power supply",https://m.media-amazon.com/images/W/WEBP_402378-T1/images/I/41OrFRgZhYL._SX300_SY300_QL70_FMwebp_.jpg,"{""main_cat"": ""Electronics"", ""sub_cat1"": ""HomeTheater,TV&Video"", ""sub_cat2"": ""Accessories"", ""sub_cat3"": ""Cables"", ""sub_cat4"": ""OpticalCables""}"
LOHAYA Television Remote Compatible with Samsung Smart LED/LCD/HD TV Remote Control [ Compatible for All Samsung Tv Remote Control ],"Electronics|HomeTheater,TV&Video|Accessories|RemoteControls",$3.59,$14.39,75%,Compatible Device For Samsung Smart LED/LCD/HD TV Remote Control|Compatible Models :- bn59-01301a bn59-00960a bn59-01175m aa59-00772a bn59-01259e bn59-01266abn59-01303a aa59 00403e aa59-00741a aa5900602a nu7100 m5570 bn59-01259b bn59-01198w bn59 aa59-00802a bn59-01253a bn59-01199n bn59-01274a aa59-00607a|Remotes are checked by Testing Machine Before Shipment|Imported Generic Product Not by Samsung|Please Match the Image with Your Existing Remote Before Placing the Order,https://m.media-amazon.com/images/I/31vPhcWqqWL._SX300_SY300_QL70_FMwebp_.jpg,"{""main_cat"": ""Electronics"", ""sub_cat1"": ""HomeTheater,TV&Video"", ""sub_cat2"": ""Accessories"", ""sub_cat3"": ""RemoteControls""}"
Electvision Remote Control Compatible with Kodak/Thomson Smart led tv (Without Voice) Before Placing Order for verification Contact Our coustmer Care 7738090464,"Electronics|HomeTheater,TV&Video|Accessories|RemoteControls",$4.07,$24.00,83%,*Please match your previous remote before placing order. or for verification of remote contact our coustmer care 7738090464|. * Its Electvision compatible remote for kodak LED.,https://m.media-amazon.com/images/W/WEBP_402378-T2/images/I/311wFoZMekL._SX300_SY300_QL70_FMwebp_.jpg,"{""main_cat"": ""Electronics"", ""sub_cat1"": ""HomeTheater,TV&Video"", ""sub_cat2"": ""Accessories"", ""sub_cat3"": ""RemoteControls""}"
Acer 80 cm (32 inches) S Series HD Ready Android Smart LED TV AR32AR2841HDSB (Black),"Electronics|HomeTheater,TV&Video|Televisions|SmartTelevisions",$150.05,$275.99,46%,"Resolution : HD Ready (1366 x 768) | Refresh Rate : 60 Hertz | 178 Degree wide viewing angle|Connectivity: 2 HDMI ports to connect latest gaming consoles, set top box, Blu-ray Players | 2 USB ports to connect hard drives and other USB devices | Bluetooth 5.0 | SPDIF | Ethernet | Headphone out|Sound: 40Watts Soundbar | Dolby Audio|Smart TV Features: Certified Android TV 11 | Google Assistant | Chromecast built-in | Voice controlled Smart Remote | Hotkeys for Quick Access - Netflix, Prime Video, YouTube, Disney+Hotstar | 5 Picture Mode | 1.5GB RAM | 8GB Storage | 64bit Quad Core Processor|Display: High Definition | HDR10+ | HLG | Intelligent Frame Stabilization Engine | Dynamic Signal Calibration | 16.7 Million Colours | WCG | Super Brightness | Micro Dimming | Blue Light Reduction | 178 Degree Wide Viewing Angle|Warranty Information: 1 years comprehensive warranty provided by the manufacturer from date of purchase|Installation: Installation/Wall mounting/demo will be arranged by AHS Team. For any other information, please contact Amazon customer support.|Easy Returns: This product is eligible for replacement within 10 days of delivery in case of any product defects, damage or features not matching the description",https://m.media-amazon.com/images/I/51sUInS8MiL._SY300_SX300_QL70_FMwebp_.jpg,"{""main_cat"": ""Electronics"", ""sub_cat1"": ""HomeTheater,TV&Video"", ""sub_cat2"": ""Televisions"", ""sub_cat3"": ""SmartTelevisions""}"
Acer 139 cm (55 inches) I Series 4K Ultra HD Android Smart LED TV AR55AR2851UDFL (Black),"Electronics|HomeTheater,TV&Video|Televisions|SmartTelevisions",$396.15,$576.11,31%,"Resolution : 4K Ultra HD (3840x2160) | Refresh Rate : 60 Hertz | 178 Degree wide viewing angle|Connectivity: Dual band Wifi | 2 way Bluetooth | HDMI ports 2.1 x 3 (HDMI 1 supports eARC) to connect personal computer, laptop, set top box, Blu-ray speakers or a gaming console | USB ports 2.0 x 1, 3.0 x 1 to connect hard drives or other USB device|Sound: 30 Watts Output | High Fidelity Speakers with Dolby Audio | 5 Sound Modes - Movie, Music, Standard, News, Sports|Smart Tv Features: Google certified Android TV 11 | Google Assistant | Chromecast built-in | Voice controlled Smart Remote | Hotkeys for Quick Access - Netflix, Prime Video, YouTube, Disney+Hotstar | 5 Picture Mode | 2GB RAM | 16GB Storage | 64bit Quad Core Processor|Display : 1.07 Billion colours | MEMC | Wide Colour Gamut+ | Intelligent Frame Stabilization Engine | Dynamic Signal Calibration | HDR10+ with HLG | UHD Upscaling | Super Brightness | Micro Dimming | Blue Light Reduction | 178 degree Wide viewing angle|Warranty Information: 2 years comprehensive warranty provided by the manufacturer from date of purchase|Installation: Installation/Wall mounting/demo will be arranged by AHS Team. For any other information, please contact Amazon customer support | Wall Mount is not included in the box and will be charged at the time of installation|Easy Returns: This product is eligible for replacement within 10 days of delivery in case of any product defects, damage or features not matching the description",https://m.media-amazon.com/images/W/WEBP_402378-T2/images/I/41ECCMs7tjL._SY300_SX300_QL70_FMwebp_.jpg,"{""main_cat"": ""Electronics"", ""sub_cat1"": ""HomeTheater,TV&Video"", ""sub_cat2"": ""Televisions"", ""sub_cat3"": ""SmartTelevisions""}"
7SEVEN® Bluetooth Voice Command Remote for Xiaomi Redmi Mi Smart TV with Netflix & Prime Video Hot Keys XMRM-00A,"Electronics|HomeTheater,TV&Video|Accessories|RemoteControls",$9.59,$24.00,60%,"Compatible with MI Smart TV 4A 32 inch Led TV /Mi 4A 43 inch led TV | Mi LED Smart TV 4A (32 inch/43 inch) Mi Smart LED TV. Note: This remote not suitable for non smart or non android mi tv.|100% Best Quality Replacement Remote Control for Mi Smart TV with Bluetooth Voice Command.|Equipped with various buttons and controls, this remote lets you adjust settings of your Mi Smart Android TV 4A easily with the comfort of your sofa or bed. The remote has a compact and lightweight design that makes it easy to manage and use for longer period of time. All Products are checked by Electronic Testing machine Before Shipping. Before starting to use, please insert new set of batteries (Not included in this package)|This is an Imported Generic Product & Not Original Mi Remote.|For Pairing to LED TV, Please use new Alkaline Batteries.(Not Included Battery)",https://m.media-amazon.com/images/W/WEBP_402378-T2/images/I/21Nw+BXh1kS._SY300_SX300_.jpg,"{""main_cat"": ""Electronics"", ""sub_cat1"": ""HomeTheater,TV&Video"", ""sub_cat2"": ""Accessories"", ""sub_cat3"": ""RemoteControls""}"
Sony TV - Remote Compatible for Sony LED Remote Control Works with Sony LED TV by Trend Trail Speed tech & Remote hi Remote & REO India only,"Electronics|HomeTheater,TV&Video|Accessories|RemoteControls",$2.46,$5.99,59%,Soft & Durable Keypad Durable Quality|Rigid Body|Efficient Performance Remotes are Quality Tested Before Shipment Suitable with Sony LED/LCD Tv without Smart Functions|2 AAA batteries Required,https://m.media-amazon.com/images/I/319bv0gNOeL._SX300_SY300_QL70_FMwebp_.jpg,"{""main_cat"": ""Electronics"", ""sub_cat1"": ""HomeTheater,TV&Video"", ""sub_cat2"": ""Accessories"", ""sub_cat3"": ""RemoteControls""}"
Karbonn 80 cm (32 inches) Millenium Bezel-Less Series HD Ready Smart LED TV KJW32SKHD (Phantom Black),"Electronics|HomeTheater,TV&Video|Televisions|SmartTelevisions",$107.92,$227.97,53%,"Resolution: HD Ready (1366x768) | Reresh Rate : 60 hertz | 16:09 Display Scale|Connectivity: 2 HDMI Ports to connect set-top box, Blu Ray players and gaming console | 2 USB Ports to connect hard drives and other USB devices | 2 AV Input ports | RF Port | RJ45 | Wi-Fi|Smart TV Features: Android 9.0 (GOS) | In-built Apps Store | Screen Sharing | Remote with Hotkeys | Movie Box | Performance: Quad-Core A53 1.5GHz Processor | RAM 1GB | ROM 8GB|Sound: 20W Audio Output|Display: HD Ready Crystal Clear Display | Bezel-less Design | Dynamic Contrast | High Brightness | Vivid Colour Engine|Warranty Information: 1 year warranty provided by the manufacturer from date of purchase|Installation: Customer needs to call the Customer care for this product once delivered. Contact brand for assistance @ (Please visit brand website for tollfree numbers) and provide product's model name and seller's details mentioned on your invoice. The service center will allot you a convenient slot for the service|Easy returns: This product is eligible for replacement within 10 days of delivery in case of any product defects, damage or features not matching the description provided",https://m.media-amazon.com/images/W/WEBP_402378-T1/images/I/41Q5zqyjWPL._SY300_SX300_QL70_FMwebp_.jpg,"{""main_cat"": ""Electronics"", ""sub_cat1"": ""HomeTheater,TV&Video"", ""sub_cat2"": ""Televisions"", ""sub_cat3"": ""SmartTelevisions""}"
"BlueRigger Digital Optical Audio Toslink Cable (6 Feet / 1.8 Meter) With 8 Channel (7.1) Audio Support (for Home Theatre, Xbox, Playstation etc.)","Electronics|HomeTheater,TV&Video|Accessories|Cables|OpticalCables",$5.83,$24.00,76%,"Enables easy installation of audio components to your audio or home theater system|Digital optical cable constructed with durable black PVC outer layer and corrosion-resistant gold-plated connectors for optimal signal transfer|Precision-polished optical connectors allow maximum signal transfer accuracy. Specially optimized optical fiber for higher fidelity|Compatible with S/PDIF, ADAT's, Dolby Digital, & DTS|Limited Lifetime Warranty|Country of Origin: China",https://m.media-amazon.com/images/W/WEBP_402378-T2/images/I/41CF6GtnpKL._SX300_SY300_QL70_FMwebp_.jpg,"{""main_cat"": ""Electronics"", ""sub_cat1"": ""HomeTheater,TV&Video"", ""sub_cat2"": ""Accessories"", ""sub_cat3"": ""Cables"", ""sub_cat4"": ""OpticalCables""}"
VW 60 cm (24 inches) Premium Series HD Ready LED TV VW24A (Black),"Electronics|HomeTheater,TV&Video|Televisions|StandardTelevisions",$68.42,$132.05,48%,"Sound output: 20 Watts Output | In-built Box Speakers|Resolution: HD Ready (1366 x 768) | Refresh Rate: 60 hertz | Viewing angle: 178 degree|Installation: For requesting installation/wall mounting/demo of this product once delivered, please directly call Visio World support on (Please visit brand website for toll free numbers) and provide product's model name as well as seller's details mentioned on the invoice|Connectivity: 1 HDMI ports to connect set top box, Blue Ray players, gaming console | 2 USB ports to connect hard drives and other USB devices|Display: A+ Grade Panel | IPE technology | True colour | Wide Viewing Angle|Easy returns: This product is eligible for replacement/refund within 10 days of delivery in case of any product defects, damage or features not matching the description provided|Warranty Information: 1 year warranty provided by Visio World from date of purchase",https://m.media-amazon.com/images/W/WEBP_402378-T2/images/I/41UPNmnPgeL._SY300_SX300_QL70_FMwebp_.jpg,"{""main_cat"": ""Electronics"", ""sub_cat1"": ""HomeTheater,TV&Video"", ""sub_cat2"": ""Televisions"", ""sub_cat3"": ""StandardTelevisions""}"
Samsung 138 cm (55 inches) Crystal 4K Neo Series Ultra HD Smart LED TV UA55AUE65AKXXL (Black),"Electronics|HomeTheater,TV&Video|Televisions|SmartTelevisions",$576.11,$851.14,32%,"Resolution : Crystal 4K Ultra HD (3840 x 2160) | Refresh Rate : 50 Hertz|Connectivity: 3 HDMI ports to connect set top box, Blu-ray speakers or a gaming console | 1 USB ports to connect hard drives or other USB devices|Display: Ultra HD (4k) LED Panel | One Billion Colors | New Bezel-less Design | Supports HDR 10+ | PurColor | Mega Contarst | UHD Dimming | Auto Game Mode|Sound: 20 Watts Output | Powerful Speakers with Dolby Digital Plus | Q Symphony|Smart TV Features : Prime Video, Hotstar, Netflix, Zee5 and more | Voice Assistant - Bixby & Alexa | Tap View | PC Mode | Universal Guide | Web Browser | Screen Mirroring|Warranty Information: 1 year comprehensive warranty plus additional 1 years on panel by brand from date of invoice|Installation: For requesting installation/wall mounting/demo of this product once delivered, please directly call Samsung support on (Visit Brand website for tollfree numbers) and provide product's model name as well as seller's details mentioned on the invoice|Easy Returns: This product is eligible for replacement within 10 days of delivery in case of any product defects, damage or features not matching the description",https://m.media-amazon.com/images/W/WEBP_402378-T1/images/I/41IAkUhz1NL._SY300_SX300_QL70_FMwebp_.jpg,"{""main_cat"": ""Electronics"", ""sub_cat1"": ""HomeTheater,TV&Video"", ""sub_cat2"": ""Televisions"", ""sub_cat3"": ""SmartTelevisions""}"
LOHAYA Television Remote Compatible for VU LED LCD HD Tv Remote Control Model No :- EN2B27V,"Electronics|HomeTheater,TV&Video|Accessories|RemoteControls",$3.59,$14.39,75%,Compatible Device For VU LED LCD HD Tv Remote Control Model No :- EN2B27V|100% Best Quality Plastic Body and Soft Silicone Rubber Keypad|Remotes are checked by Testing Machine Before Shipment|Imported Generic Product Not by VU|Please MatcThe Replaced Remote Control Can Work for Below Knowing Models: 55S6575 49S6575 43S6575 40S6575 32S6575 LED40K16 LEDN50K310X3D LTDN55XT780XWAU3D LTDN65XT780XWAU3D 55S6575 49S6575 43S6575 40S6575 32S6575 LED40K16 LEDN50K310X3D LTDN55XT780XWAU3D LTDN65XT780XWAU3D with Netflix and YouTube Shortcut Keys,https://m.media-amazon.com/images/W/WEBP_402378-T2/images/I/316rtwd6jOL._SX300_SY300_QL70_FMwebp_.jpg,"{""main_cat"": ""Electronics"", ""sub_cat1"": ""HomeTheater,TV&Video"", ""sub_cat2"": ""Accessories"", ""sub_cat3"": ""RemoteControls""}"
MI 108 cm (43 inches) 5A Series Full HD Smart Android LED TV L43M7-EAIN (Black),"Electronics|HomeTheater,TV&Video|Televisions|SmartTelevisions",$300.11,$432.16,31%,"Note : The brands, Mi and Xiaomi, are part of the same multinational conglomerate|Resolution : Full HD (1920 x 1080) Resolution | Refresh Rate : 60 Hertz | 178 Degree wide viewing angle|Connectivity: Dual Band Wi-Fi | 2 HDMI ports to connect latest gaming consoles, set top box, Blu-ray Players | 2 USB ports to connect hard drives and other USB devices | ALLM | ARC | Bluetooth 5.0 | Ethernet|Sound: 24 Watts Output | Dolby Audio, DTS:X, DTS Virtual: X|Smart TV Features : Android TV 11 | PatchWall | IMDb Integration | Universal Search | 300+ Free Live Channels | Kids Mode with Parental lock | Smart Recommendations | Language Universe – 15+ Languages | User Centre | Okay Google | Chromecast suporting Apps : Netflix, Prime Video, Disney+ Hotstar | 5000+ apps from Play Store |Quad core Cortex A55 | Chromecast built-in | Ok Google | Auto Low Latency Mode | 1.5 GB RAM + 8GB Storage|Display: Full HD | Vivid Picture Engine|Warranty Information: 1 year comprehensive warranty on product and 1 year additional on Panel provided by the brand from the date of purchase",https://m.media-amazon.com/images/W/WEBP_402378-T1/images/I/41jh12qGXuL._SX300_SY300_QL70_FMwebp_.jpg,"{""main_cat"": ""Electronics"", ""sub_cat1"": ""HomeTheater,TV&Video"", ""sub_cat2"": ""Televisions"", ""sub_cat3"": ""SmartTelevisions""}"
Caldipree Silicone Case Cover Compatible for 2022 Samsung Smart TV Remote QLED TV BN68-13897A TM2280E (2022-BLACK),"Electronics|HomeTheater,TV&Video|Accessories|RemoteControls",$6.57,$36.00,82%,"Compatible: This silicone case cover is for Samsung Smart TV remote with solar cell BN59-01311B/BN59-01311G/BN59-01327/BN59-01327A/BN59-01327B/BN59-01327C/BN59-01357/BN59-01357A/BN59-01357B/BN59-01357D/BN59-01357C/BN59-01357F/BN59-01357G/BN59-01357L/BN59-01358D/BN59-01363A/BN59-01363C/BN59-01363J/BN59-01363L/BN59-01364A/BN59-01385A/BN59-01385B/BN59-01385D/BN59-01386A/BN59-01386D/BN59-01391A/TM2280E|Easy to find&install: This silicone case are all With bright colors makes you easier to find on a dark colored couch. You can install the cover by Just slipping your samsung remote control into the case cover. Note:Only glow green and glow blue can glow in the night, others can not.|Full access: Precise cut to all the function button. Easily access to all buttons. Does not affect USB or solar panel charging.|Full protection: The silicone case full wrapped your samsung remote like a glove. The little dot in the back enhanced grip. Anti-slip, anti-drop,shockproof, washable and durable.|Premium Material: This silicone case is made of kids and pets friendly material,durable and soft. Package: The silicone case *1,Lanyard*1 NOTE: The remote control is not included.",https://m.media-amazon.com/images/I/41LwSJdthGL._SX300_SY300_QL70_FMwebp_.jpg,"{""main_cat"": ""Electronics"", ""sub_cat1"": ""HomeTheater,TV&Video"", ""sub_cat2"": ""Accessories"", ""sub_cat3"": ""RemoteControls""}"
Universal Remote Control for All Sony TV for All LCD LED and Bravia TVs Remote,"Electronics|HomeTheater,TV&Video|Accessories|RemoteControls",$2.87,$8.39,66%,"Replacement for Sony RM-YD092 ,Fits with various SONY brand models,It is compatible with most of new and old SONY TV. Support 2K 4K UHD Smart TV. including Home hub buttons.Has both TV mode and DVD mode|This Item uses two AAA batteries(Batteries are not included). Please put new batteries inside.|Without programming or pairing required. Put the batteries inside and it will be works,No other Settings are required|Shipping from amazon's us warehouse, you can receive your package within 2-3 days|If you have any questions after receiving the remote control, please feel free to contact us, we will provide you with timely and high-quality service",https://m.media-amazon.com/images/W/WEBP_402378-T2/images/I/41qMoS4lfRL._SX300_SY300_QL70_FMwebp_.jpg,"{""main_cat"": ""Electronics"", ""sub_cat1"": ""HomeTheater,TV&Video"", ""sub_cat2"": ""Accessories"", ""sub_cat3"": ""RemoteControls""}"
Cotbolt Silicone Case Cover Compatible for Samsung BN59-01312A QLED 8K 4K Smart TV Remote Shockproof Protective Remote Cover (Black),"Electronics|HomeTheater,TV&Video|Accessories|RemoteControls",$4.19,$11.99,65%,"Type: Protective Cover For Remote Control|Material: Silicone|Available colors: Red, Black.|For your convenience we have list some remote models for your easy reference.(The remote model number is usually affixed in the back or battery box)",https://m.media-amazon.com/images/W/WEBP_402378-T1/images/I/413aXXtr4CL._SX300_SY300_QL70_FMwebp_.jpg,"{""main_cat"": ""Electronics"", ""sub_cat1"": ""HomeTheater,TV&Video"", ""sub_cat2"": ""Accessories"", ""sub_cat3"": ""RemoteControls""}"
"BlueRigger High Speed HDMI Cable with Ethernet - Supports 3D, 4K 60Hz and Audio Return - Latest Version (3 Feet / 0.9 Meter)","Electronics|HomeTheater,TV&Video|Accessories|Cables|HDMICables",$5.61,$7.19,22%,"[Premium Cable] - High-Speed HDMI Cables. Made with a PVC Jacket, this cable protects against fraying and damage, making it perfect for everyday use.|[ Supports Latest HDMI 2.0b Standard ] - 4K, UHD, 3D, Audio Return Channel (ARC), Category 2 Certified,18 Gbps / 600 MHz Refresh Rate, 2160p, 1080p, 48 Bit Deep Color, Ethernet and is backwards compatible with earlier versions|[ In-Wall Series ] - Fire-resistant PVC Jacket, and availablility in lengths of 15ft, 20ft, 25ft, 35ft & 50ft make the BlueRigger CL3 Rated cable ideal for in-wall installation|[ Reliable Construction ] - Durable, high-quality build protects against corrosion while maximizing signal strength - 100% Pure copper conductors, Triple Cable Shielding, 24K Gold-plated full metal jacket connectors|[ Compatible with all HDMI Components ] - Connect Blu-Ray Player, Apple TV, Xbox One, PS4, Roku, and laptops with HDMI output to 4K UHD TV, projectors, A/V Receiver, etc.",https://m.media-amazon.com/images/W/WEBP_402378-T2/images/I/41k0WxE3sKS._SY445_SX342_QL70_FMwebp_.jpg,"{""main_cat"": ""Electronics"", ""sub_cat1"": ""HomeTheater,TV&Video"", ""sub_cat2"": ""Accessories"", ""sub_cat3"": ""Cables"", ""sub_cat4"": ""HDMICables""}"
TCL 80 cm (32 inches) HD Ready Certified Android Smart LED TV 32S615 (Black),"Electronics|HomeTheater,TV&Video|Televisions|SmartTelevisions",$143.94,$384.03,63%,"Resolution: HD Ready (1366 x 768) | Refresh Rate: 60 hertz|Connectivity: 2 HDMI Ports to connect set top box | 1 USB ports to connect hard drives or other USB devices | IR Port to control connected devices like DVD / STB Players|Sound: 16 Watts Output | Powerful Speakers with Dolby Audio|Smart TV Features : Android R 11 ,Packed with amazing smart features such as Google Voice Search, Google App Store and Built-in Chromecast. Google Play Store, YouTube, Google cast, Netflix.|Display : LED Smart TV | Ultra bright screen for flawless picture quality even in bright rooms|Warranty Information: 2 year comprehensive warranty provided by the manufacturer from date of purchase|Installation: For Installation, Wall Mounting, Demo Of This Product Once Delivered, Directly Contact Brand Support (Visit Brand website for Toll free numebrs) and Provide Product's Model Name And Seller's Details Mentioned On Your Invoice. The Service Center Will Allot You A Convenient Slot For The Service",https://m.media-amazon.com/images/I/51lDlqmDxQL._SY300_SX300_QL70_FMwebp_.jpg,"{""main_cat"": ""Electronics"", ""sub_cat1"": ""HomeTheater,TV&Video"", ""sub_cat2"": ""Televisions"", ""sub_cat3"": ""SmartTelevisions""}"
Tata Sky Universal Remote Compatible for SD/HD,"Electronics|HomeTheater,TV&Video|Accessories|RemoteControls",$2.45,$7.19,66%,"This is a Best Genuine Quality Aftermarket Replacement Remote from brand Not Original Tata Sky Remote|Long Distance Ultra wide angle Range. Can be operated from any corner of the room. Premium Quality Product. NOTE: For best performance, please insert new batteries before using.|100% Best Quality Replacement remote for Tata Sky SD / HD / HD+ / 4K DTH Set Top Box (Pairing Required to Sync TV Functions). Compatible Remote Control for Tata Sky Without Recording Feature.|All Products are checked by Electronic Testing device Before Shipment.|IMPORTANT: Please check the images of the item & look closely at all the buttons and match with your existing / old remote before purchase",https://m.media-amazon.com/images/W/WEBP_402378-T2/images/I/416A01cyQYL._SX300_SY300_QL70_FMwebp_.jpg,"{""main_cat"": ""Electronics"", ""sub_cat1"": ""HomeTheater,TV&Video"", ""sub_cat2"": ""Accessories"", ""sub_cat3"": ""RemoteControls""}"
"WZATCO Pixel | Portable LED Projector | Native 720p with Full HD 1080P Support | 2000 Lumens (200 ANSI) | 176"" Large Screen | Projector for Home and Outdoor | Compatible with TV Stick, PC, PS4","Electronics|HomeTheater,TV&Video|Projectors",$77.91,$119.93,35%,"💖 [Small Size but Powerful Effects] 2022 upgraded Pixel projector provides clear and true-to-life images that are 30% brighter than other similar projectors on the market. This tiny projector with 6.2""X4.7""X2.9"" small size and 480 grams light weight, can be easily put in your handbag for traveling, camping or other locations. Really portable projector used for family leisure.|💖 [Discover the World with Pixel!] Pixel represents a new generation of mini projectors specially designed to enrich your big screen viewing experience. This projector is built using advance construction materials which are only seen in high end projectors. Pixel is 1st mini projector to offer LTPS LCD technology which greatly enhances the image quality. LTPS display can restore complex details which are not seen on TFT or IPS display projectors.|💡 [Large Projection Size] 176 inch large projection screen brings an immersive viewing experience. It allows you to enjoy the happy home theater time with your family both indoor or outdoor. The outdoor projector provides a projection size from 35inch to 176 inch with the projection distance between 3.7ft to 23.6ft.|✔️[Multiple Devices Connection & Wide Application] Equipped with HDMI, USB, and AV interfaces, pixel projector works perfectly with smartphones, iPads, laptops, TV boxes, DVD players, PS4, USB flash disks etc. It can be applied to home theaters, video games, parties and outdoor activities. ✦✦When connect with phone, please purchase an extra HDMI adapter.|✔️[1 Year Warranty & Technical Support] We offer quick reply within 24 hours, 1-year product warranty and a lifetime after-sales service. Wzatco India professional team offers you 100% satisfaction guarantee. Just feel free to try!",https://m.media-amazon.com/images/I/41p+lllC3HL._SY300_SX300_.jpg,"{""main_cat"": ""Electronics"", ""sub_cat1"": ""HomeTheater,TV&Video"", ""sub_cat2"": ""Projectors""}"
7SEVEN® Compatible Tata Sky Remote Control Replacement of Original dth SD HD tata Play Set top Box Remote - IR Learning Universal Remote for Any Brand TV - Pairing Must,"Electronics|HomeTheater,TV&Video|Accessories|RemoteControls",$2.82,$7.19,61%,"1.Replacement Remote Control for Tatasky HD/SD Support (Universal & All TV Compatible Remote). Need to remote learning setup as per instruction given in product description or refer listing catalogue image. Once make to learn any brand of tv remote with tata sky remote then common feature can operate from Tata play remote itself. Not required any more tv remote|2. 100% Best Quality Plastic Body and Soft Silicone Rubber Keypad|3. Remotes are checked by Testing Machine Before Shipment|4. It’s not Tatasky Products, is generic product.|5. Please Match the Image with Your Existing Remote Before Placing the Order",https://m.media-amazon.com/images/W/WEBP_402378-T1/images/I/317Uu2STldL._SX300_SY300_QL70_FMwebp_.jpg,"{""main_cat"": ""Electronics"", ""sub_cat1"": ""HomeTheater,TV&Video"", ""sub_cat2"": ""Accessories"", ""sub_cat3"": ""RemoteControls""}"
Crypo™ Universal Remote Compatible with Tata Sky Universal HD & SD Set top Box (Also Works with All TV),"Electronics|HomeTheater,TV&Video|Accessories|RemoteControls",$3.59,$11.99,70%,"☛ Compatible With Tata Sky SD / HD / HD+ Plus / 4K DTH Set Top Box.|☛This is a Universal Tata Sky Remote - Also Works with All LED LCD TV (Pairing Required in some models)|☛ Please note: This is NOT a TataSky Recording Remote.|☛ For best performance, please insert new batteries before using (Batteries Not Included)|☛ This is an Imported Generic Product & Not Original Remote By TataSky.",https://m.media-amazon.com/images/I/31QdoA5bJAL._SX300_SY300_QL70_FMwebp_.jpg,"{""main_cat"": ""Electronics"", ""sub_cat1"": ""HomeTheater,TV&Video"", ""sub_cat2"": ""Accessories"", ""sub_cat3"": ""RemoteControls""}"
Karbonn 80 cm (32 Inches) Millennium Series HD Ready LED TV KJW32NSHDF (Phantom Black) with Bezel-Less Design,"Electronics|HomeTheater,TV&Video|Televisions|StandardTelevisions",$84.02,$203.96,59%,"Resolution: HD Ready (1366x768) | Reresh Rate : 60 hertz | 16:09 Display Scale|Connectivity: 2 HDMI Ports to connect set-top box, Blu Ray players and gaming console | 2 USB Ports to connect hard drives and other USB devices | 1 AV Input Port | 1 VGA|Sound: 20 Watts Audio Output | Stereo Sorround|Display: HD Ready Crystal Clear Display | A+ Panel | Dynamic Contrast | High Brightness | Vivid Colour Engine | Wide Viewing Angle|Warranty Information: 1 year warranty provided by the manufacturer from date of purchase|Installation: Customer needs to call the Customer care for this product once delivered. Contact brand for assistance @ (Please visit brand website for tollfree numbers) and provide product's model name and seller's details mentioned on your invoice. The service center will allot you a convenient slot for the service|Easy returns: This product is eligible for replacement within 10 days of delivery in case of any product defects, damage or features not matching the description provided|Country of Origin : India",https://m.media-amazon.com/images/I/41YDz0uQZaL._SY300_SX300_QL70_FMwebp_.jpg,"{""main_cat"": ""Electronics"", ""sub_cat1"": ""HomeTheater,TV&Video"", ""sub_cat2"": ""Televisions"", ""sub_cat3"": ""StandardTelevisions""}"
OnePlus 138.7 cm (55 inches) U Series 4K LED Smart Android TV 55U1S (Black),"Electronics|HomeTheater,TV&Video|Televisions|SmartTelevisions",$516.19,$720.28,28%,"Resolution: 4K Ultra HD (3840x2160) | Refresh Rate : 60 Hertz | 178 Degree wide viewing angle|Connectivity: 3 HDMI ports (HDMI 2.1 Compatible, HDMI 1 supports eARC) to connect set top box, Blu Ray players, gaming console | 2 USB ports to connect hard drives and other USB devices|Sound : 30 Watts Output | Co-tuned with Dynaudio | Dolby Audio|Smart TV Features : Android TV 10 ｜Hands-free voice control with Speak Now | Google Assistant | OnePlus Connect 2.0 | OxygenPlay 2.0 | Data Saver Plus | Kids Mode | Game Mode|Display : 1 billion colors | Gamma Engine | HDR10+ certified, HDR10, HLG | MEMC | Bezel-less design | 95.3% Screen to Body Ratio|Warranty Information: 1 year comprehensive warranty and additional 1 year on panel provided by the manufacturer from date of purchase|Installation: This TV comes with a wall mount inside the box. Installation/Wall mounting/demo will be arranged by Amazon Home Services. For any other information, please contact Amazon customer support",https://m.media-amazon.com/images/I/41BaZZ48wjS._SX300_SY300_QL70_FMwebp_.jpg,"{""main_cat"": ""Electronics"", ""sub_cat1"": ""HomeTheater,TV&Video"", ""sub_cat2"": ""Televisions"", ""sub_cat3"": ""SmartTelevisions""}"
Posh 1.5 Meter High Speed Gold Plated HDMI Male to Female Extension Cable (Black),"Electronics|HomeTheater,TV&Video|Accessories|Cables|HDMICables",$2.08,$11.99,83%,perfect|100 % compatible,https://m.media-amazon.com/images/W/WEBP_402378-T2/images/I/41-VkhORGAL._SX300_SY300_QL70_FMwebp_.jpg,"{""main_cat"": ""Electronics"", ""sub_cat1"": ""HomeTheater,TV&Video"", ""sub_cat2"": ""Accessories"", ""sub_cat3"": ""Cables"", ""sub_cat4"": ""HDMICables""}"
"Amazon Basics HDMI Coupler,Black",Electronics|HomeAudio|Accessories|Adapters,$2.51,$7.20,65%,"Note: Product only works as an extender adapter with HDMI compatible devices, works only to support extension function for long distance transmission without the hassle of using a single length long cable, Both input & output devices need to support ARC for using this function.|Ideal for extended reach when connecting Blu-ray players, Fire TV, Apple TV, PS4, PS3, XBox one, Xbox 360, computers, and other HDMI-enabled devices to TVs, displays, A/V receivers, and more|HDMI female-to-female coupler easily connects two HDMI A Male to A Male cables together. Supports Ethernet, 3D, 4K video, and Audio Return Channel (ARC)|Compatible with latest HDMI standard (4K video at 60 Hz, 2160p, 48-bit/px color depth); supports bandwidth up to 18Gbps; backwards compatible with earlier versions|Measures 0.09 x 0.07 feet (0.029 by 0.022 meters)|1 year limited warranty",https://m.media-amazon.com/images/W/WEBP_402378-T1/images/I/417qayz2nNL._SX300_SY300_QL70_FMwebp_.jpg,"{""main_cat"": ""Electronics"", ""sub_cat1"": ""HomeAudio"", ""sub_cat2"": ""Accessories"", ""sub_cat3"": ""Adapters""}"
Astigo Compatible Remote for Airtel Digital Set Top Box (Pairing Required with TV Remote),"Electronics|HomeTheater,TV&Video|Accessories|RemoteControls",$3.59,$10.79,67%,Not Suitable for Airtel Internet Tv Set top box|Just Insert the battery and you are ready to use|Match your old remote image before placing an order.|Quality plastic used|Customer Care at 9599141927(whatsapp) for compatibility check and technical issue.,https://m.media-amazon.com/images/I/31U-gk8FwsL._SX300_SY300_QL70_FMwebp_.jpg,"{""main_cat"": ""Electronics"", ""sub_cat1"": ""HomeTheater,TV&Video"", ""sub_cat2"": ""Accessories"", ""sub_cat3"": ""RemoteControls""}"
"Caprigo Heavy Duty TV Wall Mount Stand for 12 to 27 inches LED/LCD/Monitor Screen's, Full Motion Rotatable Universal TV & Monitor Wall Mount Bracket with Swivel & Tilt Adjustments (Single Arm - M416)","Electronics|HomeTheater,TV&Video|Accessories|TVMounts,Stands&Turntables|TVWall&CeilingMounts",$4.79,$9.59,50%,"TV & Monitor Wall Mount Compatibility : 12 To 27 inch (LED/HD/QLED/LCD/UHD/3D/4K/Monitor/Curved/Smart Screens) From All Universal Brands Like Samsung, BenQ, LG, Acer, Dell, Sony, Lenovo, HP, ViewSonic, Asus, Hisense, Kevin, Sanyo, Shinco, Elara, Xiaomi, Mi, VU, Adsun, iFalcon, Realme, Vise, Croma, Kodak, Mitashi, Thomson, Videocon, Phillips & Etc.|VESA Compatibility : 50 x 50 mm (5 cm x 5 cm), 75 x 75 mm (7.5 cm x 7.5 cm) And 100 x 100 mm (10 x 10 cm). Vesa Is The Distance Between The Four Wall Mounting Screw Holes On The Back Of Your TV/Monitor Screens.|Complete Viewing Flexibility : Full Motion Rotatable TV & Monitor Mount Having The Following Specifications - Tilt : +- 15° (Up / Down) | Swivel Rotation : +/- 90° (Left / Right) | Maximum Distance From Wall When Extended : 7 inch | Minimum Distance From Wall When Retracted : 2 inch.|Heavy Duty Build : Premium Heavy Duty Wall Mounting Stand Built With Solid Heavy Gauge Material , Offering A Superior , Solid And Rugged Build. Durable Stand With Long Lasting Life. Solid , Sturdy And Thick Metal Construction For Added Safety And Strength. Professional Grade TV Wall Stand With Best In Class Features For You’re Premium Television And Monitor Screens. Maximum Weight Loading Capacity Of 10 Kg’s.|Easy & Quick Installation : Super Easy And Quick To Install Wall Stand. Simple 3 Step Installation Procedure So Your Screen Can Be Wall Mounted Within 5 Minutes. Standard Universal Screw Set Provided In Kit To Make Your Installation Procedure A Breeze. Standard Screws Compatible With Most Of The Latest TV & Monitor Screens.|Most Compatible TV & Monitor Screen Sizes Are : 27 inches, 26 inches, 25 inches, 24.5 inches, 24 inches, 23.8 inches, 23.5 inches, 23 inches, 22 inches, 21 inches, 20.5 inches, 20 inches, 19 inches, 18.5 inches, 18 inches, 17 inches, 16 inches, 14 inches & 12 inches.|Box Contents : Wall Mount x 1 , Universal Standard Screw Set x 1",https://m.media-amazon.com/images/I/41yMQskyzFL._SX300_SY300_QL70_FMwebp_.jpg,"{""main_cat"": ""Electronics"", ""sub_cat1"": ""HomeTheater,TV&Video"", ""sub_cat2"": ""Accessories"", ""sub_cat3"": ""TVMounts,Stands&Turntables"", ""sub_cat4"": ""TVWall&CeilingMounts""}"
TATA SKY HD Connection with 1 month basic package and free installation,"Electronics|HomeTheater,TV&Video|SatelliteEquipment|SatelliteReceivers",$14.99,$27.60,46%,Enjoy the high definition experience with 1080i resolution|Modify or make your pack ba|Device Type High Definition Compression|Vivid colors and sharper images,https://m.media-amazon.com/images/I/31J3pwT7i4L._SY300_SX300_QL70_FMwebp_.jpg,"{""main_cat"": ""Electronics"", ""sub_cat1"": ""HomeTheater,TV&Video"", ""sub_cat2"": ""SatelliteEquipment"", ""sub_cat3"": ""SatelliteReceivers""}"
Remote Compatible for Samsung LED/LCD Remote Control Works with Samsung LED/LCD TV by Trend Trail,"Electronics|HomeTheater,TV&Video|Accessories|RemoteControls",$2.56,$5.99,57%,"Soft & Durable Keypad|Durable Quality, Rigid Body, Efficient Performance|Remotes are Quality Tested Before Shipment|Suitable with Samsung LED/LCD Tv without Smart Functions|please match image of your old remote with picture",https://m.media-amazon.com/images/W/WEBP_402378-T1/images/I/31KL5uYqVRL._SX300_SY300_QL70_FMwebp_.jpg,"{""main_cat"": ""Electronics"", ""sub_cat1"": ""HomeTheater,TV&Video"", ""sub_cat2"": ""Accessories"", ""sub_cat3"": ""RemoteControls""}"
SoniVision SA-D10 SA-D100 SA-D40 Home Theater Systems Remote Compatible with Sony RM-ANU156,"Electronics|HomeTheater,TV&Video|Accessories|RemoteControls",$2.51,$5.99,58%,Please Match The Image With Your Existing Remote Before Placing The Order|Best Quality Plastic Body.Soft Rubber Keypad.|All Products are checked by Testing machine Before Shipment.|Before Use Please Use New Battery|Compatible Device: SA-D10 SA-D100 SA-D40 Sony Home Theater.,https://m.media-amazon.com/images/W/WEBP_402378-T1/images/I/31h559f7EaL._SX300_SY300_QL70_FMwebp_.jpg,"{""main_cat"": ""Electronics"", ""sub_cat1"": ""HomeTheater,TV&Video"", ""sub_cat2"": ""Accessories"", ""sub_cat3"": ""RemoteControls""}"
Rts™ High Speed 3D Full HD 1080p Support (10 Meters) HDMI Male to HDMI Male Cable TV Lead 1.4V for All Hdmi Devices- Black (10M - 30 FEET),"Electronics|HomeTheater,TV&Video|Accessories|Cables|HDMICables",$7.18,$60.01,88%,"The Rts (Radhey Techno Servies) High Speed HDMI Cable with Ethernet - Supports 3D, 4K and Audio Return Compatible with Blu-ray players, Fire TV, Apple TV, PS4, PS3, XBox one, Xbox 360, Cable Box, Roku, computers and other HDMI-enabled devices to TVs, displays, A/V receivers and more|The Rts (Radhey Techno Servies) Supports all new HDMI advanced features such as 3D, audio return channel, ethernet, dolby trueHD and DTS-HD master audio, Supports resolution 720p, 1080i, 1080p and beyond|Fully shielded heavy duty premium grade cable with soft PVC jacket, Full metal jacket connector provides strength, durability and prevents interference|Supports 3D, 4K and Audio Return, Premium construction: 28AWG Pure Copper Conductors, Triple Shielding and Gold-Plated Full Metal Jacket Connectors|Check compatibility before purchase|2 Year Warranty With Rts (Radhey Techno Servies)",https://m.media-amazon.com/images/I/41+H-BiHBlS._SX300_SY300_.jpg,"{""main_cat"": ""Electronics"", ""sub_cat1"": ""HomeTheater,TV&Video"", ""sub_cat2"": ""Accessories"", ""sub_cat3"": ""Cables"", ""sub_cat4"": ""HDMICables""}"
MI 108 cm (43 inches) 5X Series 4K Ultra HD LED Smart Android TV L43M6-ES (Grey),"Electronics|HomeTheater,TV&Video|Televisions|SmartTelevisions",$384.14,$600.23,36%,"Note : The brands, Mi and Xiaomi, are part of the same multinational conglomerate|Resolution : 4K Ultra HD (3840 x 2160) Resolution | Refresh Rate : 60 Hertz|Connectivity: Dual Band Wi-Fi | 3 HDMI ports to connect latest gaming consoles, set top box, Blu-ray Players | 2 USB ports to connect hard drives and other USB devices | ALLM | eARC | Bluetooth 5.0 | Optical | Ethernet|Sound: 30 Watts Output | Dolby Atmos | DTS-HD|Smart TV Features : Android TV 10 | PatchWall 4 with IMDb integration | Kids Mode with Parental Lock | 300+ Free Live Channels | Universal search | Language Universe (16+ Languages) | India's Top 10 | Miracast | Supported Apps: Prime Video | Netflix | Disney + Hotstar | YouTube | Apple TV | 5000+ apps from Play Store | Quad core A55 CPU processor | Chromecast built-in | Ok Google | Far-field Mics | Auto Low Latency Mode | 2GB RAM + 16GB Storage|Display: 4K HDR | Metal Bezel-less Design | Dolby Vision | HDR10+ | HLG | Reality Flow MEMC | Vivid Picture Engine 2 | DCI-P3 94% Colour Gamut|Warranty Information: 1 year comprehensive warranty on product and 1 year additional on Panel provided by the brand from the date of purchase",https://images-na.ssl-images-amazon.com/images/W/WEBP_402378-T2/images/I/51Y4ApH7emL._SX300_SY300_QL70_FMwebp_.jpg,"{""main_cat"": ""Electronics"", ""sub_cat1"": ""HomeTheater,TV&Video"", ""sub_cat2"": ""Televisions"", ""sub_cat3"": ""SmartTelevisions""}"
Sansui 140cm (55 inches) 4K Ultra HD Certified Android LED TV with Dolby Audio & Dolby Vision JSW55ASUHD (Mystique Black),"Electronics|HomeTheater,TV&Video|Televisions|SmartTelevisions",$396.04,$681.75,42%,"Resolution: 4K Ultra HD (3840x2160) | Refresh Rate: 60 hertz | Wide Viewing Angle|Connectivity: 3 HDMI ports to connect multiple devices | 2 USB ports to connect hard drives and other USB devices | Bluetooth | Wi-Fi | RJ45 | Antenna|Sound: Dolby Audio | DTS | 20 Watts Audio Output|Smart TV Features: Android 10.0, Google Assistant, Alexa Enabled Support, Built-in Chromecast | Performance: CA53 Quad Core Processor | RAM 2GB, ROM 8GB | Supported Apps: Prime Video, Netflix, Disney + Hotstar, YouTube, Google Play|Display: 4K UHD Android TV | A+ Grade Panel | Wide Colour Gamut | HDR 10 | Crystal Clear Display | High Brightness | Bezel-less Design",https://m.media-amazon.com/images/I/51TJwbyAtNL._SX300_SY300_QL70_FMwebp_.jpg,"{""main_cat"": ""Electronics"", ""sub_cat1"": ""HomeTheater,TV&Video"", ""sub_cat2"": ""Televisions"", ""sub_cat3"": ""SmartTelevisions""}"
LOHAYA LCD/LED Remote Compatible for Sony Bravia Smart LCD LED UHD OLED QLED 4K Ultra HD TV Remote Control with YouTube & Netflix Function [ Compatible for Sony Tv Remote Control ],"Electronics|HomeTheater,TV&Video|Accessories|RemoteControls",$3.59,$14.39,75%,Compatible Device For Sony Smart Android tv Remote Control|Compatible Model :- rmt-tx301p gd026 klv 24r402a tx111p tx301p rm-gd032 rm-ga021 rm-ga025 rm-gd027 rmt-tx112p rmf-tx310p rmt-tx100p rmf-tx300p klv-32w512d rmt-tx111p rmt-tx202p 42w700b gd020 gd033 ed054 e4100|Remotes are checked by Testing Machine Before Shipment|Imported Generic Product Not by SONY|Please Match the Image with Your Existing Remote Before Placing the Order,https://m.media-amazon.com/images/I/4173mQ7F-mL._SX300_SY300_QL70_FMwebp_.jpg,"{""main_cat"": ""Electronics"", ""sub_cat1"": ""HomeTheater,TV&Video"", ""sub_cat2"": ""Accessories"", ""sub_cat3"": ""RemoteControls""}"
7SEVEN® TCL Remote Control Smart TV RC802V Remote Compatible for TCL TV Remote Original 55EP680 40A325 49S6500 55P8S 55P8 50P8 65P8 40S6500 43S6500FS 49S6800FS 49S6800 49S6510FS(Without Voice Function/Google Assistant and Non-Bluetooth remote),"Electronics|HomeTheater,TV&Video|Accessories|RemoteControls",$4.79,$10.79,56%,"Compatible for TCL 65P8S 32A323 32A325 32P30S 32S6500 32S6500A 32S6500S 32S6510S 32S6800 32S6800S 40A323 40A325 40S6500 40S6500FS 40S6510FS 40S6800 40S6800FS 43P30FS 43S6500 43S6500FS 43S6510FS 43S6800FS 49P30FS 49S6500 49S6500FS 49S6510FS 49S6800 49S6800FS 50P8 50P8S 55EP680 55P8 55P8S 65P8 65P8S LED smart TV|This remote covers most of the functionality of the original television remote control|No Setup Required ! NO programming, NO paring, Just load the battery to get it work|100% Best Quality Replacement Remote (without voice function) for TCL & Iffalcon Smart LED TV.|For Best performance, Please insert new Batteries before using.",https://m.media-amazon.com/images/I/31DRQ+kgWaL._SY300_SX300_.jpg,"{""main_cat"": ""Electronics"", ""sub_cat1"": ""HomeTheater,TV&Video"", ""sub_cat2"": ""Accessories"", ""sub_cat3"": ""RemoteControls""}"
Amazon Basics 16-Gauge Speaker Wire - 50 Feet,"Electronics|HomeTheater,TV&Video|Accessories|Cables|SpeakerCables",$4.79,$9.54,50%,"50 Feet of 16-gauge speaker wire|Connects audio speakers to your A/V receiver or amplifier|The plastic jacket around the speaker wire helps to deliver high-quality undistorted signals to and from all of your audio equipment|One side of the wire is marked with a white line, making it quick and easy to distinguish the polarity and get your audio system set up properly|Comes wrapped around a hard plastic spool that makes dispensing convenient and easy",https://m.media-amazon.com/images/W/WEBP_402378-T2/images/I/41vJcrdr5mL._SY300_SX300_QL70_FMwebp_.jpg,"{""main_cat"": ""Electronics"", ""sub_cat1"": ""HomeTheater,TV&Video"", ""sub_cat2"": ""Accessories"", ""sub_cat3"": ""Cables"", ""sub_cat4"": ""SpeakerCables""}"
"Caprigo Heavy Duty TV Wall Mount Bracket for 14 to 32 Inch LED/HD/Smart TV’s, Universal Fixed TV Wall Mount Stand (M452)","Electronics|HomeTheater,TV&Video|Accessories|TVMounts,Stands&Turntables|TVWall&CeilingMounts",$4.79,$11.99,60%,"TV Wall Bracket Compatibility : 14 To 32 Inch (LED, HD, QLED, LCD, OLED, UHD, 4K, Monitor, Curved, Smart TV’s) From All Leading Brands. Ideally Compatible With OnePlus Y Series , Samsung , Sony Bravia , LG , Mi Pro 4A , 4C 5A Series 32 Inch LED TV’s.|Vesa Compatibility : 50 x 50 mm , 75 x 75 mm , 100 x 100 mm , 150 x 150 mm , 200 x 200 mm , 200 x 100 mm , 100 x 200 mm , 200 x 150 mm , 150 x 200 mm.|Premium Built Quality : Premium quality tv wall mounting bracket by Caprigo. This tv mount is strong , safe , and durable. This professional tv wall bracket adopts high grade material with powder coated finishing to offer a strong & durable built along with sleek high-tech look. The safety loading weight is 25 kgs.|TV Size Compatibility : 32 inches , 29 inches , 28 inches , 27 inches , 24 inches , 23 inches , 22 inches , 21 inches , 20 inches , 18 inches, 17 inches & 14 inches.|Easy & Quick Installation : Complete screws set provided with wall mounting kit to make installation a breeze . Wall mount can be installed to the TV quickly and easily with simple installation technique. Your tv will be on the wall within 15 mins. These wall mounts help in giving your home space a neat and clean look by mounting the TV's onto the walls.|Package Contents : TV Wall Bracket x 1 + Standard Screw Set x 1",https://m.media-amazon.com/images/I/41js3ITzVHL._SY300_SX300_QL70_FMwebp_.jpg,"{""main_cat"": ""Electronics"", ""sub_cat1"": ""HomeTheater,TV&Video"", ""sub_cat2"": ""Accessories"", ""sub_cat3"": ""TVMounts,Stands&Turntables"", ""sub_cat4"": ""TVWall&CeilingMounts""}"
"Smashtronics® - Case for Firetv Remote, Fire Stick Remote Cover Case, Silicone Cover for TV Firestick 4K/TV 2nd Gen(3rd Gen) Remote Control - Light Weight/Anti Slip/Shockproof (Black)","Electronics|HomeTheater,TV&Video|Accessories|RemoteControls",$2.39,$4.79,50%,"【100% Fits】Specially designed for Fire TV Stick (2nd Gen), Fire TV Stick 4K, Fire TV Cube, and Amazon Fire TV (3rd Gen, Pendant Design). Tips:Pls compare with your firestick model fit or not before purchase.|【Full Body Protection】High-quality and eco-friendly silicone material, harmless to your pets, kids and families. Prevent the child from opening the back cover and provides the maximum protection, anti-slip, anti-dust, shock proof and washable.|【Custom Cutting】Accurate hole wide open offers full access to all ports, buttons and functions. Humanized texture design protects your remote from slipping and skidding.Fast heat dissipation and anti-dust that no fingerprints leave.|【Easy to Find/Glowing】Equiped with 4 different colors per set.when you have multiple remotes mixed together, Ability to quickly identify, which saves you a lot of time. The glow green and glow blue which has Luminous colors glow in the dark, Let you find your remote control at night quickly. Don't worry losing your remote control anymore.",https://m.media-amazon.com/images/W/WEBP_402378-T2/images/I/31dENZ1gQVL._SX300_SY300_QL70_FMwebp_.jpg,"{""main_cat"": ""Electronics"", ""sub_cat1"": ""HomeTheater,TV&Video"", ""sub_cat2"": ""Accessories"", ""sub_cat3"": ""RemoteControls""}"
Electvision Remote Control for led Smart tv Compatible with VU Smart Led (Without Voice),"Electronics|HomeTheater,TV&Video|Accessories|RemoteControls",$4.19,$24.00,83%,"Compatible Devices: High-grade remote control Compatible with Vu LED / LCD TV Remote Control (Same Model Only). Farther transmitting distance, stable performance. Replaces your damage or old one and covers all the functions of the original remote.|Material: Durable Quality Plastic Body and Premium quality Soft|Power Supply: This remote works on 2 x AAA Batteries. But the BATTERIES ARE NOT INLCUDED. Use Good Quality Batteries for Longer Life of Remote.|Package Content: You will receive a Vu LED / LCD TV compatible Television Remote Control. The Remote comes in bristle Packaging. Batteries not included.|Disclaimer: PLEASE MATCH THE IMAGE With Your Existing Remote Before Placing The Order. Please Use New Batteries. If you don’t understand you can just contact our Electvision customer care number given in image Catalogue for any verification or Help.",https://m.media-amazon.com/images/W/WEBP_402378-T2/images/I/41rEpW57SyL._SX300_SY300_QL70_FMwebp_.jpg,"{""main_cat"": ""Electronics"", ""sub_cat1"": ""HomeTheater,TV&Video"", ""sub_cat2"": ""Accessories"", ""sub_cat3"": ""RemoteControls""}"
Sony Bravia 164 cm (65 inches) 4K Ultra HD Smart LED Google TV KD-65X74K (Black),"Electronics|HomeTheater,TV&Video|Televisions|SmartTelevisions",$936.25,$1679.47,44%,"Resolution: 4K Ultra HD (3840 x 2160) | Refresh Rate: 60 Hertz | 178 Degree wide viewing angle|Connectivity: 3 HDMI ports to connect set top box, Blu Ray players, gaming console | 2 USB ports to connect hard drives and other USB devices|Sound : 20 Watts Output | Open Baffle Speaker| Dolby Audio | Clear Phase|Smart TV Features: Google TV | Watchlist | Voice Search | Google Play | Chromecast | Netflix | Amazon Prime Video | Additional Features: Apple Airplay | Apple Homekit |Alexa|Display: X1 4K Processor | 4K HDR | Live Colour| 4K X Reality Pro | Motion Flow XR100|Warranty Information: 1 year warranty provided by the manufacture from the date of purchase|Installation: Brand will contact for installation for this product once delivered. Contact Sony for assistance (Please visit brand website for toll free numbers) and provide product's model name and seller's details mentioned on your invoice. The service center will allot you a convenient slot for the service|Easy returns: This product is eligible for replacement within 10 days of delivery in case of any product defects, damage or features not matching the description provided",https://m.media-amazon.com/images/I/51uVckL1jRL._SY300_SX300_QL70_FMwebp_.jpg,"{""main_cat"": ""Electronics"", ""sub_cat1"": ""HomeTheater,TV&Video"", ""sub_cat2"": ""Televisions"", ""sub_cat3"": ""SmartTelevisions""}"
7SEVEN® Compatible for Mi tv Remote Control Original Suitable with Smart Android 4K LED Non Voice Command Xiaomi Redmi Remote of 4A Model 32 43 55 65 inches,"Electronics|HomeTheater,TV&Video|Accessories|RemoteControls",$4.19,$9.59,56%,"Compatible mi remote control with : MI smart Tv 4A 32 inch Led TV /Mi 4A 43 inch led TV|Durable Quality, Rigid Body, Efficient Performance increases Device life for mi tv remote|Disclaimer: Please Match The Image With Your Existing Remote Before Placing The Order Before Use.* Please Use New AAA Batteries|This MI Remote is not having voice or Bluetooth function|Its 100% generic imported product not from xiaomi",https://m.media-amazon.com/images/I/31x9nSr-rqL._SY300_SX300_QL70_FMwebp_.jpg,"{""main_cat"": ""Electronics"", ""sub_cat1"": ""HomeTheater,TV&Video"", ""sub_cat2"": ""Accessories"", ""sub_cat3"": ""RemoteControls""}"
7SEVEN® Compatible Vu Smart Tv Remote Control Suitable for Original 4K Android LED Ultra HD UHD Vu Tv Remote with Non Voice Feature without google assistant,"Electronics|HomeTheater,TV&Video|Accessories|RemoteControls",$5.99,$10.79,44%,"[Compatible Devices]: High-grade remote control Compatible with Vu LED / LCD TV Remote Control (Same Model Only). Farther transmitting distance, stable performance. Replaces your damage or old one and covers all the functions of the original remote.|[Material]: Durable Quality Plastic Body and Premium quality Soft|[Power Source]: This remote works on 2 x AAA Batteries. But the BATTERIES ARE NOT INLCUDED. Use Good Quality Batteries for Longer Life of Remote.|[Package Content]: You will receive a Vu LED / LCD TV compatible Television Remote Control. The Remote comes in 7SEVEN Packaging Box. Batteries not included.|[Disclaimer]: PLEASE MATCH THE IMAGE With Your Existing Remote Before Placing The Order. Please Use New Batteries.",https://m.media-amazon.com/images/I/31c+W3iUSxL._SY300_SX300_.jpg,"{""main_cat"": ""Electronics"", ""sub_cat1"": ""HomeTheater,TV&Video"", ""sub_cat2"": ""Accessories"", ""sub_cat3"": ""RemoteControls""}"
SVM Products Unbreakable Set Top Box Stand with Dual Remote Holder (Black),"Electronics|HomeTheater,TV&Video|Accessories|TVMounts,Stands&Turntables|TVWall&CeilingMounts",$1.15,$4.79,76%,"Material : Plastic Unbreakable, Colour : Black|Product : Set Top Box Stand With Remote Holder|Size : 21 x 15 x 5 cm|Product Use : For Set Top Box And Remote / Wifi Stand / Telephone Stand / Cell Phone Charging Dock|Installation : Wall drilling required for this product. It can be installed through anchor and screws provided with the product.",https://m.media-amazon.com/images/I/41QvckgGiCL._SY300_SX300_QL70_FMwebp_.jpg,"{""main_cat"": ""Electronics"", ""sub_cat1"": ""HomeTheater,TV&Video"", ""sub_cat2"": ""Accessories"", ""sub_cat3"": ""TVMounts,Stands&Turntables"", ""sub_cat4"": ""TVWall&CeilingMounts""}"
VU 164 cm (65 inches) The GloLED Series 4K Smart LED Google TV 65GloLED (Grey),"Electronics|HomeTheater,TV&Video|Televisions|SmartTelevisions",$660.14,$1020.41,35%,"Resolution: 4K Ultra HD (3840x2160) | Refresh Rate: 60 hertz | 178 Degree wide viewing angle|Connectivity: 3 HDMI ports to connect set top box, Blue Ray players, gaming console | 2 USB ports to connect hard drives and other USB devices | 2.4/5GHz WiFi | HDMI CEC & eARC/ARC | Bluetooth 5.1|Sound : 104 Watt DJ Sound | Built-in Subwoofer | Dolby Atmos | Full range 4 Speaker | 1 Subwoofer | Surround Sound | Bass Boost|Smart TV Features : Google TV | Watchlist | Kids Mode | Google play store | Handsfree Mic | ActiVoice Remote Control | Hotkeys on Remote Control | Chromecast Built-In|Display : 4K Glo PanelI94% NTSC Color VolumeIDolby Vision IQIHDR10+IHLGIAI PQ EngineIDynamic Backlight ControlIAmbient Light SensorIMEMCIMotion EnhancementIDigital Noise ReductionIActive ContrastIAdvanced Cricket ModeICinema Mode IVRRIALLMIGame ModeIResolution 3840 x 2160|Warranty Information: 1-year warranty provided by the manufacturer from date of purchase|Installation/Wall mounting/Demo will be arranged by AHS Team. For any other information, please contact VU support (Please visit brand website for tollfree numbers) and provide product's model name as well as seller's details mentioned on the invoice|Easy Returns: This product is eligible for replacement within 10 days of delivery in case of any product defects, damage or features not matching the description",https://m.media-amazon.com/images/W/WEBP_402378-T2/images/I/41pdZIhY+gL._SY300_SX300_.jpg,"{""main_cat"": ""Electronics"", ""sub_cat1"": ""HomeTheater,TV&Video"", ""sub_cat2"": ""Televisions"", ""sub_cat3"": ""SmartTelevisions""}"
"CableCreation RCA to 3.5mm Male Audio Cable, 3.5mm to 2RCA Cable Male RCA Cable,Y Splitter Stereo Jack Cable for Home Theater,Subwoofer, Receiver, Speakers and More (3Feet/0.9Meter,Black)","Electronics|HomeTheater,TV&Video|Accessories|Cables|RCACables",$5.27,$9.10,42%,"🛒【CableCreation RCA Cable】:Great for connecting portable audio devices, such as for Smartphone (iPhone), MP3 player (iPod) or tablet (iPad) to a stereo receiver, speaker or other RCA-enabled device.❗❗❗:CableCreation backed with 2 years worry-free warranty and 7*24 friendly customer service. Any further questions and suggestions, please feel free to contact us|🛒【Fantastic Sound Quality】:Oxygen Free Copper and gold plated plugs ensure optimal signal stereo audio transmission,bringing you a good feeling|🛒【Bi-directional】:This 3.5mm rca male cable works both directions,from rca out to 3.5mm in or from 3.5mm in to rca out. Please note: you cannot choose same directions for use simultaneously.It must one side in,the other side out|🛒【24K Gold Plated Connectors】:Professional quality 24k gold plated connectors which protect the cables from corrosion while ensuring a premium connection for the best possible audio transfer year after year|🛒【Compatible Device】:3.5mm MP3 to RCA Audio cable is compatible with iPhone, iPod, iPad, tablets including Google Nexus, Samsung, MP3 players, CD players, laptops, tablets and any other digital device with a 3.5mm audio jack; and home audio systems, like amplifier or receiver with RCA(RCA white/left and red/right sockets)jacks for audio inputs",https://m.media-amazon.com/images/I/41Bh7qwDUmL._SY445_SX342_QL70_FMwebp_.jpg,"{""main_cat"": ""Electronics"", ""sub_cat1"": ""HomeTheater,TV&Video"", ""sub_cat2"": ""Accessories"", ""sub_cat3"": ""Cables"", ""sub_cat4"": ""RCACables""}"
AmazonBasics - High-Speed Male to Female HDMI Extension Cable - 6 Feet,"Electronics|HomeTheater,TV&Video|Accessories|Cables|HDMICables",$3.59,$8.40,57%,"High-speed HDMI extension cable (male to female) combines audio and video into one convenient cable|Connects your HDTV, Ultra HD (4K) TV, monitor, or projector to a computer, DVD player, streaming device, gaming station, or other HDMI-compatible device|Supports HDMI functions, including 3D video, Audio Return Channel (ARC), UHD, HD, HDMI Ethernet Channel (HEC), 48-bit deep color, 32-channel audio, HDCP, and True HD Dolby 7.1 and DTS-HD Master Audio; supports resolutions up to 4Kx2K (UHD) and transfer rates up to 340 MHz or 18 Gbps|30 AWG pure-copper conductors and triple shielding for strength and interference protection; black PVC outer layer and 24K gold-plated HDMI connectors for optimal signal transfer|Ferrite core helps filter out background noise",https://m.media-amazon.com/images/I/41BIgj-8fML._SY300_SX300_QL70_FMwebp_.jpg,"{""main_cat"": ""Electronics"", ""sub_cat1"": ""HomeTheater,TV&Video"", ""sub_cat2"": ""Accessories"", ""sub_cat3"": ""Cables"", ""sub_cat4"": ""HDMICables""}"
7SEVEN Compatible LG TV Remote Suitable for LG Non Magic Smart tv Remote Control (Mouse & Voice Non-Support) MR20GA Prime Video and Netflix Hotkeys,"Electronics|HomeTheater,TV&Video|Accessories|RemoteControls",$9.48,$24.00,60%,"for LG TV series All Models of Remote Control compatible|Comapatible Models: It is applicable for your LG Smart tv Universal Remote AN-MR600G AN-MR650 AN-MR650G ANMR650A ANMR600 AN-MR650B AN-MR19BA AN-MR18BA etc|App Hot-keys: Prime Video, Netflix and Customize your own!. No programming or setting up required.|This is the dedicated replacement remote control not the original one, but function is 100% same as original and it covers all the functions of original remote.|Note: This remote doesn't have voice command support",https://m.media-amazon.com/images/W/WEBP_402378-T2/images/I/315sEpeo50L._SX300_SY300_QL70_FMwebp_.jpg,"{""main_cat"": ""Electronics"", ""sub_cat1"": ""HomeTheater,TV&Video"", ""sub_cat2"": ""Accessories"", ""sub_cat3"": ""RemoteControls""}"
Realme Smart TV Stick 4K,Electronics|HomeAudio|MediaStreamingDevices|StreamingClients,$56.41,$56.41,0%,Type: HDMI|Power Requirement: DC 5 V|Number of Devices Supported: 1,https://m.media-amazon.com/images/W/WEBP_402378-T2/images/I/31M+JM+KZIL._SY300_SX300_.jpg,"{""main_cat"": ""Electronics"", ""sub_cat1"": ""HomeAudio"", ""sub_cat2"": ""MediaStreamingDevices"", ""sub_cat3"": ""StreamingClients""}"
Acer 100 cm (40 inches) P Series Full HD Android Smart LED TV AR40AR2841FDFL (Black),"Electronics|HomeTheater,TV&Video|Televisions|SmartTelevisions",$228.08,$300.00,24%,"Resolution: Full HD (1920x1080) | Refresh Rate : 60 Hertz | 178 Degree wide viewing angle|Connectivity: 2 HDMI ports to connect latest gaming consoles, set top box, Blu-ray Players | 2 USB ports to connect hard drives and other USB devices | Bluetooth 5.0 | SPDIF | Ethernet | Headphone out|Sound: 24 Watts High Fidelity Speakers | Dolby Audio|Smart TV Features: Certified Android TV 11 | Google Assistant | Chromecast built-in | Voice controlled Smart Remote | Hotkeys for Quick Access - Netflix, Prime Video, YouTube, Disney+Hotstar | 5 Picture Mode | 1.5GB RAM | 8GB Storage | 64bit Quad Core Processor|Display: Full High Definition | HDR10+ | HLG | Intelligent Frame Stabilization Engine | Dynamic Signal Calibration | 16.7 Million Colours | WCG | Super Brightness | Micro Dimming | Blue Light Reduction | 178 Degree Wide Viewing Angle|Warranty Information: 1 year comprehensive warranty provided by the manufacturer from date of purchase|Installation: Installation/Wall mounting/demo will be arranged by AHS Team. For any other information, please contact Amazon customer support.|Easy Returns: This product is eligible for replacement within 10 days of delivery in case of any product defects, damage or features not matching the description",https://m.media-amazon.com/images/W/WEBP_402378-T1/images/I/515t5K7hdqL._SY300_SX300_QL70_FMwebp_.jpg,"{""main_cat"": ""Electronics"", ""sub_cat1"": ""HomeTheater,TV&Video"", ""sub_cat2"": ""Televisions"", ""sub_cat3"": ""SmartTelevisions""}"
"AmazonBasics High-Speed Braided HDMI Cable - 3 Feet - Supports Ethernet, 3D, 4K and Audio Return (Black)","Electronics|HomeTheater,TV&Video|Accessories|Cables|HDMICables",$3.23,$7.80,59%,"Nylon-braided HDMI cable (A Male to A Male): supports Ethernet, 3D, 4K video, and Audio Return Channel (ARC)|Connects Bluray players, Fire TV, Apple TV, PS4, PS3, Xbox One, Xbox 360, computers, and other HDMI-enabled devices to TVs, displays, A/V receivers, and more|Allows for sharing an Internet connection among multiple devices without the need for a separate Ethernet cable|Meets the latest HDMI standards (4K video at 60 Hz, 2160p, 48 bit/px color depth); supports bandwidth up to 18 Gbps; backwards compatible with earlier versions|Cable length: 3 feet (0.9 meters); 1 year limited warranty",https://m.media-amazon.com/images/I/41SxrTzMivL._SX300_SY300_QL70_FMwebp_.jpg,"{""main_cat"": ""Electronics"", ""sub_cat1"": ""HomeTheater,TV&Video"", ""sub_cat2"": ""Accessories"", ""sub_cat3"": ""Cables"", ""sub_cat4"": ""HDMICables""}"
"Cubetek 3 in 1 LCD Display V5.0 Bluetooth Transmitter Receiver, Bypass Audio Adapter with Aux, Optical, Dual Link Support for TV, Home Stereo, PC, Headphones, Speakers, Model: CB-BT27","Electronics|HomeTheater,TV&Video|AVReceivers&Amplifiers",$23.89,$37.21,36%,"3 IN 1 V5.0 BLUETOOTH AUDIO ADAPTER: It has 3 modes (TX, RX and Bypass). TX transmits audio from your TV / computer to your Bluetooth headphones / speakers; RX mode for receiving Audio from your cellphone to home Stereos; Bypass mode can connect Tv / computer to speakers directly. In this way, you will be able to get rid of wires and enjoy high quality wireless audio freely in your home.|LCD DISPLAY & VOLUME CONTROL KNOB: First one of its kind Bluetooth Transmitter to Display nearby Available devices, thus making pairing easy and help connect to desired devices. Also with Volume Control knob you can easily control the audio directly from the Transmitter. Note: It cannot amplify the existing audio, but only control it. Displays upto 8 Nearby devices.|FLEXIBLE CONNECTIONS (OPTICAL + 3.5mm AUX + RCA): Beside 3.5mm Aux/RCA connection, the audio Bluetooth transmitter for TV plus Bluetooth receiver for TV edge ahead by also supporting TOSLINK optical cable input and output so your TV with optical sound output can feed the adapter, and your audio system can also wireless connect with the Bluetooth Adapter for home stereo.|CONNECT 2 DEVICES SIMULTANEOUSLY: Two Bluetooth headphones or speakers can pair at once so children can watch in silence and give parents a much needed break.|ALWAYS ON: No need to Charge, as device does not come with any battery. Instead keep it powered and enjoy hassle free transmission of audio from the device.",https://m.media-amazon.com/images/W/WEBP_402378-T2/images/I/315GvM3Qq6S._SX300_SY300_QL70_FMwebp_.jpg,"{""main_cat"": ""Electronics"", ""sub_cat1"": ""HomeTheater,TV&Video"", ""sub_cat2"": ""AVReceivers&Amplifiers""}"
"KRISONS Thunder Speaker, Multimedia Home Theatre, Floor Standing Speaker, LED Display with Bluetooth, FM, USB, Micro SD Card, AUX Connectivity",Electronics|HomeAudio|Speakers|TowerSpeakers,$27.60,$48.01,43%,"HIGH BASS 5000W P.M.P.O- Offers bold sonic output. Experience Full HD sound with punchy bass with its two powerful pairs of speakers|MULTIPLE CONNECTIVITY- With its impressive portability & connectivity, you can connect to this speaker via Bluetooth, USB, FM Radio, AUX Cable & Mic|ON-BOARD BUTTON CONTROLS- It has On-Board Button Controls with all of the functionality you need. You can Play/Pause Music, Increase/Decrease the Volume or Change the Song to the Previous/Next with a tap of your finger.|DYNAMIC COMPATIBILITY- It can get connected to LED TVs, mobiles, laptops, tablets, PC’s, gaming consoles, and DVD/VCD players|SLEEK DESIGN WITH PREMIUM FINISH- This speaker not only sounds great but looks great as well. Its sleek and elegant design perfectly complements any room and is compact enough to be moved around",https://m.media-amazon.com/images/W/WEBP_402378-T1/images/I/41zEHNLyhKL._SX300_SY300_QL70_FMwebp_.jpg,"{""main_cat"": ""Electronics"", ""sub_cat1"": ""HomeAudio"", ""sub_cat2"": ""Speakers"", ""sub_cat3"": ""TowerSpeakers""}"
Acer 139 cm (55 inches) H Series 4K Ultra HD Android Smart LED TV AR55AR2851UDPRO (Black),"Electronics|HomeTheater,TV&Video|Televisions|SmartTelevisions",$432.16,$600.12,28%,"Resolution: 4K Ultra HD (3840 x 2160) | Refresh Rate : 60 Hertz | 178 Degree wide viewing angle|Connectivity: 3 HDMI ports to connect latest gaming consoles, set top box, Blu-ray Players | 2 USB ports to connect hard drives and other USB devices | eARC - Dolby Atmos Passthrough eARC HDMI 1 port | Bluetooth 5.0 | SPDIF | Ethernet | Headphone out|Sound: 60 Watts HiFi Speakers | Dolby Atmos|Smart TV Features: Certified Android TV 11 | Google Assistant | Chromecast built-in | Voice controlled Smart Remote | Hotkeys for Quick Access - Netflix, Prime Video, YouTube, Disney+Hotstar | 5 Picture Mode | 2GB RAM | 16GB Storage | 64bit Quad Core Processor|Display: 4K HDR | HDR10+ | HLG | Dolby Vision | 4K Upscaling | MEMC | Dynamic Signal Calibration | 1.07 Billion Colours | WCG+ | Super Brightness | Micro Dimming | Blue Light Reduction | 178 Degree Wide Viewing Angle|Warranty Information: 3 years comprehensive warranty provided by the manufacturer from date of purchase|Installation: Installation/Wall mounting/demo will be arranged by AHS Team. For any other information, please contact Amazon customer support.|Easy Returns: This product is eligible for replacement within 10 days of delivery in case of any product defects, damage or features not matching the description",https://m.media-amazon.com/images/I/51aFoI9nNZL._SY300_SX300_QL70_FMwebp_.jpg,"{""main_cat"": ""Electronics"", ""sub_cat1"": ""HomeTheater,TV&Video"", ""sub_cat2"": ""Televisions"", ""sub_cat3"": ""SmartTelevisions""}"
Dealfreez Case Compatible for Fire TV Stick 4K All Alexa Voice Remote Shockproof Silicone Anti-Lost Cover with Loop (C-Black),"Electronics|HomeTheater,TV&Video|Accessories|RemoteControls",$4.19,$11.99,65%,"【Compatibility】: Specially designed for Fire TV Stick 4K All-new Alexa Voice Remote with power and volume controls. (REMOTE NOT INCLUDED)|【3 Meters Shockproof】: Durable Silicone Material can protect your remote from 3 meters high drop, effectively protects your remote from daily impact and unwanted dust and scratches.|【Perfect Fit】: The slim and form-fitted design of the case protects yourFire TV Remote with minimal bulk.|【Accessibility】: Revised with precision cut-outs to ensure full access to all ports, buttons, and features of your Fire TV Stick 4K All Alexa Voice Remote.|【Shock & Bump Resistant】 This Cover protects your remote from scratches, wear, tear, and dirt with this unique proprietary skin material.",https://m.media-amazon.com/images/W/WEBP_402378-T1/images/I/41Zc-phmoEL._SX300_SY300_QL70_FMwebp_.jpg,"{""main_cat"": ""Electronics"", ""sub_cat1"": ""HomeTheater,TV&Video"", ""sub_cat2"": ""Accessories"", ""sub_cat3"": ""RemoteControls""}"
VW 80 cm (32 inches) HD Ready Android Smart LED TV VW32PRO (Black),"Electronics|HomeTheater,TV&Video|Televisions|SmartTelevisions",$108.03,$228.08,53%,"Connectivity: 1 Hdmi Ports To Connect Set Top Box, Blu Ray Players, Gaming Console, 2 Usb Ports To Connect Hard Drives And Other Usb Devices|Display: IPE Techonology, Eco Vision, Cinema Mode, Cinema Zoom, Supports 16.7 Million Colours|Resolution: Hd Ready (1366X768), Refresh Rate: 60 Hertz, Viewing Angle: 178 Degrees|Sound: 20 Watts Output, Power Audio, Music Equalizer|Installation: For requesting installation/wall mounting/demo of this product once delivered, please directly call Visio World support on (Please visit brand website for toll free numbers) and provide product's model name as well as seller's details mentioned on the invoice|Smart Tv Features: Built-In Wifi, Android, Screen Mirroring, Pc Connectivity, Wireless Headphone Control, Ecod|Easy returns: This product is eligible for replacement/refund within 10 days of delivery in case of any product defects, damage or features not matching the description provided|Warranty Information: 1 year warranty provided by Visio World from date of purchase",https://m.media-amazon.com/images/W/WEBP_402378-T2/images/I/51HNUsgY29L._SY300_SX300_QL70_FMwebp_.jpg,"{""main_cat"": ""Electronics"", ""sub_cat1"": ""HomeTheater,TV&Video"", ""sub_cat2"": ""Televisions"", ""sub_cat3"": ""SmartTelevisions""}"
Airtel Digital TV HD Set Top Box with 1 Month Basic Pack with Recording + Free Standard Installation,"Electronics|HomeTheater,TV&Video|SatelliteEquipment|SatelliteReceivers",$11.01,$27.60,60%,One Month Pack Subscription Included|Airtel HD Set Top Box brings a theatre-like experience to your home with HD Premium Quality Video (1080i resolution)|Dolby digital plus 5.1 surround sound|Record and Play Live TV so that you never miss your favourite shows.|Delivery and Standard Installation are included. Any other accessory which is not a part of the standard installation will be charged separately.,https://m.media-amazon.com/images/I/31x1oQ78mDL._SY300_SX300_QL70_FMwebp_.jpg,"{""main_cat"": ""Electronics"", ""sub_cat1"": ""HomeTheater,TV&Video"", ""sub_cat2"": ""SatelliteEquipment"", ""sub_cat3"": ""SatelliteReceivers""}"
LOHAYA Voice Assistant Remote Compatible for Airtel Xstream Set-Top Box Remote Control with Netflix Function (Black) (Non - Voice),"Electronics|HomeTheater,TV&Video|Accessories|RemoteControls",$4.79,$11.99,60%,100% Best Quality Plastic Body and Soft Silicone Rubber Keypad|Remotes are checked by Testing Machine Before Shipment|Imported Generic Product Not by Airtel|Please Match the Image with Your Existing Remote Before Placing the Order,https://m.media-amazon.com/images/W/WEBP_402378-T1/images/I/31GCzAA+FyL._SY300_SX300_.jpg,"{""main_cat"": ""Electronics"", ""sub_cat1"": ""HomeTheater,TV&Video"", ""sub_cat2"": ""Accessories"", ""sub_cat3"": ""RemoteControls""}"
Samsung 138 cm (55 inches) Crystal 4K Series Ultra HD Smart LED TV UA55AUE60AKLXL (Black),"Electronics|HomeTheater,TV&Video|Televisions|SmartTelevisions",$552.21,$839.14,34%,"Resolution : Crystal 4K UHD (3840 x 2160) resolution | Refresh Rate : 60 Hertz|Connectivity: 3 HDMI ports to connect set top box, Blu-ray speakers or a gaming console | 1 USB ports to connect hard drives or other USB devices|Display: Ultra HD (4k) LED Panel | One Billion Colors | Air Slim Design | Supports HDR 10+ | PurColor | Mega Contarst | UHD Dimming | Auto Game Mode|Sound: 20 Watts Output | Powerful Speakers with Dolby Digital Plus | Q Symphony|Smart TV Features : Prime Video, Hotstar, Netflix, Zee5 and more | Tap View | PC Mode | Universal Guide | Web Browser | Screen Mirroring|Warranty Information: 1 Year warranty provided by manufacturer from date of purchase and 1 Year Additional on Panel|Installation: For requesting installation/wall mounting/demo of this product once delivered, please directly call Samsung support on [1800407267864 / 180057267864] and provide product's model name as well as seller's details mentioned on the invoice|Easy Returns: This product is eligible for replacement within 10 days of delivery in case of any product defects, damage or features not matching the description",https://m.media-amazon.com/images/W/WEBP_402378-T1/images/I/41Y9XnzBHTL._SY300_SX300_QL70_FMwebp_.jpg,"{""main_cat"": ""Electronics"", ""sub_cat1"": ""HomeTheater,TV&Video"", ""sub_cat2"": ""Televisions"", ""sub_cat3"": ""SmartTelevisions""}"
Mi 100 cm (40 inches) Horizon Edition Full HD Android LED TV 4A | L40M6-EI (Black),"Electronics|HomeTheater,TV&Video|Televisions|SmartTelevisions",$264.09,$360.13,27%,"Resolution : Full HD (1920x1080) resolution | Refresh Rate : 60 Hertz | 178 Degree wide viewing angle|Connectivity: 3 HDMI ports to connect set top box, Blu-Ray players, gaming console | 2 USB ports to connect hard drives and other USB devices | 3.5mm to connect your headphones | S/PDIF port to connect Speakers|Sound: 20 Watts Output | Powerful Stereo Speakers | DTS-HD|Smart TV Features : Android TV 9 | Chromecast built-in | PatchWall 4 with IMDb integration | Universal search | Miracast | Supported Apps: Prime Video, Netflix, Disney + Hotstar, YouTube, Apple TV, 5000+ apps from Play Store | Quad core processor | Built-in Wi-Fi | 1GB RAM + 8GB Storage|Display: Bezel-less Design | LED Panel | Vivid Picture engine | Detailed Picture Controls | Ultra bright screen | Dynamic contrast | Dynamic backlight|Warranty Information: 1 year comprehensive warranty on product and 1 year additional on Panel provided by the brand from the date of purchase|Easy Returns: This product is eligible for replacement within 10 days of delivery in case of any product defects, damage or features not matching the description provided",https://m.media-amazon.com/images/W/WEBP_402378-T2/images/I/41giUEJJGDL._SY300_SX300_QL70_FMwebp_.jpg,"{""main_cat"": ""Electronics"", ""sub_cat1"": ""HomeTheater,TV&Video"", ""sub_cat2"": ""Televisions"", ""sub_cat3"": ""SmartTelevisions""}"
"Astigo Compatible Remote Control for Mi Smart LED 4A (43""/32"")","Electronics|HomeTheater,TV&Video|Accessories|RemoteControls",$3.59,$7.19,50%,Customer Care at 9599141927(whatsapp only) for compatibility check or technical issue|Mi LED TV remote control|Keep away from fire or water|Compatible with MI Smart TV 4A 32 inch LED TV /Mi 4A 43 inch LED TV | Mi LED Smart TV 4A (32 inch/43 inch)|Please match your old remote before placing an oorder.,https://m.media-amazon.com/images/W/WEBP_402378-T2/images/I/31yPzs3mAlL._SX300_SY300_QL70_FMwebp_.jpg,"{""main_cat"": ""Electronics"", ""sub_cat1"": ""HomeTheater,TV&Video"", ""sub_cat2"": ""Accessories"", ""sub_cat3"": ""RemoteControls""}"
Toshiba 108 cm (43 inches) V Series Full HD Smart Android LED TV 43V35KP (Silver),"Electronics|HomeTheater,TV&Video|Televisions|SmartTelevisions",$263.99,$420.05,37%,"Resolution: Full HD (1920x1080) | Refresh Rate: 60 hertz | 178 Degree wide viewing angle | Bezel-less Design|Connectivity: 2 HDMI ports to connect set top box, Blu-Ray players, gaming console | 2 USB ports to connect hard drives and other USB devices | 3.5mm to connect your headphones | Bluetooth|Sound : 20 Watts Powerful Stereo Speakers | Dolby Audio | DTS Virtual: X for remarkable sound quality|Smart TV Features : Certified Android TV 11 | Chromecast built-in | Miracast | Supported Apps: Prime Video | Netflix | Disney + Hotstar | YouTube | Apple TV | 5000+ apps from Play Store| Quad core processor | Dual band Wi-Fi | 1GB RAM + 8GB Storage|Display: A+ Grade LED panel | REGZA picture engine | Smooth Motion | High Contrast | Ultra bright screen for flawless picture quality even in bright rooms|Warranty Information: 2 Year Comprehensive Warranty on product provided by Toshiba from date of purchase.|Installation: Brand will contact for installation for this product once delivered. Contact Toshiba for assistance @ (Please visit brand website for tollfree numbers) and provide product's model name and seller's details mentioned on your invoice. The service center will allot you a convenient slot for the service|Easy Returns: This product is eligible for replacement within 10 days of delivery in case of any product defects, damage or features not matching the description",https://m.media-amazon.com/images/W/WEBP_402378-T2/images/I/51iQQPQSiGL._SX300_SY300_QL70_FMwebp_.jpg,"{""main_cat"": ""Electronics"", ""sub_cat1"": ""HomeTheater,TV&Video"", ""sub_cat2"": ""Televisions"", ""sub_cat3"": ""SmartTelevisions""}"
LG 139 cm (55 inches) 4K Ultra HD Smart LED TV 55UQ7500PSF (Ceramic Black),"Electronics|HomeTheater,TV&Video|Televisions|SmartTelevisions",$576.11,$960.26,40%,"Resolution: 4K Ultra HD (3840x2160) | Refresh Rate: 60 hertz|Connectivity: Wi-Fi (Built-in) | 3 HDMI ports to connect set top box, Blu Ray players, gaming console | 1 USB ports to connect hard drives and other USB devices | eARC | Bluetooth 5.0 | Optical | Ethernet|Sound: 20 Watts Output | 2.0 Ch Speaker | AI Sound (Virtual Surround 5.1 up-mix) | Auto Volume Levelling | Bluetooth Surround Ready|Smart TV Features: AI ThinQ & WebOS 22 with User Profiles | Game Optimizer & Dashboard | α5 Gen5 AI Processor 4K | Unlimited OTT App Support: Netflix, Prime Video, Disney+ Hotstar, Apple TV, SonyLIV, Discovery+, Zee5 | ALLM & HGiG Mode | HDR 10 Pro & Active HDR|Display: 4K Ultra HD LED Display | 4K Upscaler | AI Brightness Control|Warranty Information: 1 Year LG India Comprehensive Warranty and additional 1 year Warranty is applicable on panel/module from the date of purchase|Installation : For requesting installation/wall mounting/demo of this product once delivered, please directly call LG support (Please visit LG Website for Toll Free Numebrs) and provide product's model name as well as seller's details mentioned on the invoice",https://m.media-amazon.com/images/W/WEBP_402378-T2/images/I/51dOjIreG4L._SX300_SY300_QL70_FMwebp_.jpg,"{""main_cat"": ""Electronics"", ""sub_cat1"": ""HomeTheater,TV&Video"", ""sub_cat2"": ""Televisions"", ""sub_cat3"": ""SmartTelevisions""}"
Tata Sky Digital TV HD Setup Box Remote,"Electronics|HomeTheater,TV&Video|Accessories|RemoteControls",$2.58,$5.99,57%,Color black|Long lasting|Digital TV HD Setup Box Remote,https://m.media-amazon.com/images/W/WEBP_402378-T1/images/I/41o4qDiFFwL._SX300_SY300_QL70_FMwebp_.jpg,"{""main_cat"": ""Electronics"", ""sub_cat1"": ""HomeTheater,TV&Video"", ""sub_cat2"": ""Accessories"", ""sub_cat3"": ""RemoteControls""}"
VU 108 cm (43 inches) Premium Series Full HD Smart LED TV 43GA (Black),"Electronics|HomeTheater,TV&Video|Televisions|SmartTelevisions",$228.08,$420.17,46%,"Resolution : Full HD (1920x1080) | Refresh Rate : 60 Hertz | 178 Degree wide viewing angle|Connectivity: 2 HDMI ports to connect set top box, Blu-ray speakers or gaming console | 2 USB ports to connect hard drives or other USB devices|Sound: 20 Watts output | Dolby Audio | DTS HD | Bass Boost | Dialog Clarity | TruVolume|Smart TV Features : Netflix | Prime Video | YouTube | YouTube Music | Zee5 | Wake up on LAN, WiFi | Wireless IEEE 802.11: b, g, n, 2.4GHz | Screen Mirrioring|Display : A+ Grade High Bright Panel I Natural Color Enhancer I Adaptive Contrast I Clear Motion I 1:1 Pixel Mapping I Cinema Day & Night Mode I Game Mode I Sports Mode I MPEG Noise Reduction|Warranty Information: 1 year warranty provided by Vu from date of purchase|Installation Information : Installation/Wall mounting/Demo will be arranged by AHS Team. For any other information, please contact VU support on (visit brand website for toll-free numbers)|Easy Returns: This product is eligible for replacement within 10 days of delivery in case of any product defects, damage or features not matching the description",https://m.media-amazon.com/images/I/51eyIMn02bL._SX300_SY300_QL70_FMwebp_.jpg,"{""main_cat"": ""Electronics"", ""sub_cat1"": ""HomeTheater,TV&Video"", ""sub_cat2"": ""Televisions"", ""sub_cat3"": ""SmartTelevisions""}"
Kodak 80 cm (32 Inches) HD Ready LED TV Kodak 32HDX900S (Black),"Electronics|HomeTheater,TV&Video|Televisions|StandardTelevisions",$96.03,$192.06,50%,"Resolution: HD Ready (1920 * 1080) | Refresh Rate: 60 Hertz|Connectivity: 2 HDMI ports to connect set top box, Blu Ray players, gaming console | 2 USB ports to connect hard drives and other USB devices | 1 VGA Port to connect the laptop|Sound: 20 Watts Output | Audio Boost 20 watts Output|Display: HD Ready | Dynamic Picture Enhancement | Wide Viewing | Perfect Panel | Sleek & Sophisticated Design|Easy returns: This product is eligible for replacement within 10 days of delivery in case of any product defects, damage or features not matching the description provided",https://m.media-amazon.com/images/I/51xYKHUpdHL._SY300_SX300_QL70_FMwebp_.jpg,"{""main_cat"": ""Electronics"", ""sub_cat1"": ""HomeTheater,TV&Video"", ""sub_cat2"": ""Televisions"", ""sub_cat3"": ""StandardTelevisions""}"
Firestick Remote,"Electronics|HomeTheater,TV&Video|Accessories|RemoteControls",$15.47,$30.00,48%,"by JBDE | Compatible For Amazon Fire TV Stick (3rd Gen, 2021) | Compatible For Amazon Fire TV Stick Lite | Compatible For Amazon Fire TV Stick (2nd Gen) | Compatible For Amazon Fire TV Stick 4K | Compatible For Amazon Fire TV Stick 4K Max streaming device | Compatible For Amazon Fire TV Stick Plus (2021) ||This is voice remote control, you need to pair it first before you use, and below is pairing steps: Press the Home button about 8-30 seconds until the LED starts to rapidly flash amber, then the remote should automatically pair with your device.|With standard navigation and playback controls, you can quickly skip to your favorite scenes.|Alexa funtion make it easily to find, launch and control all existing content you want, such as play music, view sports scores, check the weather, see live camera feeds, and control compatible smart home devices.",https://m.media-amazon.com/images/I/31jcyZIAWWL._SX300_SY300_QL70_FMwebp_.jpg,"{""main_cat"": ""Electronics"", ""sub_cat1"": ""HomeTheater,TV&Video"", ""sub_cat2"": ""Accessories"", ""sub_cat3"": ""RemoteControls""}"
"AmazonBasics 10.2 Gbps High-Speed 4K HDMI Cable with Braided Cord (10-Foot, Dark Grey)","Electronics|HomeTheater,TV&Video|Accessories|Cables|HDMICables",$7.31,$18.01,59%,"10-Foot high-speed premium HDMI cable (A Male to A Male) for transmitting video and audio signals from source to display|Connect tablets, laptops and other HDMI enabled devices to projectors, video conference systems, HDTV, monitors, and more|Durable, double-shielded 30AWG cable with nylon braided jacket and aluminum housing|Supports Ethernet, 3D, 4K video, and Audio Return Channel (ARC); 30Hz, 10.2Gbps bandwith|Plug and play design removes the need for complicated drivers or setup time; Backed by an Amazon Basics 1-year limited warranty",https://m.media-amazon.com/images/W/WEBP_402378-T2/images/I/41m1oMmTMCL._SX300_SY300_QL70_FMwebp_.jpg,"{""main_cat"": ""Electronics"", ""sub_cat1"": ""HomeTheater,TV&Video"", ""sub_cat2"": ""Accessories"", ""sub_cat3"": ""Cables"", ""sub_cat4"": ""HDMICables""}"
Hisense 126 cm (50 inches) Bezelless Series 4K Ultra HD Smart LED Google TV 50A6H (Black),"Electronics|HomeTheater,TV&Video|Televisions|SmartTelevisions",$396.04,$660.14,40%,"Resolution : 4K Ultra HD (3840x2160) | Refresh Rate : 60 Hertz | 178 Degree wide viewing angle|Connectivity: 3 HDMI ports to connect set top box, Blu Ray players, gaming console | 2 USB ports to connect hard drives and other USB devices | Dual-band Wi-Fi | Bluetooth 5.1|Sound : 24 Watts Output | Dolby Atmos | Dolby Digital|Smart TV features: Google TV | Watchlist | Google Assistant | Far Filed Vioce Control | Chromecast, Miracast, DLNA | Auto Low Latency Mode for VRR | Supported Apps : Netflix, Youtube, Prime Video, Hotstar, SonyLiv, Hungama, JioCinema, Zee5, Eros Now|Display :10 bit Panel | Bezel-less Floating Display Design | ALLM | Decoding of Dolby Vision, HDR10, HLG | 1 Billion Colours | MEMC|Warranty Information: 2 Year Comprehensive Warranty on product provided by Hisense from date of purchase.|Installation: For requesting installation/wall mounting/demo of this product once delivered, please directly call Hisense Support for assistance (Please visit Hisense Website for Toll Free Numbers) and provide product's model name and seller's details mentioned on your invoice. The service center will allot you a convenient slot for the service|Easy Returns: This product is eligible for replacement within 10 days of delivery in case of any product defects, damage or features not matching the description",https://m.media-amazon.com/images/I/41uqZs26+oL._SY300_SX300_.jpg,"{""main_cat"": ""Electronics"", ""sub_cat1"": ""HomeTheater,TV&Video"", ""sub_cat2"": ""Televisions"", ""sub_cat3"": ""SmartTelevisions""}"
"Tuarso 8K HDMI 2.1 Cable 48Gbps , 1.5 Meter High-Speed Braided HDMI Cable ( 8K@60HZ、4K@120HZ、2K@240HZ ) HDMI 2.1 Cable Compatible with Monitors , Television , Laptops , Projectors , Game Consoles and more with HDMI Ports Device","Electronics|HomeTheater,TV&Video|Accessories|Cables|HDMICables",$7.19,$24.00,70%,"⚡ [ Newest Technology 8K HDMI 2.1 Cable ] - Tuarso hdmi 2.1 cable have bandwidth of 48Gbps , supports 8K@60Hz and 4K@120Hz . Dynamic HDR and 12Bit color depth and eARC . It is also backward compatible with HDMI 2.0b / 2.0a / 1.4 / 1.3 / 1.2 / 1.1 versions .|⚡ [ HDMI Cable For Game Enthusiasts ] - This HDMI Cable is not limited to 4K@60HZ , it can break through 4K and achieve 8K ultra-high image quality , It can also achieve a super smooth picture of 4K@120HZ . Variable Refresh Rate ( VRR ) synchronizes the refresh rate of the screen and the source to avoid picture lag . Quick Frame Transfer ( QFT ) transfers each frame at a higher rate . Maximizes the value of the graphics card and monitor .|⚡ [ 24K Gold Plated & Braided Cable ] - 8K hdmi cable connectors made of 24K gold plated , aluminum shell stable heat dissipation .Cable core made of 30AWG tinned copper and features triple shielding , can seamlessly transfer high-quality video and audio signals , The nylon braided cover on the outer layer ensures excellent durability under heavy use and multiple mating and unplugging , and can withstand more than 25,000 flexes in rigorous laboratory testing .|⚡ [ Immersive Cinema-like Sound Effect ] - 8K hdmi cable 2.1 supports the latest high-bitrate audio formats including DTS Master , DTS:X , Atoms , and enhanced Audio Return Channel ( eARC ) . It offers an immersive multi-dimensional experience and enhances audio detail and depth .|⚡ [ 24 x 7 Customer Support ] - This hdmi cable 2.1 comes with professional after-sales support and 6-month warranty . You're welcome to contact us with any questions or concerns , We will deal with your problem as soon as possible .",https://m.media-amazon.com/images/I/41+BBk2fGcL._SX342_SY445_.jpg,"{""main_cat"": ""Electronics"", ""sub_cat1"": ""HomeTheater,TV&Video"", ""sub_cat2"": ""Accessories"", ""sub_cat3"": ""Cables"", ""sub_cat4"": ""HDMICables""}"
Kodak 139 cm (55 inches) 4K Ultra HD Smart LED TV 55CA0909 (Black),"Electronics|HomeTheater,TV&Video|Televisions|SmartTelevisions",$360.13,$612.23,41%,"Resolution : Ultra HD 4k (3840 X 2160) resolution | Refresh Rate : 60 Hertz | 178 Degree wide viewing angle|Connectivity: 3 HDMI ports to connect set top box, Blu-ray speakers or a gaming console | 2 USB ports to connect hard drives or other USB devices|Sound: 30 Watts Output | Powerful Speakers with Digital Dolby Plus Audio | DTS Tru Surround for remarkable sound quality|Smart TV Features : Kodak LED TV provides experience that brings together your favorite streaming content on the home screen. Choose from a vast catalog of movies and TV shows from Netflix, Prime Video, Hotstar, Zee5, Sony LIV and more | Apps: Netflix, YouTube, Prime Video, Hotstar, Zee5, SonyLiv and more | Display Mirroring for compatible devices|Display : Durable A+ Grade DLED panel |HDR 10 for Ultra bright screen for flawless picture quality even in bright rooms|Warranty Information: 1 Year warranty provided by Kodak TV from date of purchase|Easy Returns: This product is eligible for replacement within 10 days of delivery in case of any product defects, damage or features not matching the description",https://m.media-amazon.com/images/I/512qfz0MI0L._SX300_SY300_QL70_FMwebp_.jpg,"{""main_cat"": ""Electronics"", ""sub_cat1"": ""HomeTheater,TV&Video"", ""sub_cat2"": ""Televisions"", ""sub_cat3"": ""SmartTelevisions""}"
"Smashtronics® - Case for Firetv Remote, Fire Stick Remote Cover Case, Silicone Cover for TV Firestick 4K/TV 2nd Gen(3rd Gen) Remote Control - Light Weight/Anti Slip/Shockproof (Black)","Electronics|HomeTheater,TV&Video|Accessories|RemoteControls",$2.39,$4.79,50%,"【100% Fits】Specially designed for Fire TV Stick (2nd Gen), Fire TV Stick 4K, Fire TV Cube, and Amazon Fire TV (3rd Gen, Pendant Design). Tips:Pls compare with your firestick model fit or not before purchase.|【Full Body Protection】High-quality and eco-friendly silicone material, harmless to your pets, kids and families. Prevent the child from opening the back cover and provides the maximum protection, anti-slip, anti-dust, shock proof and washable.|【Custom Cutting】Accurate hole wide open offers full access to all ports, buttons and functions. Humanized texture design protects your remote from slipping and skidding.Fast heat dissipation and anti-dust that no fingerprints leave.|【Easy to Find/Glowing】Equiped with 4 different colors per set.when you have multiple remotes mixed together, Ability to quickly identify, which saves you a lot of time. The glow green and glow blue which has Luminous colors glow in the dark, Let you find your remote control at night quickly. Don't worry losing your remote control anymore.",https://m.media-amazon.com/images/W/WEBP_402378-T2/images/I/31dENZ1gQVL._SX300_SY300_QL70_FMwebp_.jpg,"{""main_cat"": ""Electronics"", ""sub_cat1"": ""HomeTheater,TV&Video"", ""sub_cat2"": ""Accessories"", ""sub_cat3"": ""RemoteControls""}"
7SEVEN® Suitable Sony Tv Remote Original Bravia for Smart Android Television Compatible for Any Model of LCD LED OLED UHD 4K Universal Sony Remote Control,"Electronics|HomeTheater,TV&Video|Accessories|RemoteControls",$4.19,$8.39,50%,"[Universal Remote Control] This Remote Compatible and 100% replacement of all model's of Sony Television|[Compatible] All Type of Sony LED / LCD / OLED / QLED TV|All Products are Checked by Testing Machine before Packing|Work as a great substitute for your Original Sony Remote. The remote doesn't require any setup, Just install pair of new batteries and the remote is ready to use.|Long Distance range can be operated from any corner of the room. The remote provides Maximum efficiency and lasts long and give long battery life. Durable Quality, Rigid Body, Efficient Performance increases Device life.",https://m.media-amazon.com/images/I/31NDmmkm19L._SX300_SY300_QL70_FMwebp_.jpg,"{""main_cat"": ""Electronics"", ""sub_cat1"": ""HomeTheater,TV&Video"", ""sub_cat2"": ""Accessories"", ""sub_cat3"": ""RemoteControls""}"
"PROLEGEND® PL-T002 Universal TV Stand Table Top for Most 22 to 65 inch LCD Flat Screen TV, VESA up to 800 by 400mm","Electronics|HomeTheater,TV&Video|Accessories|TVMounts,Stands&Turntables|TVWall&CeilingMounts",$22.21,$54.02,59%,"TV LEG】--The universal tv stand base fits most 32 37 40 42 47 50 55 inch LCD LED Plasma Oled QLED 4K Smart flat/curved screen TVs with mounting holes on the back of your TV from 200x100mm up to 800x400mm.|【LOADING CAPACITY】--Heavy Duty Sturdy steel design make the tabletop tv leg base load capacity up to 88 lbs. Furthermore, it offers a stylish look to suit any decor, with sharp angles and a black matte finish.|【ADJUSTABLE HEIGHT】-- This tv base stand can adjust your TV heght from 20.2"" to 22.5"" makes your TV always at eye level for better view.|【NO SCRATCH&ANTI-SLIP】--It's great the tv replacement stand comes with soft pad on the bottom to protect the furniture from being scratched and protect your TV from slipping|【EASY INSTALLATION】-- Simple construction allows easy installation with easy to follow manual and all of the required hardware provided",https://m.media-amazon.com/images/I/21rEkD8xxpL._SX300_SY300_QL70_FMwebp_.jpg,"{""main_cat"": ""Electronics"", ""sub_cat1"": ""HomeTheater,TV&Video"", ""sub_cat2"": ""Accessories"", ""sub_cat3"": ""TVMounts,Stands&Turntables"", ""sub_cat4"": ""TVWall&CeilingMounts""}"
WANBO X1 Pro (Upgraded) | Native 1080P Full HD | Android 9 | Projector for Home | LED Cinema | 350ANSI | 3900 lumens | WiFi Bluetooth | HDMI ARC | Dolby DTS | 4D Keystone Correction (Global Version),"Electronics|HomeTheater,TV&Video|Projectors",$167.95,$346.94,52%,"✔️ Powerfully Compact: Wanbo X1 pro boasts incredible brightness, wireless screen sharing, booming sound, and crystal-clear Native Full HD resolution, all in lightweight, and compact form factor. X1 turns any room into a home theatre, with a wide projection range that spans from 40 to 200 inches – allowing you to enjoy big-screen immersion with ease.|✔️ With 350 ANSI lumens light output and 87% NTSC color space coverage, X1 Pro projects bright and crisp Full HD (1920 x 1080) resolution images. A mercury-free RGB LED light source ensures gorgeous, fade-free projections for up to 20 years, or about 30,000 hours of use.|✔️ Full Glass Lens, Clear and Durable: Clear picture as you see, multi-layer coated glass lens, high refractive index and will not be affected / distorted by temperature, wear-resistant and easy to maintain.|✔️Stream it All: Enjoy your favorite apps, shows, movies, games, and more all in one place. The 2022 new X1 pro comes with Google Android 9.0 system. Now seamlessly display content from Netflix, Hotstar, Prime Video, YouTube etc. With its pre-installed Google Play Store, one can download and install more than 5000+ Apps.|✔️ 20000+ Hours Lamp Life & Professional Support - Wanbo projectors come with 1 year warranty and professional support throughout the life. Feel free to contact us in case of any issues.",https://m.media-amazon.com/images/I/41hCikFvL7L._SY300_SX300_QL70_FMwebp_.jpg,"{""main_cat"": ""Electronics"", ""sub_cat1"": ""HomeTheater,TV&Video"", ""sub_cat2"": ""Projectors""}"
"TIZUM High Speed HDMI Cable Aura -Gold Plated-High Speed Data 10.2Gbps, 3D, 4K, HD 1080P (10 Ft/ 3 M)","Electronics|HomeTheater,TV&Video|Accessories|Cables|HDMICables",$4.55,$11.99,62%,"Latest standard HDMI A Male to A Male Cable: Supports Ethernet, 3D, 4K video.|Connects Blu-ray players, Gaming, Computers, DVD Players, Set Top Box, Dish TV Box, and other HDMI-enabled devices to TVs, displays, A/V receivers and more.|Cable allows you to share an Internet connection among multiple devices without the need for a separate Ethernet cable|Meets HDMI 1.4 Standards (4K Video at 24 Hz, 2160p, 48 bit/px color depth) that supports bandwidth up to 10.2Gbps and backwards compatible with earlier versions|Gold Plate HDMI cable of length: 5 Feet/1.5 meters|Country of Origin: Hong Kong",https://m.media-amazon.com/images/I/51aZN040THL._SX300_SY300_QL70_FMwebp_.jpg,"{""main_cat"": ""Electronics"", ""sub_cat1"": ""HomeTheater,TV&Video"", ""sub_cat2"": ""Accessories"", ""sub_cat3"": ""Cables"", ""sub_cat4"": ""HDMICables""}"
Technotech High Speed HDMI Cable 5 Meter V1.4 - Supports Full HD 1080p (Color May Vary),"Electronics|HomeTheater,TV&Video|Accessories|Cables|HDMICables",$2.22,$5.99,63%,"Durable 24K Gold-Plated Connectors|Supports resolution 480p, 720p, 1080i, 1080p|Supports Transfer Rates of Up to 10.2gbps",https://m.media-amazon.com/images/I/51UUmio53PL._SX300_SY300_QL70_FMwebp_.jpg,"{""main_cat"": ""Electronics"", ""sub_cat1"": ""HomeTheater,TV&Video"", ""sub_cat2"": ""Accessories"", ""sub_cat3"": ""Cables"", ""sub_cat4"": ""HDMICables""}"
"Amazon Basics 10.2 Gbps High-Speed 4K HDMI Cable with Braided Cord, 1.8 Meter, Dark Grey","Electronics|HomeTheater,TV&Video|Accessories|Cables|HDMICables",$5.99,$10.80,45%,"1.82 m high-speed premium HDMI cable for transmitting video and audio signals from source to display|Connect tablets, laptops and other host devices to projectors, video conference systems, HDTV, monitors, and more|Durable, double-shielded 30AWG cable with braided mylar foil and aluminum housing|Supports Ethernet, 3D, 4K video, and Audio Return Channel (ARC); 30Hz, 10.2Gbps bandwithPlug and play design removes the need for complicated drivers or setup time",https://m.media-amazon.com/images/W/WEBP_402378-T2/images/I/41m1oMmTMCL._SX300_SY300_QL70_FMwebp_.jpg,"{""main_cat"": ""Electronics"", ""sub_cat1"": ""HomeTheater,TV&Video"", ""sub_cat2"": ""Accessories"", ""sub_cat3"": ""Cables"", ""sub_cat4"": ""HDMICables""}"
Kodak 126 cm (50 inches) Bezel-Less Design Series 4K Ultra HD Smart Android LED TV 50UHDX7XPROBL (Black),"Electronics|HomeTheater,TV&Video|Televisions|SmartTelevisions",$324.12,$516.19,37%,"Resolution : 4K Ultra HD (3840x2160) resolution | Refresh Rate : 60 Hertz | 178 Degree wide viewing angle|Connectivity: 3 HDMI ports to connect set top box, Blu-ray speakers or a gaming console | 2 USB ports to connect hard drives or other USB devices | Bluetooth | Wi-FI|Sound: 40 Watts Output | Powerful Speakers with Perfect Bass | Trusurround Technology|Smart TV Features : Kodak LED TV provides experience that brings together your favorite streaming content on the home screen. Choose from a vast catalog of 6000+ movies and TV shows from Prime Video, Hotstar, Zee5, Sony LIV and more | Apps: YouTube, Prime Video, Hotstar, Zee5, SonyLiv and more |Chromescast available for perfect binging|Display : HRD 10+ | 4k Display with 1 billion colours | Durable A+ Grade DLED panel | Ultra bright screen for flawless picture quality even in bright rooms|Warranty Information: 1 Year warranty provided by Kodak TV from date of purchase|Installation: Brand will contact for installation for this product once delivered. Contact Kodak TV for assistance (Please visit Brand website for toll free numbers) and provide product's model name and seller's details mentioned on your invoice. The service center will allot you a convenient slot for the service|Easy Returns: This product is eligible for replacement within 10 days of delivery in case of any product defects, damage or features not matching the description",https://m.media-amazon.com/images/I/41s2f-e1d3L._SY300_SX300_QL70_FMwebp_.jpg,"{""main_cat"": ""Electronics"", ""sub_cat1"": ""HomeTheater,TV&Video"", ""sub_cat2"": ""Televisions"", ""sub_cat3"": ""SmartTelevisions""}"
"ZORBES® Wall Adapter Holder for Alexa Echo Dot 4th Generation,A Space-Saving Solution with Cord Management for Your Smart Home Speakers -White (Holder Only)","Electronics|HomeTheater,TV&Video|Accessories|TVMounts,Stands&Turntables|TVWall&CeilingMounts",$10.72,$12.63,15%,"[Make Your Wired Alexa Echo Dot Looks Wireless]-- Still figuring out how to the extra long cord of your Alexa Echo Dot?This adapter cord holder will be your saver.The adapter holder will keep the wall adapter and cord both well organized, and directly make your Alexa Echo Dot stay on wall, no need to take a spot on the table,let life be easier and joyful. [ Note: Holder Only,Not include Alexa Echo Dot 4.Pics are only for product displaying.]|[Invisible Organizing Design]--On the back of the organizer is designed with rack for storing the cord, perfectly well organized the long power cord.|[Perfectly Fit]--Designed for Alexa Echo Dot 4th Generation,perfectly molded by original product, Alexa Echo Dot 4th Generation wall mounted rack is 18cmX10.5cmX10.5cm, detail size please check the pic.|[Premium Sturdity]--Made of durable plastic, sturdy and wear resistance, can not just can hold your speaker, but also can protect your Alexa Echo Dot from scratch,dust,etc.|[Place at Any Where]--With the adapter holder,you can make your Alexa Echo Dot standby all the time, whenever you need to call it, it will be there for you. You can place it anywhere at home,living room, bedroom,reading room,etc.",https://m.media-amazon.com/images/W/WEBP_402378-T1/images/I/41J0RvJFffL._SX300_SY300_QL70_FMwebp_.jpg,"{""main_cat"": ""Electronics"", ""sub_cat1"": ""HomeTheater,TV&Video"", ""sub_cat2"": ""Accessories"", ""sub_cat3"": ""TVMounts,Stands&Turntables"", ""sub_cat4"": ""TVWall&CeilingMounts""}"
Sansui 80cm (32 inches) HD Ready Smart LED TV JSY32SKHD (BLACK) With Bezel-less Design,"Electronics|HomeTheater,TV&Video|Televisions|SmartTelevisions",$131.93,$239.98,45%,"Resolution: HD Ready (1366x768) | Refresh Rate: 60 hertz|Connectivity: 2 HDMI ports to connect multiple devices | 2 USB ports to connect hard drives and other USB devices | RJ45 | RF Port | Wi-Fi Direct | 2 AV Inputs | Headphone|Sound: 20 Watt Audio Output|Smart TV Features: Android 9 (GOS), In-built Apps Store, Screen Sharing, Remote with Hotkeys, Movie Box, Performance: Quad-Core A53 1.5GHz Processor | RAM 1GB, ROM 8GB|Display: HD Ready Crystal Clear Display | Bezel-less Design | Dynamic Contrast | High Brightness | Dynamic Colour Enhancer",https://m.media-amazon.com/images/W/WEBP_402378-T2/images/I/41eThX4gyWL._SY300_SX300_QL70_FMwebp_.jpg,"{""main_cat"": ""Electronics"", ""sub_cat1"": ""HomeTheater,TV&Video"", ""sub_cat2"": ""Televisions"", ""sub_cat3"": ""SmartTelevisions""}"
MI 80 cm (32 inches) HD Ready Smart Android LED TV 5A Pro | L32M7-EAIN (Black),"Electronics|HomeTheater,TV&Video|Televisions|SmartTelevisions",$204.07,$312.11,35%,"Resolution : HD Ready (1366 x 768) | Refresh Rate : 60 Hertz | 178 Degree wide viewing angle|Connectivity: Dual Band Wi-Fi | 2 HDMI ports to connect latest gaming consoles, set top box, Blu-ray Players | 2 USB ports to connect hard drives and other USB devices | ALLM | ARC | Bluetooth 5.0 | Ethernet|Sound: 24 Watts Output | Dolby Audio | DTS:X | DTS Virtual: X|Smart TV Features : Android TV 11 | PatchWall | IMDb Integration | Universal Search | 300+ Free Live Channels | Kids Mode with Parental lock | Smart Recommendations | Language Universe – 15+ Languages | User Centre | Okay Google | Chromecast suporting Apps : Netflix, Prime Video, Disney+ Hotstar | 7000+ apps from Play Store |Quad core Cortex A55 | Chromecast built-in | Auto Low Latency Mode | 1.5GB RAM + 8GB Storage|Display: HD Ready | Vivid Picture Engine|Warranty Information: 1 year comprehensive warranty on product and 1 year additional on Panel provided by the brand from the date of purchase|Installation: For requesting installation/wall mounting/demo of this product once delivered, please directly call Xiaomi support (Please visit brand website for tollfree numbers) and provide product's model name as well as seller's details mentioned on the invoice",https://m.media-amazon.com/images/I/41bO-mGKk+L._SY300_SX300_.jpg,"{""main_cat"": ""Electronics"", ""sub_cat1"": ""HomeTheater,TV&Video"", ""sub_cat2"": ""Televisions"", ""sub_cat3"": ""SmartTelevisions""}"
"Bestor ® 8K Hdmi 2.1 Cable 48Gbps 9.80Ft/Ultra High Speed Hdmi Braided Cord For Roku Tv/Ps5/Hdtv/Blu-Ray Projector, Laptop, Television, Personal Computer, Xbox, Ps4, Ps5, Ps4 Pro (1 M, Grey)","Electronics|HomeTheater,TV&Video|Accessories|Cables|HDMICables",$8.39,$22.80,63%,"?Top Technology----8K@60HZ HDMI Cable? This 8K HDMI Cable uses the most cutting-edge technology, is compatible with 8K@60HZ and 4K@120HZ, clearly displays every particle, and accurately processes every signal source. With 8K HDMI's unique dynamic HDR and 12 Bit color processing technology, each scene of the video is every frame, with more ideal depth, brightness, detail, contrast and wider color gamut.|?Upgrade Revolution----HDMI 2.1? 8K HDMI Cable conforms to the standard HDMI 2.1 version. Compared with HDMI 2.0, its transmission speed has a qualitative leap, from 18Gbps to 48Gbps (6GB/s) directly, and there will no longer be stuck or dropped frames when watching video from now on. Support eARC, can achieve more advanced audio signal control capabilities. It is also backward compatible with HDMI 2.0b/2.0a/1.4/1.3/1.2/1.1 versions|?HDMI Cable For Game Enthusiasts? This HDMI Cable is not limited to 4K@60HZ, it can break through 4K and achieve 8K ultra-high image quality. It can also achieve a super smooth picture of 4K@120HZ. Its latest game mode supports variable refresh rate, maximizes the value of the graphics card and CPU, and is more accurate in the processing of rendered images. When the scene is switched, the refresh rate will change accordingly to obtain a smoother and more detailed picture.|?Reinforced classic high-quality materials? This 8K HDMI Cable uses Bestor most popular classic style, with a new smart chip, making it reach an unprecedented height. The strength of the aluminum alloy shell and the tail's anti-bending design has been upgraded to make it more durable. The plug part is still made of 24K gold-plated material, which accurately transmits signals. The military grade tensile nylon material also greatly extends its life.|?Wide Application?The 8K HDMI 2.1 cable is compatible with LG TV, QLED TV, Roku, Sony 8K UHD TV, PS5, PS4, Xbox Series X, Xbox One,Tivo, Vizio, Laptop, PC, RTX 3080, Projector,etc. 12-month product replacement warranty",https://m.media-amazon.com/images/I/4175g2Idd9L._SY445_SX342_QL70_FMwebp_.jpg,"{""main_cat"": ""Electronics"", ""sub_cat1"": ""HomeTheater,TV&Video"", ""sub_cat2"": ""Accessories"", ""sub_cat3"": ""Cables"", ""sub_cat4"": ""HDMICables""}"
Irusu Play VR Plus Virtual Reality Headset with Headphones for Gaming (Black),"Electronics|HomeTheater,TV&Video|Accessories|3DGlasses",$32.40,$42.02,23%,"✔️40MM HD optical resin lens with Focal and IPD adjustments with FOV up to 110 makes this VR headset perform better|✔️Best-in-class headphones With 3.5mm Jack and removable front panel for ventilation are provided in this 3d vr headset|✔️Advanced touch button for triggering the actions in VR, multifunctional button,volume controllers and mic.|✔️Mobile Compatibility : Mobiles should have gyroscope sensor .It is compatible with 4.7 inches to 6.69 inches mobile.|✔️Note : Do not watch content from youtube, please download vr apps for better vr experience.Contact Irusu Support team for best VR content.Email us at support@irusu.co.in for any queries|✔️Watch High Quality Videos (1080p and above) for best Virtual reality Experience.",https://m.media-amazon.com/images/W/WEBP_402378-T1/images/I/31z9cuviPzL._SX300_SY300_QL70_FMwebp_.jpg,"{""main_cat"": ""Electronics"", ""sub_cat1"": ""HomeTheater,TV&Video"", ""sub_cat2"": ""Accessories"", ""sub_cat3"": ""3DGlasses""}"
Shopoflux Silicone Remote Cover for Mi Smart TV and Mi TV Stick/MI Box S / 3S / MI 4X / 4A Smart LED TV (Black),"Electronics|HomeTheater,TV&Video|Accessories|RemoteControls",$2.95,$7.20,59%,"The cover is resistant to dust particles. This practical property of the covers will keep the remote looking sharp and new for a long time as it minimizes the amount of surface dust and dirt.|It is made of high-quality silicone material that is flexible and durable. The cover fits tightly over the remote like a glove. The material is not bulky or heavy in any way.|Light weight silicone protective case, protects against accidental drops and adds grip to the remote. Effectively protects your remote from slipping, cracking, scratching, gives the maximum protection.|Protect your ability to watch your favorite video services with this mi TV stick remote cover. This cover keeps the surface of the device free from Dust & Damage.|Fully fit Cover: Case cover allows easy access to all ports, buttons and features.",https://m.media-amazon.com/images/W/WEBP_402378-T1/images/I/213GZPC7uwL._SX300_SY300_QL70_FMwebp_.jpg,"{""main_cat"": ""Electronics"", ""sub_cat1"": ""HomeTheater,TV&Video"", ""sub_cat2"": ""Accessories"", ""sub_cat3"": ""RemoteControls""}"
"LUNAGARIYA®, Protective Case Compatible with JIO Settop Box Remote Control,PU Leather Cover Holder (Before Placing Order,Please Compare The Dimensions of The Product with Your Remote)","Electronics|HomeTheater,TV&Video|Accessories|RemoteControls",$2.97,$4.79,38%,"please match the image with your existing remote before placing the order|stitching:- hand stitching is use for make a strong cover|Case allows easy access to all ports, buttons and functions Fit for Remote Control|VELCRO:- good quality velcro use for closing of cover. it is increase the life of cover",https://m.media-amazon.com/images/W/WEBP_402378-T1/images/I/41sA8PA31pL._SY300_SX300_QL70_FMwebp_.jpg,"{""main_cat"": ""Electronics"", ""sub_cat1"": ""HomeTheater,TV&Video"", ""sub_cat2"": ""Accessories"", ""sub_cat3"": ""RemoteControls""}"
7SEVEN® Compatible with Fire Tv Stick Remote with Voice Command Feature Suitable for Second Generation Amazon Fire Tv Stick Remote Only - Pairing Must,"Electronics|HomeTheater,TV&Video|Accessories|RemoteControls",$16.43,$36.00,54%,"[ Amazon Fire Tv Stick Remote ] New Replacement Voice Remote Control (2nd GEN) with Power and Volume Control fit for Fire TV Device, compatible with Fire TV Cube (2nd Gen), Fire TV Stick (2nd Gen), Fire TV Stick 4K, Fire TV Cube (1st Gen), Amazon Fire TV Cube (EX69VW) ，Amazon Fire TV Stick (3rd Gen) and Amazon Fire TV (3rd Gen, Pendant Design)|[Fire Tv Stick Remote Only ] Not compatible with Amazon Fire TV Stick Lite, Amazon Fire TV (1st and 2nd Gen), Fire TV Stick (1st Gen), or Amazon Fire TV Edition smart TVs.|[ Pairing Required] This is voice remote control, you need to pair it first before you use, and below is pairing steps: Press the Home button about 8-30 seconds until the LED starts to rapidly flash amber, then the remote should automatically pair with your device.|[ Fire Tv Stick Remote Quality ]With standard navigation and playback controls, you can quickly skip to your favorite scenes.|[ First Use of Fire Tv Stick ] Recommend to use new AAA Alkaline batteries instead of used or old battery which doesn't perform to pair remote with amazon fire tv stick device",https://m.media-amazon.com/images/W/WEBP_402378-T2/images/I/31w1SSKA-tL._SX300_SY300_QL70_FMwebp_.jpg,"{""main_cat"": ""Electronics"", ""sub_cat1"": ""HomeTheater,TV&Video"", ""sub_cat2"": ""Accessories"", ""sub_cat3"": ""RemoteControls""}"
"PRUSHTI COVER AND BAGS, Protective Case for Airtel Xstream settop Box Remote Remote Control Pouch Cover Holder PU Leather Cover Holder(only Cover for Selling Purpose)","Electronics|HomeTheater,TV&Video|Accessories|RemoteControls",$2.39,$5.99,60%,"Colour: Black with squre or round plate design|please match the image with your existing remote before placing the order|Case allows easy access to all ports, buttons and functions Fit for Remote Control|VELCRO:- good quality velcro use for closing of cover. it is increase the life of cover",https://m.media-amazon.com/images/W/WEBP_402378-T2/images/I/41Bi9ZwBQ7L._SX300_SY300_QL70_FMwebp_.jpg,"{""main_cat"": ""Electronics"", ""sub_cat1"": ""HomeTheater,TV&Video"", ""sub_cat2"": ""Accessories"", ""sub_cat3"": ""RemoteControls""}"
Aine HDMI Male to VGA Female Video Converter Adapter Cable (Black),"Electronics|HomeTheater,TV&Video|Accessories|Cables|HDMICables",$3.59,$7.19,50%,"The compact-made portable HDMI to VGA adapter connects a computer, desktop, laptop, or other devices with HDMI port to a monitor, projector, HDTV, or other devices with VGA port|Built-in advanced Certified AG6200 IC chip converts HDMI digital signal to VGA analogue signal It is NOT a bi-directional converter and cannot transmit signals from VGA to HDMI|The HDMI male to VGA female converter supports resolutions up to 1920x1080 60Hz (1080p Full HD) including 720p, 1600x1200, 1280x1024 for high definition monitors or projectors Gold plated HDMI connector resists corrosion and abrasion and improve the signal transmission performance Moulded strain relief increases cable durability|The HDMI-VGA adapter is compatible with computer, PC, desktop, laptop, ultrabook, notebook, Chromebook, Raspberry Pi, Intel Nuc, Roku, PS3, Xbox One, Xbox 360, U, Set Top Box, TV BOX, or other devices with HDMI port NOT compatible with Blu-ray player and devices with low-power HDMI ports such as SONY PS4, Apple MacBook Pro with Retina Display, Mac mini, and Apple TV",https://m.media-amazon.com/images/I/41dwFttHxpL._SX300_SY300_QL70_FMwebp_.jpg,"{""main_cat"": ""Electronics"", ""sub_cat1"": ""HomeTheater,TV&Video"", ""sub_cat2"": ""Accessories"", ""sub_cat3"": ""Cables"", ""sub_cat4"": ""HDMICables""}"
Mi 80 cm (32 inches) HD Ready Android Smart LED TV 4A PRO | L32M5-AL (Black),"Electronics|HomeTheater,TV&Video|Televisions|SmartTelevisions",$180.06,$180.06,0%,"Resolution: HD Ready Android TV (1366x768) | Refresh Rate: 60 hertz|Connectivity: 3 HDMI ports to connect set top box, Blu Ray players, gaming console | 2 USB ports to connect hard drives and other USB devices|Sound: 20 Watts Output | Dolby+ DTS-HD|Smart TV Features : Built-In Wi-Fi | PatchWall | Netflix | Prime Video | Disney+Hotstar and more | Android TV 9.0 | Google Assistant, WIFI：2.4GHz 802.11 b/g/n|Display : LED Panel | Vivid Picture engine|Warranty Information: 1 year warranty on product and 1 year extra on Panel|Easy returns: This product is eligible for replacement within 10 days of delivery in case of any product defects, damage or features not matching the description provided|OEM warranty activation starts from the date of delivery",https://m.media-amazon.com/images/W/WEBP_402378-T1/images/I/51xmNdrIlcS._SY300_SX300_QL70_FMwebp_.jpg,"{""main_cat"": ""Electronics"", ""sub_cat1"": ""HomeTheater,TV&Video"", ""sub_cat2"": ""Televisions"", ""sub_cat3"": ""SmartTelevisions""}"
TCL 108 cm (43 inches) 4K Ultra HD Certified Android Smart LED TV 43P615 (Black),"Electronics|HomeTheater,TV&Video|Televisions|SmartTelevisions",$300.00,$624.13,52%,"Resolution: 4K Ultra HD (3860 x 2160) | Refresh Rate: 60 Hertz|Connectivity : 3 HDMI ports to connect set top box, Blue Ray players | 1 USB ports to connect hard drives and other USB devices|Sound: 24 Watts Output | Dolby Audio Power Speakers | Surround Virtualizer|Smart TV Features :Built-In Wifi | Prime video |4K Android TV+HDR 10 |AI-Google Assistant | Certified Android P| Screen Cast+T-cast |2GB RAM - 16GB ROM |5000+ Apps YouTube, Netflix|Display : A+ Grade Panel | UHD | HDR 10 | Slim Design|Warranty Information: 2 year comprehensive warranty provided by the manufacturer from date of purchase|Installation: For Installation, Wall Mounting, Demo Of This Product Once Delivered, Directly Contact Brand Support (Visit Brand website for Toll free numebrs) and Provide Product's Model Name And Seller's Details Mentioned On Your Invoice. The Service Center Will Allot You A Convenient Slot For The Service",https://m.media-amazon.com/images/I/51UuhCYmBnL._SY300_SX300_QL70_FMwebp_.jpg,"{""main_cat"": ""Electronics"", ""sub_cat1"": ""HomeTheater,TV&Video"", ""sub_cat2"": ""Televisions"", ""sub_cat3"": ""SmartTelevisions""}"
OnePlus 163.8 cm (65 inches) U Series 4K LED Smart Android TV 65U1S (Black),"Electronics|HomeTheater,TV&Video|Televisions|SmartTelevisions",$744.29,$840.32,11%,"Resolution: 4K Ultra HD (3840x2160) | Refresh Rate : 60 Hertz | 178 Degree wide viewing angle|Connectivity: 3 HDMI ports (HDMI 2.1 Compatible, HDMI 1 supports eARC) to connect set top box, Blu Ray players, gaming console | 2 USB ports to connect hard drives and other USB devices|Sound : 30 Watts Output | Co-tuned with Dynaudio | Dolby Audio|Smart TV Features : Android TV 10 ｜Hands-free voice control with Speak Now | Google Assistant | OnePlus Connect 2.0 | OxygenPlay 2.0 | Data Saver Plus | Kids Mode | Game Mode, Dimension (Without Stand) - 1.448m*7.88cm*83.8cm|Display : 1 billion colors | Gamma Engine | HDR10+ certified, HDR10, HLG | MEMC | Bezel-less design | 95.3% Screen to Body Ratio|Warranty Information: 1 year comprehensive warranty and additional 1 year on panel provided by the manufacturer from date of purchase|Installation: This TV comes with a wall mount inside the box. Installation/Wall mounting/demo will be arranged by Amazon Home Services. For any other information, please contact Amazon customer support",https://m.media-amazon.com/images/I/41sSPp4pkYL._SY300_SX300_QL70_FMwebp_.jpg,"{""main_cat"": ""Electronics"", ""sub_cat1"": ""HomeTheater,TV&Video"", ""sub_cat2"": ""Televisions"", ""sub_cat3"": ""SmartTelevisions""}"
AmazonBasics 108 cm (43 inches) 4K Ultra HD Smart LED Fire TV AB43U20PS (Black),"Electronics|HomeTheater,TV&Video|Televisions|SmartTelevisions",$294.11,$600.24,51%,"Resolution: 4K Ultra HD (3840 x 2160) | Refresh Rate: 60 hertz | 178° wide viewing angle|Connectivity: 3 HDMI 2.0 ports to connect set top box, Blu Ray players, gaming console | 1 USB 3.0 and 1 USB 2.0 ports to connect hard drives and other USB devices | IR Port to control connected devices like Soundbars, Receivers and Set top boxes|Sound output: Inbuilt 20 Watts Powerful Speakers | Dolby Atmos|Smart TV Features: With built-in Fire TV | Built in Alexa and Alexa voice controls | DTH Set-Top Box Integration to switch between DTH TV Channels and OTT apps from home screen | Supported Apps: Prime Video | Netflix | Disney + Hotstar | YouTube | 5000+ apps from Fire OS Store | Display Mirroring | 1.95GHz Quad core processor | 1.5GB RAM/DDR | 8GB Flash Memory|Display: A+ Grade LED panel | Dolby vision | HDR 10 + HLG | Amlogic 9th Generation Imaging Engine | Ultra bright screen | Advance picture processing | Anti-aliasing | Dynamic contrast | Dynamic backlight|Warranty Information: 1 Year Comprehensive Warranty on product and 1 Year additional warranty on panel for malfunction arising from manufacturing defects. 1-click Warranty support, on Amazon for malfunction arising from manufacturing defects. Get Brand Authorized service, genuine parts and a paperless warranty claim experience through your Amazon account. Hassle free process with complete visibility to every step of your warranty claim For claiming warranty, A) Go to Your orders section, B) Select the product, C) Click on Get product support and D) Schedule an appointment.|Installation/Wall mounting/demo will be arranged by Amazon Home Services. For warranty and device related issues, go to Your Orders on Amazon.in or Amazon shopping app > Locate your TV order > Select ‘Get Product Support’ and schedule a service. For any other information, please contact Amazon customer support",https://m.media-amazon.com/images/W/WEBP_402378-T1/images/I/51z60rNcKSL._SY300_SX300_QL70_FMwebp_.jpg,"{""main_cat"": ""Electronics"", ""sub_cat1"": ""HomeTheater,TV&Video"", ""sub_cat2"": ""Televisions"", ""sub_cat3"": ""SmartTelevisions""}"
Kodak 80 cm (32 inches) HD Ready Certified Android Smart LED TV 32HDX7XPROBL (Black),"Electronics|HomeTheater,TV&Video|Televisions|SmartTelevisions",$126.04,$234.08,46%,"Resolution : HD Ready (1366x768) resolution | Refresh Rate : 60 Hertz | 178 Degree wide viewing angle|Connectivity: 3 HDMI ports to connect set top box, Blu-ray speakers or a gaming console | 2 USB ports to connect hard drives or other USB devices|Sound: 40 Watts Output | Powerful Speakers with Crystal clear Audio|Smart TV Features : Google Voice Assistance | Android 9.0 Pie | Smart Remote | Bezel-Less Design | Supported Applications : Sony Liv, Disney+Hotstar, Zee5, Youtube and more | Display Mirroring for compatible devices|Display : Durable A+ Grade DLED panel | Ultra bright screen for flawless picture quality even in bright rooms|Warranty Information: 1 Year warranty provided by Kodak TV from date of purchase|Easy Returns: This product is eligible for replacement within 10 days of delivery in case of any product defects, damage or features not matching the description",https://m.media-amazon.com/images/W/WEBP_402378-T2/images/I/41xL87ElgjL._SY300_SX300_QL70_FMwebp_.jpg,"{""main_cat"": ""Electronics"", ""sub_cat1"": ""HomeTheater,TV&Video"", ""sub_cat2"": ""Televisions"", ""sub_cat3"": ""SmartTelevisions""}"
Airtel DigitalTV HD Setup Box Remote,"Electronics|HomeTheater,TV&Video|Accessories|RemoteControls",$2.36,$5.99,61%,"Note : please match the image with your existing remote before placing the order|Remote must be Exactly Same (Function to Function) as per your Old Remote (PLEASE MATCH PROPERLY BEFORE ORDERING)|Send Old Remote Picture at +91-9016382240 (WhatsApp), & Ask for Link to Order Compatible Remote|Exactly Same Remote will Only Work, NO BACKLIGHT IN REMOTE DISPLAY|Compatible with Airtel DTH Set Top Box Remote (Pairing Required to Sync TV Functions)",https://m.media-amazon.com/images/W/WEBP_402378-T1/images/I/31Lfjbfc47L._SX300_SY300_QL70_FMwebp_.jpg,"{""main_cat"": ""Electronics"", ""sub_cat1"": ""HomeTheater,TV&Video"", ""sub_cat2"": ""Accessories"", ""sub_cat3"": ""RemoteControls""}"
Airtel Digital TV HD Set Top Box with FTA Pack | Unlimited Entertainment + Recording Feature + Free Standard Installation (6 Months Pack),"Electronics|HomeTheater,TV&Video|SatelliteEquipment|SatelliteReceivers",$15.59,$30.00,48%,"Airtel HD Set Top Box brings theatre-like experience to your home with HD Premium Quality Video (1080i resolution) and Dolby digital plus 5.1 surround sound|Airtel D2H allows you to pause, record and play live TV so that you never miss your favourites as you can watch them later as per your convenience|Customise one of the Cheapest DTH plans with the freedom to choose from 550+ SD & HD channels|Enjoy free delivery and hassle-free installation of your DTH Set Top Box. Any other accessory which is not a part of the standard installation will be charged separately|Included are only Basic Free to Air Channels, you can add other channels by subscribing to them and paying an additional respective amount.",https://m.media-amazon.com/images/I/41Jy61seJKL._SX300_SY300_QL70_FMwebp_.jpg,"{""main_cat"": ""Electronics"", ""sub_cat1"": ""HomeTheater,TV&Video"", ""sub_cat2"": ""SatelliteEquipment"", ""sub_cat3"": ""SatelliteReceivers""}"
MI 138.8 cm (55 inches) 5X Series 4K Ultra HD LED Smart Android TV L55M6-ES (Grey),"Electronics|HomeTheater,TV&Video|Televisions|SmartTelevisions",$564.21,$840.32,33%,"Note : The brands, Mi and Xiaomi, are part of the same multinational conglomerate|Resolution : 4K Ultra HD (3840 x 2160) Resolution | Refresh Rate : 60 Hertz|Connectivity: Dual Band Wi-Fi | 3 HDMI ports to connect latest gaming consoles, set top box, Blu-ray Players | 2 USB ports to connect hard drives and other USB devices | ALLM | eARC | Bluetooth 5.0 | Optical | Ethernet|Sound: 40 Watts Output | Dolby Atmos | DTS-HD|Smart TV Features : Android TV 10 | PatchWall 4 with IMDb integration | Kids Mode with Parental Lock | 300+ Free Live Channels | Universal search | Language Universe (16+ Languages) | India's Top 10 | Miracast | Supported Apps: Prime Video | Netflix | Disney + Hotstar | YouTube | Apple TV | 5000+ apps from Play Store | Quad core A55 CPU processor | Chromecast built-in | Ok Google | Far-field Mics | Auto Low Latency Mode | 2GB RAM + 16GB Storage|Display: 4K HDR | Metal Bezel-less Design | Dolby Vision | HDR10+ | HLG | Reality Flow MEMC | Vivid Picture Engine 2 | DCI-P3 94% Colour Gam|Warranty Information: 1 year comprehensive warranty on product and 1 year additional on Panel provided by the brand from the date of purchase",https://m.media-amazon.com/images/W/WEBP_402378-T2/images/I/41mW+TS5WKL._SY300_SX300_.jpg,"{""main_cat"": ""Electronics"", ""sub_cat1"": ""HomeTheater,TV&Video"", ""sub_cat2"": ""Televisions"", ""sub_cat3"": ""SmartTelevisions""}"
"Fire-Boltt Ninja Call Pro Plus 1.83"" Smart Watch with Bluetooth Calling, AI Voice Assistance, 100 Sports Modes IP67 Rating, 240*280 Pixel High Resolution",Electronics|WearableTechnology|SmartWatches,$21.60,$240.08,91%,"Fire-Boltt is India' No 1 Wearable Watch Brand Q122 by IDC Worldwide quarterly wearable device tracker Q122.【Bluetooth Calling Watch】- Fire-Boltt Ninja Call Pro Plus Smartwatch enables you to make and receive calls directly from your watch via the built-in speaker and microphone. This smartwatch features a dial pad, option to access recent calls & sync your phone’s contacts.|【1.83"" HD Display Smart Watch】- The 46.48mm (1.83-inch) HD display makes the display clear and true-to-life, with vivid colours ensuring smooth readability and keeping the watch as exquisite to look at as when you first lay your eyes on it.|【AI Voice Assistant】- With built-in Voice assistant, you can simply speak to the smartwatch & get things done on your command|【100 Sport Modes】- Track every trek you take or every football, cricket kabaddi match you play. With over 100 sports modes Fire-Boltt Ninja Call Pro Plus has you covered.|【Fire-Boltt Health Suite】- With advanced technology and HRS chipset the smartwatch can give out near to accurate SpO2, Heart Rate readings. This mini health device tracks your sleep to ensure glowing and fresh look each day",https://m.media-amazon.com/images/I/41WCgGbvwhL._SX300_SY300_QL70_ML2_.jpg,"{""main_cat"": ""Electronics"", ""sub_cat1"": ""WearableTechnology"", ""sub_cat2"": ""SmartWatches""}"
"Fire-Boltt Phoenix Smart Watch with Bluetooth Calling 1.3"",120+ Sports Modes, 240*240 PX High Res with SpO2, Heart Rate Monitoring & IP67 Rating",Electronics|WearableTechnology|SmartWatches,$23.99,$120.04,80%,"Fire-Boltt is India' No 1 Wearable Watch Brand Q122 by IDC Worldwide quarterly wearable device tracker Q122.【Bluetooth Calling Watch】- Fire-Boltt Phoenix enables you to make and receive calls directly from your watch via the built-in speaker and microphone. This smartwatch features a dial pad, option to access recent calls & sync your phone’s contacts.;【High Resolution Display】- Comes with a 1.3"" TFT Color Full Touch Screen and a 240*240 Pixel High Resolution this watch is covered to flaunt the sleek and stylish look always.|【120+ Sports Modes】- Track each activity effectively with this smartwatch & activity tracker. Track your calories, steps and much more while you are on your fitness journey. This fitness tracker has it all;【In Built Mic & Speaker】- Get HD calling experience with this power-packed watch. Enhance the look of your wrist with attractive colors and sleek finish|【Smart Health】- With the latest HRS3300 technology track your heart rate anytime of the day or even while you perform some activity. The optical sensors assure results so accurate. Monitor your blood oxygen levels to stay fit and healthy;【Smartphone Notifications】- Get all your mobile phone notifications on this 1.3"" Round Display Full touch smartwatch and never be late for a meeting, party or date.|【Gaming On Wrist】- Enjoy playing games on the wrist itself as you are on the go. 【Breathe Function】- Ensure your breathing exercise is fit and healthy with the breathing function.; 【Multiple Watch Faces】- Over 100 Cloud based watch faces to choose from and match your outfit and look each day everyday|Included Components: 1 Smartwatch, 1 Manual, 1 Magnetic Charger, 1 Warranty Card; Band Color: Black; Band Material Type: Silicone; Color Name: Black; Human Interface Input: Buttons touch Screen; Case Material Type: Stainless Steel; Clasp Type: Tang Buckle; Compatible Devices: Smartphone tablet iphone android, **Disclaimer** The charging USB needs to be connected to a 4.7V to 5V adapter only for best battery backup",https://m.media-amazon.com/images/I/41sHRWXCfvL._SX300_SY300_QL70_ML2_.jpg,"{""main_cat"": ""Electronics"", ""sub_cat1"": ""WearableTechnology"", ""sub_cat2"": ""SmartWatches""}"
"boAt Wave Call Smart Watch, Smart Talk with Advanced Dedicated Bluetooth Calling Chip, 1.69” HD Display with 550 NITS & 70% Color Gamut, 150+ Watch Faces, Multi-Sport Modes,HR,SpO2, IP68(Active Black)",Electronics|WearableTechnology|SmartWatches,$24.00,$95.92,75%,"Bluetooth Calling- Wave Call comes with a premium built-in speaker and bluetooth calling via which you can stay connected to your friends, family, and colleagues|Dial Pad- Its dial pad is super responsive and convenient. You can also save upto 10 contacts in this smart watch|Screen Size- Wave Call comes with a 1.69” HD Display that features a bold, bright, and highly responsive 2.5D curved touch interface|Resolution- With 550 nits of brightness get sharper color resolution that brightens your virtual world exponentially.|Design- The ultra slim and lightweight design of the watch is ideal to keep you surfing your wave all day!|Watch Faces- Wave Call comes with 150+ Cloud watchfaces for you to pick from, complementing your every mood and outfit|HR, SpO2 & Breathing- Monitor your heart rate and blood oxygen levels on-the-go with the heart rate and SpO2 monitor. It also comes with Guided Breathing to help you relax and embrace mindfulness.",https://m.media-amazon.com/images/I/41d69zua5LL._SX300_SY300_QL70_ML2_.jpg,"{""main_cat"": ""Electronics"", ""sub_cat1"": ""WearableTechnology"", ""sub_cat2"": ""SmartWatches""}"
MI Power Bank 3i 20000mAh Lithium Polymer 18W Fast Power Delivery Charging | Input- Type C | Micro USB| Triple Output | Sandstone Black,Electronics|Mobiles&Accessories|MobileAccessories|Chargers|PowerBanks,$24.60,$26.40,7%,"20000mAh Lithium Polymer battery|18W Fast Charging|Triple port output|Dual input port (Micro-USB/USB-C, Charging Time : 6.9 hours|Power Delivery|Advanced 12 Layer chip protection|Smart power management|6 months domestic warranty",https://m.media-amazon.com/images/I/31grUs8OpvL._SX300_SY300_QL70_ML2_.jpg,"{""main_cat"": ""Electronics"", ""sub_cat1"": ""Mobiles&Accessories"", ""sub_cat2"": ""MobileAccessories"", ""sub_cat3"": ""Chargers"", ""sub_cat4"": ""PowerBanks""}"
"Redmi A1 (Light Blue, 2GB RAM, 32GB Storage) | Segment Best AI Dual Cam | 5000mAh Battery | Leather Texture Design | Android 12",Electronics|Mobiles&Accessories|Smartphones&BasicMobiles|Smartphones,$78.02,$108.03,28%,"Display: 16.56cm HD+ Scratch resistant display|Processor: MediaTek Helio A22 processor; up to 2.0GHz|Camera: 8MP Dual camera | 5MP Front camera|Memory, Storage & SIM: 2GB LPDDR4x RAM | 32GB storage expandable up to 512GB with dedicated SD card slot | Dual SIM (nano+nano) dual standby (4G+4G)|Battery: 5000 mAh large battery with 10W in-box charger",https://m.media-amazon.com/images/I/41Wd9J6nfpL._SX300_SY300_QL70_ML2_.jpg,"{""main_cat"": ""Electronics"", ""sub_cat1"": ""Mobiles&Accessories"", ""sub_cat2"": ""Smartphones&BasicMobiles"", ""sub_cat3"": ""Smartphones""}"
"OnePlus Nord 2T 5G (Jade Fog, 8GB RAM, 128GB Storage)",Electronics|Mobiles&Accessories|Smartphones&BasicMobiles|Smartphones,$348.13,$348.13,0%,"Camera: 50MP Main Camera with Sony IMX766 and OIS, 8MP Ultrawide Camera with 120 degree FOV and 2MP mono lens with Dual LED Flash; 32MP Front (Selfie) Camera with Sony IMX615|Camera Features: AI Scene Enhancement, AI Highlight Video, Slow-motion captures, Dual-view Video, HDR, Nightscape, Portrait mode, Pano, Retouching and exciting filters|Display: 6.43 Inches; 90 Hz AMOLED Display with Corning Gorilla Glass 5; Resolution: 2400 X 1080 pixels; HDR 10+ Certified|Display Features: Ambient Display, AI colour enhancement and Dark mode|Operating System: OxygenOS based on Android 12. Processor: Mediatek Dimensity 1300|Battery & Charging: 4500 mAh with 80W SuperVOOC. In-Display Fingerprint Sensor|Alexa Hands-Free capable: Download the Alexa app to use Alexa hands-free. Play music, make calls, hear news, open apps, navigate, and more, all using just your voice, while on-the-go|Form Factor: Smartphone; Cellular Technology: 5g, 4g Lte",https://m.media-amazon.com/images/I/41iEc0hf6TL._SX300_SY300_QL70_ML2_.jpg,"{""main_cat"": ""Electronics"", ""sub_cat1"": ""Mobiles&Accessories"", ""sub_cat2"": ""Smartphones&BasicMobiles"", ""sub_cat3"": ""Smartphones""}"
"OnePlus Nord 2T 5G (Gray Shadow, 8GB RAM, 128GB Storage)",Electronics|Mobiles&Accessories|Smartphones&BasicMobiles|Smartphones,$348.13,$348.13,0%,"Camera: 50MP Main Camera with Sony IMX766 and OIS, 8MP Ultrawide Camera with 120 degree FOV and 2MP mono lens with Dual LED Flash; 32MP Front (Selfie) Camera with Sony IMX615|Camera Features: AI Scene Enhancement, AI Highlight Video, Slow-motion captures, Dual-view Video, HDR, Nightscape, Portrait mode, Pano, Retouching and exciting filters.|Display: 6.43 Inches; 90 Hz AMOLED Display with Corning Gorilla Glass 5; Resolution: 2400 X 1080 pixels; HDR 10+ Certified|Display Features: Ambient Display, AI colour enhancement and Dark mode|Operating System: OxygenOS based on Android 12|Processor: Mediatek Dimensity 1300|Battery & Charging: 4500 mAh with 80W SuperVOOC",https://m.media-amazon.com/images/I/41qLZhKF5ZL._SX300_SY300_QL70_ML2_.jpg,"{""main_cat"": ""Electronics"", ""sub_cat1"": ""Mobiles&Accessories"", ""sub_cat2"": ""Smartphones&BasicMobiles"", ""sub_cat3"": ""Smartphones""}"
"Redmi A1 (Black, 2GB RAM, 32GB Storage) | Segment Best AI Dual Cam | 5000mAh Battery | Leather Texture Design | Android 12",Electronics|Mobiles&Accessories|Smartphones&BasicMobiles|Smartphones,$78.02,$108.03,28%,"Display: 16.56cm HD+ Scratch resistant display|Processor: MediaTek Helio A22 processor; up to 2.0GHz|Camera: 8MP Dual camera | 5MP Front camera|Memory, Storage & SIM: 2GB LPDDR4x RAM | 32GB storage expandable up to 512GB with dedicated SD card slot | Dual SIM (nano+nano) dual standby (4G+4G)|Battery: 5000 mAh large battery with 10W in-box charger",https://m.media-amazon.com/images/I/41CB1rnC5tL._SX300_SY300_QL70_ML2_.jpg,"{""main_cat"": ""Electronics"", ""sub_cat1"": ""Mobiles&Accessories"", ""sub_cat2"": ""Smartphones&BasicMobiles"", ""sub_cat3"": ""Smartphones""}"
"Redmi A1 (Light Green, 2GB RAM 32GB ROM) | Segment Best AI Dual Cam | 5000mAh Battery | Leather Texture Design | Android 12",Electronics|Mobiles&Accessories|Smartphones&BasicMobiles|Smartphones,$78.02,$108.03,28%,"Display: 16.56cm HD+ Scratch resistant display|Processor: MediaTek Helio A22 processor; up to 2.0GHz|Camera: 8MP Dual camera | 5MP Front camera|Memory, Storage & SIM: 2GB LPDDR4x RAM | 32GB storage expandable up to 512GB with dedicated SD card slot | Dual SIM (nano+nano) dual standby (4G+4G)|Battery: 5000 mAh large battery with 10W in-box charger",https://m.media-amazon.com/images/I/41JM3Ra+tiL._SY300_SX300_.jpg,"{""main_cat"": ""Electronics"", ""sub_cat1"": ""Mobiles&Accessories"", ""sub_cat2"": ""Smartphones&BasicMobiles"", ""sub_cat3"": ""Smartphones""}"
"SanDisk Ultra® microSDXC™ UHS-I Card, 64GB, 140MB/s R, 10 Y Warranty, for Smartphones",Electronics|Accessories|MemoryCards|MicroSD,$6.83,$12.00,43%,Ideal storage for Android smartphones and tablets|Up to 140MB/s transfer speeds to move up to 1000 photos per minute|Load apps faster with A1-rated performance|Class 10 for Full HD video recording and playback|Compatible with SanDisk MobileMate USB 3.0 microSD card reader,https://m.media-amazon.com/images/I/41ML8ZbPiiL._SY300_SX300_QL70_ML2_.jpg,"{""main_cat"": ""Electronics"", ""sub_cat1"": ""Accessories"", ""sub_cat2"": ""MemoryCards"", ""sub_cat3"": ""MicroSD""}"
"Noise Pulse Go Buzz Smart Watch Bluetooth Calling with 1.69"" Display, 550 NITS, 150+ Cloud Watch Face, SPo2, Heart Rate Tracking, 100 Sports Mode with Auto Detection, Longer Battery (Jet Black)",Electronics|WearableTechnology|SmartWatches,$22.79,$60.01,62%,"Sharp and bright display: The 1.69’’ TFT display with 240*280px and 550 nits brightness ensures visual treat every time you look at the watch.|Tru Sync: Experience fast and stable connectivity with low power consumption.|BT calling: Stay in touch with your friends - right from your wrist.|Utility features: Use the utility features at your disposal and become more productive - get hand wash reminders, idle alert and drink water reminder, weather forecast, set alarms and more.|Noise Health Suite: Lead a better life with the battery of wellness features available in Noise Health Suite.|150+ cloud-based & customised watch faces: Style your watch the way you like to – choose from 150 cloud-based & customised watch faces.|100 sports modes with auto sports detection: Stay active and track all that you are doing with auto sports detection mode.",https://m.media-amazon.com/images/I/41Peg4pz7fL._SX300_SY300_QL70_ML2_.jpg,"{""main_cat"": ""Electronics"", ""sub_cat1"": ""WearableTechnology"", ""sub_cat2"": ""SmartWatches""}"
"Nokia 105 Single SIM, Keypad Mobile Phone with Wireless FM Radio | Charcoal",Electronics|Mobiles&Accessories|Smartphones&BasicMobiles|BasicMobiles,$15.59,$19.20,19%,"All-new redesigned Nokia mobile which is familiar and easy to use|Island style keypad phone with white key lettering|High quality 1.77” screen|Pre-loaded games including the classic keypad mobile phone game - Snake|Enjoy all-new wireless FM radio|Save 2,000 contacts and up to 500 SMS on your Nokia 105 mobile phone",https://m.media-amazon.com/images/I/31-hWNXDxiL._SX300_SY300_QL70_ML2_.jpg,"{""main_cat"": ""Electronics"", ""sub_cat1"": ""Mobiles&Accessories"", ""sub_cat2"": ""Smartphones&BasicMobiles"", ""sub_cat3"": ""BasicMobiles""}"
"boAt Wave Lite Smartwatch with 1.69"" HD Display, Sleek Metal Body, HR & SpO2 Level Monitor, 140+ Watch Faces, Activity Tracker, Multiple Sports Modes, IP68 & 7 Days Battery Life(Active Black)",Electronics|WearableTechnology|SmartWatches,$18.00,$83.91,79%,"Screen Size: The 1.69 inch HD full touch display with 500 nits of brightness will bring every detail to life!|Resolution: Get sharper color resolution that brightens your virtual world exponentially.|Slim Design: The ultra slim and lightweight design of the watch is ideal to keep you surfing your wave all day!|Sports Modes: Track your daily activity: calories burnt & steps taken. Choose from multiple sports modes which include Walking, Running, Cycling, Climbing, Yoga, Basketball, Football & many more|Google Fit & Apple Health: The watch supports Google and Apple Fit to seamlessly monitor your health.|IP Rating: Sweat freely while you work out with IP68 dust, sweat and splash resistance.|Watch Faces- Customize your style with 140+ based watch faces.",https://m.media-amazon.com/images/I/41rxRY5TDSL._SX300_SY300_QL70_ML2_.jpg,"{""main_cat"": ""Electronics"", ""sub_cat1"": ""WearableTechnology"", ""sub_cat2"": ""SmartWatches""}"
"JBL C100SI Wired In Ear Headphones with Mic, JBL Pure Bass Sound, One Button Multi-function Remote, Angled Buds for Comfort fit (Black)","Electronics|Headphones,Earbuds&Accessories|Headphones|In-Ear",$7.19,$11.99,40%,"JBL Signature Sound|Lightweight and Comfortable : The 3 sizes of ear tips (S,M,L) that are included allow you to choose a size that gives you the most comfortable listening experience even for longer listening periods|JBL Signature Sound. Frequency range:20-20kHz,Driver sensitivity:100±3dBSPL, 1mW,Maximum SPL:5mW|Extra Deep Bass. Troubleshooting steps : Kindly ensure 3.5mm port on Host device is clean and dust free and 3.5mm jack of the earphone is adequately inserted inside the input device port|Noise Cancelling Microphone|One-Button Universal Remote with Mic|Quick Launch Access to Google Assistant / Siri",https://m.media-amazon.com/images/I/31NnmYempPL._SX300_SY300_QL70_ML2_.jpg,"{""main_cat"": ""Electronics"", ""sub_cat1"": ""Headphones,Earbuds&Accessories"", ""sub_cat2"": ""Headphones"", ""sub_cat3"": ""In-Ear""}"
"Samsung Galaxy M04 Dark Blue, 4GB RAM, 64GB Storage | Upto 8GB RAM with RAM Plus | MediaTek Helio P35 | 5000 mAh Battery",Electronics|Mobiles&Accessories|Smartphones&BasicMobiles|Smartphones,$114.03,$144.05,21%,"Powerful MediaTek Helio P35 Octa Core 2.3GHz with Android 12,One UI Core 4.1|13MP+2MP Dual camera setup- True 13MP (F2.2) main camera + 2MP (F2.4) | 5MP (F2.2) front came|16.55 centimeters (6.5-inch) LCD, HD+ resolution with 720 x 1600 pixels resolution, 269 PPI with 16M color|5000mAH lithium-ion battery, 1 year manufacturer warranty for device and 6 months manufacturer warranty for in-box accessories including batteries from the date of purchase",https://m.media-amazon.com/images/I/41kg-+XWoxL._SY300_SX300_.jpg,"{""main_cat"": ""Electronics"", ""sub_cat1"": ""Mobiles&Accessories"", ""sub_cat2"": ""Smartphones&BasicMobiles"", ""sub_cat3"": ""Smartphones""}"
"PTron Tangentbeat in-Ear Bluetooth 5.0 Wireless Headphones with Mic, Enhanced Bass, 10mm Drivers, Clear Calls, Snug-Fit, Fast Charging, Magnetic Buds, Voice Assistant & IPX4 Wireless Neckband (Black)","Electronics|Headphones,Earbuds&Accessories|Headphones|In-Ear",$7.19,$30.00,76%,Ergonomic Magnetic Earbuds; Secure-fit; Sweat & Dust-proof; Passive Noise Cancellation; Universal Bluetooth Earphones; 120mAh Li-Polymer Battery; USB Charging Cable included|In-Ear Wireless Bluetooth Neckband with up to 10 Hours Playback-time & Mic.Foldable/Collapsible :Yes|In-line Remote Control Allow Calls & Music Control for a Hands-free Experience|Super Flexible Band; Stereo Audio with Bass; Bluetooth 5.0; 10m Wireless Range; Fast Charging; 1.5 Hour Charge Time; 100 Hours Standby-time|Google Assistant/Siri Voice Assistance Support|1 year manufacturer warranty from the date of purchase|10mm Dynamic Driver Ensures Exquisite Sound Details with Bass,https://m.media-amazon.com/images/I/41KBaLUTYHL._SX300_SY300_QL70_ML2_.jpg,"{""main_cat"": ""Electronics"", ""sub_cat1"": ""Headphones,Earbuds&Accessories"", ""sub_cat2"": ""Headphones"", ""sub_cat3"": ""In-Ear""}"
"Redmi 10A (Charcoal Black, 4GB RAM, 64GB Storage) | 2 Ghz Octa Core Helio G25 | 5000 mAh Battery | Finger Print Sensor | Upto 5GB RAM with RAM Booster",Electronics|Mobiles&Accessories|Smartphones&BasicMobiles|Smartphones,$108.03,$144.05,25%,"Camera: 13MP Rear Camera | 5MP Front Camera|Display: HD+(1600x700) IPS LCD display; 15.58 centimeters (6.53 inch); 20:9 aspect ratio|Processor: MediaTek Helio G25 Octa-core processor; Up to 2.0 GHz clock speed|Battery: 5000 mAh large battery with 10W fast charger in-box and Micro USB connectivity|Memory, Storage & SIM:4GB RAM | 64GB storage expandable upto 512GB with dedicated SD card slot | Dual SIM (nano+nano) dual standby(4G+4G)",https://m.media-amazon.com/images/I/41WpD4fqT4L._SX300_SY300_QL70_ML2_.jpg,"{""main_cat"": ""Electronics"", ""sub_cat1"": ""Mobiles&Accessories"", ""sub_cat2"": ""Smartphones&BasicMobiles"", ""sub_cat3"": ""Smartphones""}"
"pTron Bullet Pro 36W PD Quick Charger, 3 Port Fast Car Charger Adapter - Compatible with All Smartphones & Tablets (Black)",Electronics|Mobiles&Accessories|MobileAccessories|Chargers|AutomobileChargers,$4.19,$15.59,73%,"PTron bullet pro is a 36w charging power car charger passed the rigorous test by USB compliance standard and it's fast and safe to provides you the best possible quick charging performance|Qualcomm quick charge 3.0 technology charges QC3.0 enabled smartphones up to 80 percent faster, up to 4X faster than standard chargers via USB C or micro USB cable (cables are not included)|You can charge 3 devices simultaneously, it features 2 USB ports, 1 type C port, and 36w device output which is more than enough to charge smartphones or tablets at the same time|With a built-in USB Type-C port with Power Delivery (PD), charge all USB-C compatible devices at full speed from this travel-ready car outlet adapter.|It's built-in smart IC chip, ensures complete protection for you and your devices, including over-heating, over-current, high-temperature protection and short-circuit protection|It is compact, lightweight, well build quality and can be easily carried in a pocket, purse or suitcase|Extensive compatibility with USB-C and USB-powered devices including phones, tablets, dash cams, etc",https://m.media-amazon.com/images/I/41LZP1CmYRL._SX300_SY300_QL70_ML2_.jpg,"{""main_cat"": ""Electronics"", ""sub_cat1"": ""Mobiles&Accessories"", ""sub_cat2"": ""MobileAccessories"", ""sub_cat3"": ""Chargers"", ""sub_cat4"": ""AutomobileChargers""}"
boAt Bassheads 100 in Ear Wired Earphones with Mic(Taffy Pink),"Electronics|Headphones,Earbuds&Accessories|Headphones|In-Ear",$4.19,$11.99,65%,"The perfect way to add some style and stand out from the crowd with the boAt BassHeads 100 ""Hawk"" inspired earphones|The stylish BassHeads 100 superior coated wired earphones are a definite fashion statement - wear your attitude with its wide variety of collection|The powerful 10mm dynamic driver with the speaker resistance of 16 ohm enables the earphone to deliver a punchy, rhythmic response to the most demanding tracks|Features a HD microphone to make crystal clear calls - making life easier on the go, play/pause music or answer/end calls with one-click, track forward with two-clicks or back with 3 clicks make these earphones extremely user-friendly|With 1.2 meters perfect length cable now plug it in anywhere with ease - while the earphones are extremely user-friendly and stylish, extruding premium coating on the wire cable is a manufacturing process that we've been performing and refining since our company's inception|Its impeccable fit won't let you take these wonderfully amazing earphones off, fits you perfectly without hurting your ears and the perfect arc, with different size ear tips helps you in achieving superior comfort even with long listening hours.|1 year warranty from the date of purchase",https://m.media-amazon.com/images/I/31J6I7SrLXL._SX300_SY300_QL70_ML2_.jpg,"{""main_cat"": ""Electronics"", ""sub_cat1"": ""Headphones,Earbuds&Accessories"", ""sub_cat2"": ""Headphones"", ""sub_cat3"": ""In-Ear""}"
"SanDisk Ultra® microSDXC™ UHS-I Card, 128GB, 140MB/s R, 10 Y Warranty, for Smartphones",Electronics|Accessories|MemoryCards|MicroSD,$11.51,$21.61,47%,Ideal storage for Android smartphones and tablets|Up to 140MB/s transfer speeds to move up to 1000 photos per minute|Load apps faster with A1-rated performance|Class 10 for Full HD video recording and playback|Compatible with SanDisk MobileMate USB 3.0 microSD card reader,https://m.media-amazon.com/images/I/413qMt0RdpL._SY300_SX300_QL70_ML2_.jpg,"{""main_cat"": ""Electronics"", ""sub_cat1"": ""Accessories"", ""sub_cat2"": ""MemoryCards"", ""sub_cat3"": ""MicroSD""}"
"Samsung Galaxy M04 Light Green, 4GB RAM, 64GB Storage | Upto 8GB RAM with RAM Plus | MediaTek Helio P35 | 5000 mAh Battery",Electronics|Mobiles&Accessories|Smartphones&BasicMobiles|Smartphones,$114.03,$144.05,21%,"Powerful MediaTek Helio P35 Octa Core 2.3GHz with Android 12,One UI Core 4.1|13MP+2MP Dual camera setup- True 13MP (F2.2) main camera + 2MP (F2.4) | 5MP (F2.2) front came|16.55 centimeters (6.5-inch) LCD, HD+ resolution with 720 x 1600 pixels resolution, 269 PPI with 16M color|5000mAH lithium-ion battery, 1 year manufacturer warranty for device and 6 months manufacturer warranty for in-box accessories including batteries from the date of purchase",https://m.media-amazon.com/images/I/41IcuNkyrdL._SX300_SY300_QL70_ML2_.jpg,"{""main_cat"": ""Electronics"", ""sub_cat1"": ""Mobiles&Accessories"", ""sub_cat2"": ""Smartphones&BasicMobiles"", ""sub_cat3"": ""Smartphones""}"
"MI 10000mAh Lithium Ion, Lithium Polymer Power Bank Pocket Pro with 22.5 Watt Fast Charging, Dual Input Ports(Micro-USB and Type C), Triple Output Ports, (Black)",Electronics|Mobiles&Accessories|MobileAccessories|Chargers|PowerBanks,$18.00,$30.00,40%,22.5W Ultra Fast Charging|Super light-weight and Pocket sized|Power delivery 3.0|Triple output port|Charging time - 6 hours,https://m.media-amazon.com/images/I/41J2W8DASzS._SX300_SY300_QL70_ML2_.jpg,"{""main_cat"": ""Electronics"", ""sub_cat1"": ""Mobiles&Accessories"", ""sub_cat2"": ""MobileAccessories"", ""sub_cat3"": ""Chargers"", ""sub_cat4"": ""PowerBanks""}"
"Mi 10000mAH Li-Polymer, Micro-USB and Type C Input Port, Power Bank 3i with 18W Fast Charging (Midnight Black)",Electronics|Mobiles&Accessories|MobileAccessories|Chargers|PowerBanks,$13.79,$26.40,48%,Warranty : 6 months domestic warranty|Warranty : 6 months domestic warranty|It can be a gift option|Best-in class specs,https://m.media-amazon.com/images/I/21luyw7JrrL._SX300_SY300_QL70_ML2_.jpg,"{""main_cat"": ""Electronics"", ""sub_cat1"": ""Mobiles&Accessories"", ""sub_cat2"": ""MobileAccessories"", ""sub_cat3"": ""Chargers"", ""sub_cat4"": ""PowerBanks""}"
"ELV Car Mount Adjustable Car Phone Holder Universal Long Arm, Windshield for Smartphones - Black",Electronics|Mobiles&Accessories|MobileAccessories|AutomobileAccessories|Cradles,$4.19,$11.99,65%,"PRODUCT FEATURES : ELV Easy one touch mounting system locks and releases the device with just a push of a finger, Two step locking lever provides additional mounting support for multiple surfaces.|EASY ACCESS : Redesigned bottom foot ensures access to all your device ports.|SUPER POWER GRIP IN BOTTOM : Super sticky gel pad sticks securely to most surfaces (including textured surfaces),Yet is still removable.|360 DEGREE ROTATION : Fully adjuestable with 360 degree rotation for quick portrait and landscape views, TELESCOPIC ARM New telescopic arm adds 2 inches to allow for closer device viewing.",https://m.media-amazon.com/images/I/41ZK4aM4zgL._SX300_SY300_QL70_ML2_.jpg,"{""main_cat"": ""Electronics"", ""sub_cat1"": ""Mobiles&Accessories"", ""sub_cat2"": ""MobileAccessories"", ""sub_cat3"": ""AutomobileAccessories"", ""sub_cat4"": ""Cradles""}"
Samsung 25W USB Travel Adapter for Cellular Phones - White,Electronics|Mobiles&Accessories|MobileAccessories|Chargers|WallChargers,$14.63,$20.40,28%,"Charging Cable Not Included. Compatible With All Standard Usb Type-C Cables Such As Usb-C To Usb-C, Usb-C To Lightning And Etc. For Optimum Results, Please Use With Authentic Samsung Cables Which Can Be Purchased Separately|Enjoy The Flexibility Enabled By Usb-C Compatible Cables. You Can Alternate The Types Of Cables To Charge A Variety Of Mobile Devices That You Own. Just Plug In A Cable ?? There'S No Need To Change The Adapter Plugged Into Your Wall Outlet|Enjoy The Flexibility Of The Usb Type-C; Super Fast Charging To Stay Ready|Give Your Mobile Devices The Powerful And Safe Charging Support They Deserve. This Wall Charger Provides Super Fast Charging With Usb-C Pd 3.0 Pps At Up To Max 25W For Capable Devices. So When You Do Run Low, It'S Not For Long|Included Components: Wall Charger, User Manual; Power Source Type: Corded Electric",https://m.media-amazon.com/images/I/21uXmiH98wL._SX300_SY300_QL70_ML2_.jpg,"{""main_cat"": ""Electronics"", ""sub_cat1"": ""Mobiles&Accessories"", ""sub_cat2"": ""MobileAccessories"", ""sub_cat3"": ""Chargers"", ""sub_cat4"": ""WallChargers""}"
"Noise ColorFit Pulse Grand Smart Watch with 1.69""(4.29cm) HD Display, 60 Sports Modes, 150 Watch Faces, Fast Charge, Spo2, Stress, Sleep, Heart Rate Monitoring & IP68 Waterproof (Jet Black)",Electronics|WearableTechnology|SmartWatches,$19.20,$48.01,60%,"1.69"" grand display: Get the rich immersive viewing experience on the 1.69"" LCD display.;60 sports modes: Take your pick from a wide range of 60 sports modes. Charging Time 2.5 hours|Instant charge: Now enjoy more than a day’s worth/25 hours of battery in just 15 minutes of charge. Battery Capacity: 260 mAh;150+ cloud-based & customisable watch faces: Choose from 150+ cloud-based and customisable watch faces and change your look to suit your outfit.|Noise Health suite: Get valuable insights about your health from Noise Health Suite featuring 24*7 heart rate, stress, blood oxygen, sleep monitor and menstrual cycle tracking.;Quick-replies to texts and calls: Stay in touch with the world with quick replies available for Android.|IP68 waterproof: Live your life the way you want to, thanks to the IP68 waterproof rating.; 7-day battery: Charge your watch once and go about your week without a hitch.|Connectivity Technology: Usb; Compatible Devices: Smartphone; Included Components: ‎Smartwatch, Magnetic Charger, User Manual, Warranty Card; Item Type Name: Smartwatch",https://m.media-amazon.com/images/I/41qqmdUWnhL._SX300_SY300_QL70_ML2_.jpg,"{""main_cat"": ""Electronics"", ""sub_cat1"": ""WearableTechnology"", ""sub_cat2"": ""SmartWatches""}"
"Fire-Boltt Ninja 3 Smartwatch Full Touch 1.69 & 60 Sports Modes with IP68, Sp02 Tracking, Over 100 Cloud based watch faces - Black",Electronics|WearableTechnology|SmartWatches,$18.00,$96.03,81%,"Fire-Boltt is India' No 1 Wearable Watch Brand Q122 by IDC Worldwide quarterly wearable device tracker Q122.【1.69” HD Large Touch Screen】- Fire-Boltt Ninja 3 comes with a 1.69” HD Full Touch Display for smooth swipes and clear vision;【SPO2/ Oxygen, Heart Rate】 - Fire-Boltt Ninja 3 Smartwatch comes with real time 24*7 SPO2 / Blood Oxygen tracking, Dynamic Heart Rate Monitoring (If a patient is suffering from Covid 19 please use a medical device prescribed by the Doctor)|【60 workout modes】- This smartwatch consists of 60 sports mode to track. Keep a track of all your activities and compare history to analyse your performance. Count steps, distance, and calories burned.;【IP68 Water Resistant】- This smartwatch can withstand dust, spills, raindrops and is sweatproof too|【POWERFUL BATTERY】 - About 7 days battery life and a Standby Time of 25 Days 【Multiple Watch Faces】- Unlimited Customized Built in Watch Faces and also multiple watch faces through the app;【Stay Social Stay Updated】 – Inbuilt Social Media Notifications.|【All In One Smart Coach】 - Track your Daily Steps, Sleep, Fitness, Sports, Heart Rate and SPO2 【Enjoy Music And Camera Control】 【IP68 Water Resistant】- This smartwatch can withstand dust, spills, raindrops and is sweatproof too;Clasp type: Tang Buckle; water_resistance_level: water_resistant. System requirements: Compatible with android 4.4 or above, iOS 8.0 or above, Bluetooth version 5.1 or above.|Case Material Type: Plastic; Connectivity Technology: Bluetooth; Compatible Devices: Smartphonetablet; Band Material Type: Silicone; Color Name: Black; Human Interface Input: Touch Screenbuttons; Item Type Name: Smart Watch; Included Components: 1 Smartwatch, 1 Manual, 1 Magnetic Charger, 1 Warranty Card; Band Color: Black",https://m.media-amazon.com/images/I/41ApzUQQFVL._SX300_SY300_QL70_ML2_.jpg,"{""main_cat"": ""Electronics"", ""sub_cat1"": ""WearableTechnology"", ""sub_cat2"": ""SmartWatches""}"
"Samsung Galaxy M33 5G (Mystique Green, 8GB, 128GB Storage) | 6000mAh Battery | Upto 16GB RAM with RAM Plus | Travel Adapter to be Purchased Separately",Electronics|Mobiles&Accessories|Smartphones&BasicMobiles|Smartphones,$222.08,$312.11,29%,"Exynos 1280 Octa Core 2.4GHz 5nm Processor with the 12 band support for a True 5G experience|16.72 centimeters (6.6-inch) LCD Display, FHD+ resolution, 1080x2400 pixels protected by Gorilla Glass 5|Versatile Quad camera setup-50MP (F1.8)+ 5MP (F2.2/UW- 123 FOV) + 2MP (F2.4/Depth) + 2MP (F2.4/Macro) QuadCamera| 8MP (F1.8) Front Camera|Massive 6000 mAh Battery | Memory, Storage & SIM: 8GB RAM | 128GB internal memory expandable up to 1TB| SIM 1 + SIM 2+ Micro SD|Latest Android v12.0, One UI 4 operating system.|Intelligent Voice Focus | Power Cool Technology | Auto Data Switching|Connector type: 3.5mm jack",https://m.media-amazon.com/images/I/41t61osAZHL._SX300_SY300_QL70_ML2_.jpg,"{""main_cat"": ""Electronics"", ""sub_cat1"": ""Mobiles&Accessories"", ""sub_cat2"": ""Smartphones&BasicMobiles"", ""sub_cat3"": ""Smartphones""}"
"SanDisk Ultra microSD UHS-I Card 32GB, 120MB/s R",Electronics|Accessories|MemoryCards|MicroSD,$4.43,$8.40,47%,"Ideal for Android smartphones and tablets, and MIL cameras|Up to 1TB to store even more hours of Full HD video|Up to 120MB/s transfer speeds let you move up to 1000 photos in a minute [32GB-1TB]|Load apps faster with A1-rated performance, Operating Temperature-13°F to 185°F|Class 10 for Full HD video recording and playback",https://m.media-amazon.com/images/I/41aV2T7qLgL._SY300_SX300_QL70_ML2_.jpg,"{""main_cat"": ""Electronics"", ""sub_cat1"": ""Accessories"", ""sub_cat2"": ""MemoryCards"", ""sub_cat3"": ""MicroSD""}"
"Samsung Galaxy M13 (Aqua Green, 6GB, 128GB Storage) | 6000mAh Battery | Upto 12GB RAM with RAM Plus",Electronics|Mobiles&Accessories|Smartphones&BasicMobiles|Smartphones,$156.05,$216.07,28%,"6000mAh lithium-ion battery, 1 year manufacturer warranty for device and 6 months manufacturer warranty for in-box accessories including batteries from the date of purchase|Upto 12GB RAM with RAM Plus | 128GB internal memory expandable up to 1TB| Dual Sim (Nano)|50MP+5MP+2MP Triple camera setup- True 50MP (F1.8) main camera +5MP(F2.2)+ 2MP (F2.4) | 8MP (F2.2) front cam|Android 12,One UI Core 4 with a powerful Octa Core Processor|16.72 centimeters (6.6-inch) FHD+ LCD - infinity O Display, FHD+ resolution with 1080 x 2408 pixels resolution, 401 PPI with 16M color",https://m.media-amazon.com/images/I/41op1vdp-UL._SX300_SY300_QL70_ML2_.jpg,"{""main_cat"": ""Electronics"", ""sub_cat1"": ""Mobiles&Accessories"", ""sub_cat2"": ""Smartphones&BasicMobiles"", ""sub_cat3"": ""Smartphones""}"
"Fire-Boltt Ninja Call Pro Plus 1.83"" Smart Watch with Bluetooth Calling, AI Voice Assistance, 100 Sports Modes IP67 Rating, 240*280 Pixel High Resolution",Electronics|WearableTechnology|SmartWatches,$21.60,$240.08,91%,"Fire-Boltt is India' No 1 Wearable Watch Brand Q122 by IDC Worldwide quarterly wearable device tracker Q122.【Bluetooth Calling Watch】- Fire-Boltt Ninja Call Pro Plus Smart Watch enables you to make and receive calls directly from your watch via the built-in speaker and microphone. This smartwatch features a dial pad, option to access recent calls & sync your phone’s contacts.|【1.83"" HD Display Smartwatch】- The 46.48mm (1.83-inch) HD display makes the display clear and true-to-life, with vivid colours ensuring smooth readability and keeping the watch as exquisite to look at as when you first lay your eyes on it.|【AI Voice Assistant】- With built-in Voice assistant, you can simply speak to the smartwatch & get things done on your command|【100 Sport Modes】- Track every trek you take or every football, cricket kabaddi match you play. With over 100 sports modes Fire-Boltt Ninja Call Pro Plus has you covered.|【Fire-Boltt Health Suite】- With advanced technology and HRS chipset the smartwatch can give out near to accurate SpO2, Heart Rate readings. This mini health device tracks your sleep to ensure glowing and fresh look each day",https://m.media-amazon.com/images/I/41mzbWC6AkL._SX300_SY300_QL70_ML2_.jpg,"{""main_cat"": ""Electronics"", ""sub_cat1"": ""WearableTechnology"", ""sub_cat2"": ""SmartWatches""}"
"Fire-Boltt India's No 1 Smartwatch Brand Talk 2 Bluetooth Calling Smartwatch with Dual Button, Hands On Voice Assistance, 60 Sports Modes, in Built Mic & Speaker with IP68 Rating",Electronics|WearableTechnology|SmartWatches,$26.40,$120.04,78%,"【Bluetooth Calling Watch】- Fire-Boltt Talk 2 enables you to make and receive calls directly from your watch via the built-in speaker and microphone. This smartwatch features a dial pad, option to access recent calls & sync your phone’s contacts.;【Dual Button Technology】- This smartwatch has dual buttons to carry out the tasks more efficiently and easily. Use the first button to change the menu style and to return to the first page, use the second button to quickly land to the exercise page|【Voice Assistant】- Command your mobile phone with your smartwatch, the watch has a voice assistant built in to make work easy and fast. Tap on the AI feature to activate the mobile phone voice assistant and make calls smoothly, or hear the weather update;【60 Sports Modes】- Track 60 different sports mode like running, walking, climbing, kabbadi, cricket and many more, get the benefit of every sweat and calorie lost【IP68 Water Resistant】- This smartwatch can withstand dust, spills, raindrops and is sweatproof too.|【Built In Mic & Speaker】- Enjoy listening to your favour ite tunes on the watch and experience HD Calling through the built in Mic;【1.28 inch HD Display】- This smartwatch has a 1.28” TFT LCD Full Touch Display with a 2D High Hardness Glass for super protection and a high resolution of 240*240 pixels 【Full Metal Body】- This watch is long lasting and durable with its metal body feature|【SPo2 Monitoring】- Monitor your blood oxygen levels any time anywhere. 【360 Health Ecosystem】- With this watch track your heart rate, calorie, step count and multiple sports modes with easy touch;【Play Games On Your Wrist】- Play 2 mini games in your pastime or leisure time.; 【Smart Notification】- Get all your mobile phone notifications on the watch and stay updates about trends, meeting emails and much more. 【Remotely access smartphone features】- Click pictures, change music tracks on the watch with a single touch.;Clasp type: Tang Buckle; nanwater_resistant. System requirements: Compatible with android 4.4 or above, iOS 8.0 or above, Bluetooth version 5.0 and above.|Compatible Devices: Smartphonetablet; Band Material Type: Silicone; Human Interface Input: Buttonstouch Screenmicrophone; Band Color: Black; Color Name: Black; Included Components: 1u Smartwatch, 1u Charging Cable, 1u Manual; Item Type Name: Smart Watch",https://m.media-amazon.com/images/I/41Mce3f9faL._SX300_SY300_QL70_ML2_.jpg,"{""main_cat"": ""Electronics"", ""sub_cat1"": ""WearableTechnology"", ""sub_cat2"": ""SmartWatches""}"
"Samsung Galaxy M33 5G (Emerald Brown, 6GB, 128GB Storage) | 6000mAh Battery | Upto 12GB RAM with RAM Plus | Travel Adapter to be Purchased Separately",Electronics|Mobiles&Accessories|Smartphones&BasicMobiles|Smartphones,$204.07,$300.11,32%,"Exynos 1280 Octa Core 2.4GHz 5nm Processor with the 12 band support for a True 5G experience|16.72 centimeters (6.6-inch) LCD Display, FHD+ resolution, 1080x2400 pixels protected by Gorilla Glass 5|Versatile Quad camera setup-50MP (F1.8)+ 5MP (F2.2/UW- 123 FOV) + 2MP (F2.4/Depth) + 2MP (F2.4/Macro) QuadCamera| 8MP (F1.8) Front Camera|Massive 6000 mAh Battery | Memory, Storage & SIM: 6GB RAM | 128GB internal memory expandable up to 1TB| SIM 1 + SIM 2+ Micro SD|Latest Android v12.0, One UI 4 operating system.",https://m.media-amazon.com/images/I/419KF2t1nML._SX300_SY300_QL70_ML2_.jpg,"{""main_cat"": ""Electronics"", ""sub_cat1"": ""Mobiles&Accessories"", ""sub_cat2"": ""Smartphones&BasicMobiles"", ""sub_cat3"": ""Smartphones""}"
"iQOO vivo Z6 5G (Chromatic Blue, 6GB RAM, 128GB Storage) | Snapdragon 695-6nm Processor | 120Hz FHD+ Display | 5000mAh Battery",Electronics|Mobiles&Accessories|Smartphones&BasicMobiles|Smartphones,$198.07,$252.09,21%,"Snapdragon 695 5G Mobile Platform allows you to level up your performance with efficient 6nm Process, with an ANTUTU Score of 410563. Also, we get a 15% improved CPU performance & improved 30% GPU performance (As compared to Snapdragon 690G)|iQOO Z6 5G comes with a large 5000mAh battery keeps going longer, for a more enjoyable gaming and video experience. It also comes 18W Fast Charging technology that juices up the battery quickly.|5-layered liquid cooling system can accurately sense the heat source and intelligently adapt the optimal cooling solution, which can effectively cool down the phone when it is under high load and reduce the core temperature by 10 degrees*. Let go off any heating issues in prolonged gaming or movie sessions.|Equipped with 50MP Eye Autofocus main camera, it is designed to tackle the out-of-focus problem. The feature performs fast Eye Autofocus at a high refresh rate, allowing the camera to maintain a stable and clear focus on the subjects in movement.|Headphones jack: 3.5 mm, Form factor: Bar, Operating system: Funtouch OS 12 based on Android 12, Display type: LCD",https://m.media-amazon.com/images/I/41OaM+9ZHXL._SY300_SX300_.jpg,"{""main_cat"": ""Electronics"", ""sub_cat1"": ""Mobiles&Accessories"", ""sub_cat2"": ""Smartphones&BasicMobiles"", ""sub_cat3"": ""Smartphones""}"
"Fire-Boltt Ninja Call Pro Plus 1.83"" Smart Watch with Bluetooth Calling, AI Voice Assistance, 100 Sports Modes IP67 Rating, 240*280 Pixel High Resolution",Electronics|WearableTechnology|SmartWatches,$21.60,$240.08,91%,"Fire-Boltt is India' No 1 Wearable Watch Brand Q122 by IDC Worldwide quarterly wearable device tracker Q122.【Bluetooth Calling Watch】- Fire-Boltt Ninja Call Pro Plus Smart Watch enables you to make and receive calls directly from your watch via the built-in speaker and microphone. This smartwatch features a dial pad, option to access recent calls & sync your phone’s contacts.|【1.83"" HD Display Smartwatch】- The 46.48mm (1.83-inch) HD display makes the display clear and true-to-life, with vivid colours ensuring smooth readability and keeping the watch as exquisite to look at as when you first lay your eyes on it.|【AI Voice Assistant】- With built-in Voice assistant, you can simply speak to the smartwatch & get things done on your command|【100 Sport Modes】- Track every trek you take or every football, cricket kabaddi match you play. With over 100 sports modes Fire-Boltt Ninja Call Pro Plus has you covered.|【Fire-Boltt Health Suite】- With advanced technology and HRS chipset the smartwatch can give out near to accurate SpO2, Heart Rate readings. This mini health device tracks your sleep to ensure glowing and fresh look each day",https://m.media-amazon.com/images/I/41ivjqdXb0L._SX300_SY300_QL70_ML2_.jpg,"{""main_cat"": ""Electronics"", ""sub_cat1"": ""WearableTechnology"", ""sub_cat2"": ""SmartWatches""}"
"Redmi 9 Activ (Carbon Black, 4GB RAM, 64GB Storage) | Octa-core Helio G35 | 5000 mAh Battery",Electronics|Mobiles&Accessories|Smartphones&BasicMobiles|Smartphones,$102.03,$132.04,23%,"Processor: Octa-core Helio G35 and upto 2.3GHz clock speed|Camera: 13+2 MP Dual Rear camera with AI portrait| 5 MP front camera|Display: 16.58 centimeters (6.53-inch) HD+ display with 720x1600 pixels and 20:9 aspect ratio|Battery: 5000 mAH large battery with 10W wired charger in-box|Memory, Storage & SIM: 4GB RAM | 64GB storage | Dual SIM (nano+nano) + Dedicated SD card slot",https://m.media-amazon.com/images/I/416SpYgTVYL._SX300_SY300_QL70_ML2_.jpg,"{""main_cat"": ""Electronics"", ""sub_cat1"": ""Mobiles&Accessories"", ""sub_cat2"": ""Smartphones&BasicMobiles"", ""sub_cat3"": ""Smartphones""}"
"Redmi 9A Sport (Coral Green, 2GB RAM, 32GB Storage) | 2GHz Octa-core Helio G25 Processor | 5000 mAh Battery",Electronics|Mobiles&Accessories|Smartphones&BasicMobiles|Smartphones,$78.02,$102.03,24%,"Processor: MediaTek Helio G25 Octa-core; Up to 2.0GHz clock speed|Camera: 13 MP Rear camera with AI portrait| 5 MP front camera|Display: 16.58 centimeters (6.53-inch) HD+ display with 720x1600 pixels and 20:9 aspect ratio|Battery: 5000 mAH large battery with 10W wired charger in-box|Memory, Storage & SIM: 2GB RAM | 32GB storage | Dual SIM (nano+nano) + Dedicated SD card slot|The Selfie camera allows easy and convenient access to your phone with AI face unlock|Form factor:Bar,Operating system:MIUI 12",https://m.media-amazon.com/images/I/41i7LM0pGwL._SX300_SY300_QL70_ML2_.jpg,"{""main_cat"": ""Electronics"", ""sub_cat1"": ""Mobiles&Accessories"", ""sub_cat2"": ""Smartphones&BasicMobiles"", ""sub_cat3"": ""Smartphones""}"
"Fire-Boltt Ninja Call Pro Plus 1.83"" Smart Watch with Bluetooth Calling, AI Voice Assistance, 100 Sports Modes IP67 Rating, 240*280 Pixel High Resolution",Electronics|WearableTechnology|SmartWatches,$21.60,$240.08,91%,"Fire-Boltt is India' No 1 Wearable Watch Brand Q122 by IDC Worldwide quarterly wearable device tracker Q122.【Bluetooth Calling Watch】- Fire-Boltt Ninja Call Pro Plus Smart watch enables you to make and receive calls directly from your watch via the built-in speaker and microphone. This smartwatch features a dial pad, option to access recent calls & sync your phone’s contacts.|【1.83"" HD Display Smartwatch】- The 46.48mm (1.83-inch) HD display makes the display clear and true-to-life, with vivid colours ensuring smooth readability and keeping the watch as exquisite to look at as when you first lay your eyes on it.|【AI Voice Assistant】- With built-in Voice assistant, you can simply speak to the smartwatch & get things done on your command|【100 Sport Modes】- Track every trek you take or every football, cricket kabaddi match you play. With over 100 sports modes Fire-Boltt Ninja Call Pro Plus has you covered.|【Fire-Boltt Health Suite】- With advanced technology and HRS chipset the smartwatch can give out near to accurate SpO2, Heart Rate readings. This mini health device tracks your sleep to ensure glowing and fresh look each day",https://m.media-amazon.com/images/I/410VGCE+q2L._SY300_SX300_.jpg,"{""main_cat"": ""Electronics"", ""sub_cat1"": ""WearableTechnology"", ""sub_cat2"": ""SmartWatches""}"
"Redmi 10A (Sea Blue, 4GB RAM, 64GB Storage) | 2 Ghz Octa Core Helio G25 | 5000 mAh Battery | Finger Print Sensor | Upto 5GB RAM with RAM Booster",Electronics|Mobiles&Accessories|Smartphones&BasicMobiles|Smartphones,$108.03,$144.05,25%,"Camera: 13MP Rear Camera | 5MP Front Camera|Display: HD+(1600x700) IPS LCD display; 15.58 centimeters (6.53 inch); 20:9 aspect ratio|Processor: MediaTek Helio G25 Octa-core processor; Up to 2.0 GHz clock speed|Battery: 5000 mAh large battery with 10W fast charger in-box and Micro USB connectivity|Memory, Storage & SIM:4GB RAM | 64GB storage expandable upto 512GB with dedicated SD card slot | Dual SIM (nano+nano) dual standby(4G+4G)",https://m.media-amazon.com/images/I/41wNAXmtvIL._SX300_SY300_QL70_ML2_.jpg,"{""main_cat"": ""Electronics"", ""sub_cat1"": ""Mobiles&Accessories"", ""sub_cat2"": ""Smartphones&BasicMobiles"", ""sub_cat3"": ""Smartphones""}"
AGARO Blaze USB 3.0 to USB Type C OTG Adapter,Electronics|Mobiles&Accessories|MobileAccessories|Cables&Adapters|OTGAdapters,$1.67,$5.94,72%,Multipurpose Functions|High Speed USB 3.0|Charge and Sync on the go|Power Sharing Function|Metal Body,https://m.media-amazon.com/images/I/212redZnCCL._SX300_SY300_QL70_ML2_.jpg,"{""main_cat"": ""Electronics"", ""sub_cat1"": ""Mobiles&Accessories"", ""sub_cat2"": ""MobileAccessories"", ""sub_cat3"": ""Cables&Adapters"", ""sub_cat4"": ""OTGAdapters""}"
"Fire-Boltt Visionary 1.78"" AMOLED Bluetooth Calling Smartwatch with 368*448 Pixel Resolution 100+ Sports Mode, TWS Connection, Voice Assistance, SPO2 & Heart Rate Monitoring",Electronics|WearableTechnology|SmartWatches,$48.01,$204.07,76%,"Fire-Boltt is India' No 1 Wearable Watch Brand Q122 by IDC Worldwide quarterly wearable device tracker Q122.【Bluetooth Calling Watch】- Fire-Boltt Visionary enables you to make and receive calls directly from your watch via the built-in speaker and microphone. This smartwatch features a dial pad option to access recent calls & sync your phone’s contacts.;【1.78"" AMOLED Display】 - Fire-Boltt Visionary has a premium 368*448 Pixel Resolution and 1.78"" AMOLED Display which comes with the Always On feature.|【Over 100 Sports Modes】 - Walking, Running to Tedious Workout modes we have covered it all. Fire-Boltt Visionary smartwatch does a wonderful tracking job to each sports mode the user carries out in the day or at the gym.;【Connect TWS On The Go】- This smartwatch has an internal storage memory of about 128MB to store your songs and listen to local music on your bluetooth headset|【AI Voice Assistance】- Command your watch and let the magic happen. This special technology is in the Fire-Boltt Visionary Smartwatch;【Smart 360 Health Tracking】 - The Fire-Boltt Visionary Smartwatch comes with a complete package of health tracking features. From SpO2 tracking to real time heart rate tracking stay fit always. With the breathing exercise and women health the smartwatch is fit for each use and purpose|【IP68 Water Resistant】 - The smartwatch is fit to withstand sweat, dust, dirt and sand and is resistant to submersion upto a maximum depth of 1m of freshwater for up to twenty minutes.;【Smart Notifications】 - Keeping you notified on every second of all activities through your social media connects. Do not miss out on any notification that you receive on smartphone.; 【Remote Controls】 - Click numerous pictures and listen to your favourite songs by just one touch. 【Basic Reminders】 - Don't drink water or walk in normal breaks we have got you covered in that too with the sedentary reminders you will alwasy stay hydrated and will walk good, a step to a healthy life|Band Material Type: Silicone; Band Color: Black; Human Interface Input: Buttonstouch Screen; Included Components: 1 Smartwatch, 1 Manual, 1 Magnetic Charger, 1 Warranty Card; Case Material Type: Metal; Clasp Type: Tang Buckle; Color Name: Black; Compatible Devices: Smartphonetablet|The AMOLED provides over the line performance. It is thinner, lighter, flexible and one of the safest display technologies ever developed..Band Width:20 millimeters.Water resistance depth:1 meters",https://m.media-amazon.com/images/I/41r1d8a2WGL._SX300_SY300_QL70_ML2_.jpg,"{""main_cat"": ""Electronics"", ""sub_cat1"": ""WearableTechnology"", ""sub_cat2"": ""SmartWatches""}"
"Noise ColorFit Pro 4 Advanced Bluetooth Calling Smart Watch with 1.72"" TruView Display, Fully-Functional Digital Crown, 311 PPI, 60Hz Refresh Rate, 500 NITS Brightness (Charcoal Black)",Electronics|WearableTechnology|SmartWatches,$35.99,$72.02,50%,"Advanced Bluetooth calling: Upgrade to an effortless calling experience - attend/reject calls and dial numbers, from your wrist.;Digital crown: Navigate through the watch, adjust volume and change the watch face via the fully-functional crown.|1.72’’display: ColorFit Pro 4 features 1.72’’ TFT LCD with 25% more screen area than ColorFit Pro 3.;Vivid clarity: View information under the brightest sun, thanks to 311 PPI and 500 nits of brightness.|60Hz refresh rate: Get smoother scrolling & navigation experience.;100 sports modes: Take your pick from 100 sports modes and ace your game.|Noise Health Suite: Know how your body is doing with the battery of fitness features.;Productivity suite: Get more work done with quick reply options, stock market updates, alarm and disconnect with smart DND when you want to.; Water Resistance Level: Water Resistant|Item Type Name: Smartwatch; Connectivity Technology: Usb; Included Components: ‎Smartwatch, Magnetic Charger, User Manual, Warranty Card",https://m.media-amazon.com/images/I/413x7j3Z30L._SX300_SY300_QL70_ML2_.jpg,"{""main_cat"": ""Electronics"", ""sub_cat1"": ""WearableTechnology"", ""sub_cat2"": ""SmartWatches""}"
"iQOO Z6 Lite 5G by vivo (Stellar Green, 6GB RAM, 128GB Storage) | World's First Snapdragon 4 Gen 1 | 120Hz Refresh Rate | 5000mAh Battery | Travel Adapter to be Purchased Separately",Electronics|Mobiles&Accessories|Smartphones&BasicMobiles|Smartphones,$186.06,$228.08,18%,"World's First Snapdragon 4 Gen 1 Processor, that allows you to level up your performance with confidence through its efficient 6nm Process.|Best In-Segment 120Hz Screen Refresh Rate: Which comes with lagfree & nimble scrolling. The FHD+ display lets you enjoy to the fullest with every game you play and every content you watch with its crisp detailing of colours.|5000mAh Battery: Keeps iQOO Z6 Lite 5G to a longer usage, for a more enjoyable gaming and video experience, which offers Music Playback Time of 127 Hours, Social Media of 21.6 hours, OTT Streaming of 14.5 hours and Gaming of 8.3 hours.|50MP Eye Autofocus main camera, is designed to address the out-of-focus issues. The feature performs fast Eye Autofocus at a high refresh rate, allowing the camera to maintain a stable and clear focus on the subjects in movement.|Stylish & Slim Design: 8.25mm Thin & 194g Weight, with All new 2.5D flat frame design with Matt finish",https://m.media-amazon.com/images/I/4105IiC5tDL._SX300_SY300_QL70_ML2_.jpg,"{""main_cat"": ""Electronics"", ""sub_cat1"": ""Mobiles&Accessories"", ""sub_cat2"": ""Smartphones&BasicMobiles"", ""sub_cat3"": ""Smartphones""}"
"Fire-Boltt Ninja Call Pro Plus 1.83"" Smart Watch with Bluetooth Calling, AI Voice Assistance, 100 Sports Modes IP67 Rating, 240*280 Pixel High Resolution",Electronics|WearableTechnology|SmartWatches,$21.60,$240.08,91%,"Fire-Boltt is India' No 1 Wearable Watch Brand Q122 by IDC Worldwide quarterly wearable device tracker Q122.【Bluetooth Calling Watch】- Fire-Boltt Ninja Call Pro Plus Smartwatch enables you to make and receive calls directly from your watch via the built-in speaker and microphone. This smartwatch features a dial pad, option to access recent calls & sync your phone’s contacts.|【1.83"" HD Display Smart Watch】- The 46.48mm (1.83-inch) HD display makes the display clear and true-to-life, with vivid colours ensuring smooth readability and keeping the watch as exquisite to look at as when you first lay your eyes on it.|【AI Voice Assistant】- With built-in Voice assistant, you can simply speak to the smartwatch & get things done on your command|【100 Sport Modes】- Track every trek you take or every football, cricket kabaddi match you play. With over 100 sports modes Fire-Boltt Ninja Call Pro Plus has you covered.|【Fire-Boltt Health Suite】- With advanced technology and HRS chipset the smartwatch can give out near to accurate SpO2, Heart Rate readings. This mini health device tracks your sleep to ensure glowing and fresh look each day",https://m.media-amazon.com/images/I/41Fq27ZjJfL._SX300_SY300_QL70_ML2_.jpg,"{""main_cat"": ""Electronics"", ""sub_cat1"": ""WearableTechnology"", ""sub_cat2"": ""SmartWatches""}"
"Redmi 10A (Slate Grey, 4GB RAM, 64GB Storage) | 2 Ghz Octa Core Helio G25 | 5000 mAh Battery | Finger Print Sensor | Upto 5GB RAM with RAM Booster",Electronics|Mobiles&Accessories|Smartphones&BasicMobiles|Smartphones,$108.03,$144.05,25%,"Camera: 13MP Rear Camera | 5MP Front Camera|Display: HD+(1600x700) IPS LCD display; 15.58 centimeters (6.53 inch); 20:9 aspect ratio|Processor: MediaTek Helio G25 Octa-core processor; Up to 2.0 GHz clock speed|Battery: 5000 mAh large battery with 10W fast charger in-box and Micro USB connectivity|Memory, Storage & SIM:4GB RAM | 64GB storage expandable upto 512GB with dedicated SD card slot | Dual SIM (nano+nano) dual standby(4G+4G)",https://m.media-amazon.com/images/I/41VcqwZ-O8L._SX300_SY300_QL70_ML2_.jpg,"{""main_cat"": ""Electronics"", ""sub_cat1"": ""Mobiles&Accessories"", ""sub_cat2"": ""Smartphones&BasicMobiles"", ""sub_cat3"": ""Smartphones""}"
"Duracell 38W Fast Car Charger Adapter with Dual Output. Quick Charge, Type C PD 20W & Qualcomm Certified 3.0 Compatible for iPhone, All Smartphones, Tablets & More (Copper & Black)",Electronics|Mobiles&Accessories|MobileAccessories|Chargers|AutomobileChargers,$10.48,$20.40,49%,"Ultra Charging Protection Protects From Short Circuit, Over-Temperature Over-Voltage, Over-Current|Input-Dc12-24V Pd Output Dc 5V/3A, 9V/2.2A,12V/1.66A Qc 3.0 Output-3.6-6.5V/3A, 6.5-9V/2A, 9-12V/1.5A|Pd & Qc3.0 Port Can Charge Two Devices Parallely|Universal Compatible Devices:Smartphones Tablets, Smartwatches, Power Bank|Smart Ic Auto Detects Connected Device And Charge As Needed",https://m.media-amazon.com/images/I/31dYcDtt38L._SX300_SY300_QL70_ML2_.jpg,"{""main_cat"": ""Electronics"", ""sub_cat1"": ""Mobiles&Accessories"", ""sub_cat2"": ""MobileAccessories"", ""sub_cat3"": ""Chargers"", ""sub_cat4"": ""AutomobileChargers""}"
"realme narzo 50 (Speed Blue, 4GB RAM+64GB Storage) Helio G96 Processor | 50MP AI Triple Camera | 120Hz Ultra Smooth Display",Electronics|Mobiles&Accessories|Smartphones&BasicMobiles|Smartphones,$156.05,$192.06,19%,"Processor: Octa-core MediaTek Helio G96 gaming processor clocked at 2.05GHz for excellent gaming performance along with a powerful Mali-G57 MC2 GPU.|Display: 6.6 inch FHD+ (2412x1080) display comes with an ultra-smooth 120Hz high refresh rate display and a 90.8% Screen-to-body ratio|50MP + 2MP + 2MP AI triple rear camera setup with 50MP Mode, Ultra Steady Video, Night Mode, Panoramic view| Crystal clear 16MP Selfie Camera|5000mAh Massive Battery with 33W Dart charging support. The 33W Dart charger is included in the box with a USB Type-C cable.|4 GB RAM LPDDR4X Fast memory | 64 GB ROM UFS 2.1",https://m.media-amazon.com/images/I/51UzDSGpNWL._SX300_SY300_QL70_ML2_.jpg,"{""main_cat"": ""Electronics"", ""sub_cat1"": ""Mobiles&Accessories"", ""sub_cat2"": ""Smartphones&BasicMobiles"", ""sub_cat3"": ""Smartphones""}"
"WeCool Bluetooth Extendable Selfie Sticks with Wireless Remote and Tripod Stand, 3-in-1 Multifunctional Selfie Stick with Tripod Stand Compatible with iPhone/OnePlus/Samsung/Oppo/Vivo and All Phones",Electronics|Mobiles&Accessories|MobileAccessories|Photo&VideoAccessories|Tripods,$6.47,$19.20,66%,Ultra Light Selfie Stick can be used to Take selfies or capture your favourate videos. This multifunction tripod with selfie stick weighs only 113 Grams.. Rubber Grip : No|This is a Bluetooth Enabled selfie Stick for Mobile Phone. Just click the wireless remote to capture the photo|Use this Selfie Stand to Watch your favorite videos or conduct Online Meetings|This Selfie Sticks for All phone is compatible with all smartphones of 4 Inches to 6.5 Inches dimensions.|Bluetooth Selfie Stick is provided with a tiny wireless remote that can be connected to your phone and can be used up to about 15 Ft|WeCool Mobile Selfie Stick is compact and foldable. It can be Extended up to 60 Cms long|Selfie Stand for Mobile Phone can be Rotated to 360 degree + 220 Degree Angular Adjustment,https://m.media-amazon.com/images/I/41m7DLY3yGL._SX300_SY300_QL70_ML2_.jpg,"{""main_cat"": ""Electronics"", ""sub_cat1"": ""Mobiles&Accessories"", ""sub_cat2"": ""MobileAccessories"", ""sub_cat3"": ""Photo&VideoAccessories"", ""sub_cat4"": ""Tripods""}"
"Fire-Boltt Phoenix Smart Watch with Bluetooth Calling 1.3"",120+ Sports Modes, 240*240 PX High Res with SpO2, Heart Rate Monitoring & IP67 Rating",Electronics|WearableTechnology|SmartWatches,$24.00,$120.04,80%,"Fire-Boltt is India' No 1 Wearable Watch Brand Q122 by IDC Worldwide quarterly wearable device tracker Q122.【Bluetooth Calling Watch】- Fire-Boltt Phoenix enables you to make and receive calls directly from your watch via the built-in speaker and microphone. This smartwatch features a dial pad, option to access recent calls & sync your phone’s contacts.;【High Resolution Display】- Comes with a 1.3"" TFT Color Full Touch Screen and a 240*240 Pixel High Resolution this watch is covered to flaunt the sleek and stylish look always.|【120+ Sports Modes】- Track each activity effectively with this smartwatch & activity tracker. Track your calories, steps and much more while you are on your fitness journey. This fitness tracker has it all;【In Built Mic & Speaker】- Get HD calling experience with this power-packed watch. Enhance the look of your wrist with attractive colors and sleek finish|【Smart Health】- With the latest HRS3300 technology track your heart rate anytime of the day or even while you perform some activity. The optical sensors assure results so accurate. Monitor your blood oxygen levels to stay fit and healthy;【Smartphone Notifications】- Get all your mobile phone notifications on this 1.3"" Round Display Full touch smartwatch and never be late for a meeting, party or date.|【Gaming On Wrist】- Enjoy playing games on the wrist itself as you are on the go. 【Breathe Function】- Ensure your breathing exercise is fit and healthy with the breathing function.; 【Multiple Watch Faces】- Over 100 Cloud based watch faces to choose from and match your outfit and look each day everyday|Included Components: 1 Smartwatch, 1 Manual, 1 Magnetic Charger, 1 Warranty Card; Compatible Devices: Smartphonetabletiphoneandroid; Human Interface Input: Buttonstouch Screen; Clasp Type: Tang Buckle; Color Name: Silver Grey; Band Color: Grey; Band Material Type: Silicone; Case Material Type: Stainless Steel **Disclaimer** The Charging USB needs to be connected to a 4.7V to 5V charging adapter for best battery backup",https://m.media-amazon.com/images/I/41-CKEKnjyL._SX300_SY300_QL70_ML2_.jpg,"{""main_cat"": ""Electronics"", ""sub_cat1"": ""WearableTechnology"", ""sub_cat2"": ""SmartWatches""}"
"OPPO A74 5G (Fantastic Purple,6GB RAM,128GB Storage) with No Cost EMI/Additional Exchange Offers",Electronics|Mobiles&Accessories|Smartphones&BasicMobiles|Smartphones,$185.95,$251.98,26%,"6.49"" Inch 16.5cm FHD+ Punch-hole Display with 2400x1080 pixels. Larger screen to body ratio of 90.5%.Side Fingerprint Sensor|Qualcomm Snapdragon 480 5G GPU 619 at 650 MHz Support 5G sim Powerful 2 GHz Octa-core processor, support LPDDR4X memory and latest UFS 2.1 gear 3 storage|5000 mAh lithium polymer battery|48MP Quad Camera 48MP Main + 2MP Macro + 2MP Depth Lens 8MP Front Camera|Memory, Storage & SIM: 6GB RAM 128GB internal memory expandable up to 256GB Dual SIM nano+nano dual-standby 5G+5G. Color OS 11.1 based on Android v11.0 operating system|Connector type: USB Type C|Display type: LCD",https://m.media-amazon.com/images/I/41BnHjRP0ZS._SX300_SY300_QL70_ML2_.jpg,"{""main_cat"": ""Electronics"", ""sub_cat1"": ""Mobiles&Accessories"", ""sub_cat2"": ""Smartphones&BasicMobiles"", ""sub_cat3"": ""Smartphones""}"
"Redmi Note 11 Pro + 5G (Stealth Black, 6GB RAM, 128GB Storage) | 67W Turbo Charge | 120Hz Super AMOLED Display | Additional Exchange Offers | Charger Included",Electronics|Mobiles&Accessories|Smartphones&BasicMobiles|Smartphones,$240.08,$300.11,20%,"Superior performance with Snapdragon 695 5G. With 7 5G bands making the device future-ready.|16.94cm(6.67) Super AMOLED display with 120Hz Refresh Rate protected by Corning Gorilla Glass 5|67W in-box charger powers massive 5000mAh battery for full day’s charge in 15 minutes|108MP triple camera set up with 8MP ultra-wide and 2MP macro sensor for flawless photography|EVOL. Pro Design for perfect ergonomics and a beautiful glass back design|The phone also comes with dual stereo speaker and Alexa hands-free feature|Get 2 months of YouTube Premium free!|Cellular Technology: 5g, 4g Lte; Headphones Jack: 3.5 Mm; Form Factor: Bar",https://m.media-amazon.com/images/I/41iEZV6nKbL._SX300_SY300_QL70_ML2_.jpg,"{""main_cat"": ""Electronics"", ""sub_cat1"": ""Mobiles&Accessories"", ""sub_cat2"": ""Smartphones&BasicMobiles"", ""sub_cat3"": ""Smartphones""}"
"Samsung Original 25W USB Travel Lightning Adapter for Cellular Phones, Black",Electronics|Mobiles&Accessories|MobileAccessories|Chargers|WallChargers,$12.91,$20.40,37%,"Charging Cable Not Included. Compatible With All Standard Usb Type-C Cables Such As Usb-C To Usb-C, Usb-C To Lightning And Etc. For Optimum Results, Please Use With Authentic Samsung Cables Which Can Be Purchased Separately;Enjoy The Flexibility Enabled By Usb-C Compatible Cables. You Can Alternate The Types Of Cables To Charge A Variety Of Mobile Devices That You Own. Just Plug In A Cable ?? There'S No Need To Change The Adapter Plugged Into Your Wall Outlet|Enjoy The Flexibility Of The Usb Type-C;Super Fast Charging To Stay Ready|Give Your Mobile Devices The Powerful And Safe Charging Support They Deserve. This Wall Charger Provides Super Fast Charging With Usb-C Pd 3.0 Pps At Up To Max 25W For Capable Devices. So When You Do Run Low, It'S Not For Long;0|0;0; 0|Power Source Type: Corded Electric",https://m.media-amazon.com/images/I/21x1gw1geuL._SY300_SX300_QL70_ML2_.jpg,"{""main_cat"": ""Electronics"", ""sub_cat1"": ""Mobiles&Accessories"", ""sub_cat2"": ""MobileAccessories"", ""sub_cat3"": ""Chargers"", ""sub_cat4"": ""WallChargers""}"
realme Buds Classic Wired in Ear Earphones with Mic (Black),"Electronics|Headphones,Earbuds&Accessories|Headphones|In-Ear",$4.79,$8.39,43%,Large 14.2mm Large Driver ensures high fidelity music. The TPU material of cable is durable and reliable for daily use|Half in-ear comfortable design makes sure that even after long hours of usage there is no discomfort|in-line HD microphone for crystal clear calling experience. Sweat Proof : Yes|Richer Bass to enjoy the power of music|Built-in single remote allows easy control for calls and music,https://m.media-amazon.com/images/I/41NuSTFXerL._SX300_SY300_QL70_ML2_.jpg,"{""main_cat"": ""Electronics"", ""sub_cat1"": ""Headphones,Earbuds&Accessories"", ""sub_cat2"": ""Headphones"", ""sub_cat3"": ""In-Ear""}"
"Noise ColorFit Pulse Grand Smart Watch with 1.69"" HD Display, 60 Sports Modes, 150 Watch Faces, Spo2 Monitoring, Call Notification, Quick Replies to Text & Calls (Rose Pink)",Electronics|WearableTechnology|SmartWatches,$24.00,$47.90,50%,"1.69"" grand display: Get the rich immersive viewing experience on the 1.69"" LCD display.;60 sports modes: Take your pick from a wide range of 60 sports modes.|Instant charge: Now enjoy more than a day’s worth/25 hours of battery in just 15 minutes of charge.;150+ cloud-based & customisable watch faces: Choose from 150+ cloud-based and customisable watch faces and change your look to suit your outfit.|Noise Health suite: Get valuable insights about your health from Noise Health Suite featuring 24*7 heart rate, stress, blood oxygen, sleep monitor and menstrual cycle tracking.;Quick-replies to texts and calls: Stay in touch with the world with quick replies available for Android.|IP68 waterproof: Live your life the way you want to, thanks to the IP68 waterproof rating.;7-day battery: Charge your watch once and go about your week without a hitch.; Water Resistance Level: Water Resistant|Compatible Devices: Smartphone; Connectivity Technology: Usb; Included Components: ‎Smartwatch, Magnetic Charger, User Manual, Warranty Card; Item Type Name: Smartwatch",https://m.media-amazon.com/images/I/41Coma77U+L._SY300_SX300_.jpg,"{""main_cat"": ""Electronics"", ""sub_cat1"": ""WearableTechnology"", ""sub_cat2"": ""SmartWatches""}"
"boAt Wave Call Smart Watch, Smart Talk with Advanced Dedicated Bluetooth Calling Chip, 1.69” HD Display with 550 NITS & 70% Color Gamut, 150+ Watch Faces, Multi-Sport Modes, HR, SpO2, IP68(Mauve)",Electronics|WearableTechnology|SmartWatches,$24.00,$95.92,75%,"Bluetooth Calling- Wave Call comes with a premium built-in speaker and bluetooth calling via which you can stay connected to your friends, family, and colleagues|Dial Pad- Its dial pad is super responsive and convenient. You can also save upto 10 contacts in this smart watch|Screen Size- Wave Call comes with a 1.69” HD Display that features a bold, bright, and highly responsive 2.5D curved touch interface|Resolution- With 550 nits of brightness get sharper color resolution that brightens your virtual world exponentially.|Design- The ultra slim and lightweight design of the watch is ideal to keep you surfing your wave all day!|Watch Faces- Wave Call comes with 150+ Cloud watchfaces for you to pick from, complementing your every mood and outfit|HR, SpO2 & Breathing- Monitor your heart rate and blood oxygen levels on-the-go with the heart rate and SpO2 monitor. It also comes with Guided Breathing to help you relax and embrace mindfulness.",https://m.media-amazon.com/images/I/411q-oMvehL._SX300_SY300_QL70_ML2_.jpg,"{""main_cat"": ""Electronics"", ""sub_cat1"": ""WearableTechnology"", ""sub_cat2"": ""SmartWatches""}"
"iQOO Neo 6 5G (Dark Nova, 8GB RAM, 128GB Storage) | Snapdragon® 870 5G | 80W FlashCharge",Electronics|Mobiles&Accessories|Smartphones&BasicMobiles|Smartphones,$348.13,$420.16,17%,"Snapdragon 870 5G Mobile Platform which is a 7nm process technology, It is equipped with A77 architecture adopts a large core clocked at 3.2GHz, a middle core at 2.42GHz, and a small core at 1.8GHz.|80W FlashCharge Technology with 4700mAh Battery|120Hz E4 AMOLED Display | 1300nits Peak Brightness | 6000000:1 Contrast Ratio | SGS Eye Care Certificate | HDR 10+ | Netflix HDR|64MP OIS Main Camera with GW1P sensor, 8MP Wide Angle Camera & 2MP Macro Camera|Human Interface Input: Touch Screen; Form Factor: Bar",https://m.media-amazon.com/images/I/51DLLa8HNWL._SX300_SY300_QL70_ML2_.jpg,"{""main_cat"": ""Electronics"", ""sub_cat1"": ""Mobiles&Accessories"", ""sub_cat2"": ""Smartphones&BasicMobiles"", ""sub_cat3"": ""Smartphones""}"
"boAt Xtend Smartwatch with Alexa Built-in, 1.69” HD Display, Multiple Watch Faces, Stress Monitor, Heart & SpO2 Monitoring, 14 Sports Modes, Sleep Monitor, 5 ATM & 7 Days Battery(Charcoal Black)",Electronics|WearableTechnology|SmartWatches,$27.60,$95.92,71%,"Alexa- Alexa built-in Voice Assistant that sets reminders, alarms and answers questions from weather forecasts to live cricket scores at your command!|Screen Size- ;1.69"" big square colour LCD display with a round dial features complete capacitive touch experience to let you take control, effortlessly.|Watch Faces- Multiple watch faces with customizable options to match your OOTD, every day!|Brightness- The ambient light display allows automatic adjustment of brightness on the watch, suited to your environment|HR & SpO2- The watch comes with a stress monitor that reads your HR to indicate stress levels.It also monitors your heart rate and SpO2 (blood oxygen levels) to keep a tab on your overall health.|Sleep Monitor- Track all stages of sleep every night and keep a tab on your sleep health with the sleep monitoring feature on the watch.|Sports Friendly- Its 14 sports mode and 5 ATM dust, splash and sweat resistance makes it the perfect fitness companion to have.",https://m.media-amazon.com/images/I/41lQan54SPL._SX300_SY300_QL70_ML2_.jpg,"{""main_cat"": ""Electronics"", ""sub_cat1"": ""WearableTechnology"", ""sub_cat2"": ""SmartWatches""}"
"Tygot Bluetooth Extendable Selfie Sticks with Wireless Remote and Tripod Stand, 3-in-1 Multifunctional Selfie Stick with Tripod Stand Compatible with iPhone/OnePlus/Samsung/Oppo/Vivo and All Phones",Electronics|Mobiles&Accessories|MobileAccessories|Photo&VideoAccessories|SelfieSticks,$4.79,$24.00,80%,This is a Bluetooth Enabled selfie Stick for Mobile Phone. Just click the wireless remote to capture the photo|Bluetooth Selfie Stick is provided with a tiny wireless remote that can be connected to your phone and can be used up to about 15 Ft|Ultra Light Selfie Stick can be used to Take selfies or capture your favourate videos. This multifunction tripod with selfie stick weighs only 113 Grams.. Rubber Grip : No|Tygot Mobile Selfie Stick is compact and foldable. It can be Extended up to 60 Cms long|Selfie Stand for Mobile Phone can be Rotated to 360 degree + 220 Degree Angular Adjustment,https://m.media-amazon.com/images/I/41MmsYTi06L._SX300_SY300_QL70_ML2_.jpg,"{""main_cat"": ""Electronics"", ""sub_cat1"": ""Mobiles&Accessories"", ""sub_cat2"": ""MobileAccessories"", ""sub_cat3"": ""Photo&VideoAccessories"", ""sub_cat4"": ""SelfieSticks""}"
"Samsung EVO Plus 128GB microSDXC UHS-I U3 130MB/s Full HD & 4K UHD Memory Card with Adapter (MB-MC128KA), Blue",Electronics|Accessories|MemoryCards|MicroSD,$13.79,$48.01,71%,"Up to 130MB/s read speed with UHS-I interface. Performance varies by capacity.|Works with cell phones, smartphones, Android tablets, tablet PCs, and more.|6-Proof protection: Waterproof, Temperature proof, X-ray proof, Magnet proof, Drop proof, Wearout proof|10-year limited warranty; For further queries, please contact us at 1800 30 7267864|Includes full size adapter for use in cameras, laptops, and desktop computers",https://m.media-amazon.com/images/I/31R6RP26dzL._SY300_SX300_QL70_ML2_.jpg,"{""main_cat"": ""Electronics"", ""sub_cat1"": ""Accessories"", ""sub_cat2"": ""MemoryCards"", ""sub_cat3"": ""MicroSD""}"
"Portronics Adapto 20 Type C 20W Fast PD/Type C Adapter Charger with Fast Charging for iPhone 12/12 Pro/12 Mini/12 Pro Max/11/XS/XR/X/8/Plus, iPad Pro/Air/Mini, Galaxy 10/9/8 (Adapter Only) White",Electronics|Mobiles&Accessories|MobileAccessories|Chargers|WallChargers,$6.35,$18.00,65%,"[20W HIGH-SPEED CHARGING] : The Adapto 20 is a Type-C Fast Charger, designed to charge your iPhone up to 59% in just 30 minutes!|[3X FASTER] : Fast, durable, and dependable, the adaptor is designed to charge your iOS devices 3X faster than regular chargers. The PD adaptor is best-suited with cables for Type C to Type C, and Type C to Lightning charging and connectivity. (suitable for iOS). For best results, we recommend the Portronics PD Cable..|[WIDELY COMPATIBLE] : Compatible with all PD and QC compatible devices, including iPhone 12/12 mini/12 Pro/12 Pro Max, AirPods Pro, 11-inch/12.9-inch iPad Pro, iPad Air (third generation), iPad Mini (fifth generation), AirPods Pro, etc.|[DEPENDABLE] : The adaptor’s strong, ABS Plastic built makes it safe to use even in clumsy hands. This charger with a built-in protection can protect your equipment from excessive current, overheating and overcharging.",https://m.media-amazon.com/images/I/31wqydqbA9L._SX300_SY300_QL70_ML2_.jpg,"{""main_cat"": ""Electronics"", ""sub_cat1"": ""Mobiles&Accessories"", ""sub_cat2"": ""MobileAccessories"", ""sub_cat3"": ""Chargers"", ""sub_cat4"": ""WallChargers""}"
"Samsung Galaxy M13 5G (Aqua Green, 6GB, 128GB Storage) | 5000mAh Battery | Upto 12GB RAM with RAM Plus",Electronics|Mobiles&Accessories|Smartphones&BasicMobiles|Smartphones,$168.06,$234.08,28%,"Upto 12GB RAM with RAM Plus | 128GB internal memory expandable up to 1TB||Superfast 5G with 11 5G Bands, Powerful MTK D700 Octa Core 2.2GH with Android 12,One UI Core 4|50MP+2MP Dual camera setup- True 50MP (F1.8) main camera + 2MP (F2.4) | 5MP (F2.0) front came|16.55 centimeters (6.5-inch) LCD, HD+ resolution with 720 x 1600 pixels resolution, 269 PPI with 16M color|5000mAH lithium-ion battery, 1 year manufacturer warranty for device and 6 months manufacturer warranty for in-box accessories including batteries from the date of purchase",https://m.media-amazon.com/images/I/413sCRKobNL._SX300_SY300_QL70_ML2_.jpg,"{""main_cat"": ""Electronics"", ""sub_cat1"": ""Mobiles&Accessories"", ""sub_cat2"": ""Smartphones&BasicMobiles"", ""sub_cat3"": ""Smartphones""}"
boAt Bassheads 100 in Ear Wired Earphones with Mic(Furious Red),"Electronics|Headphones,Earbuds&Accessories|Headphones|In-Ear",$4.55,$11.99,62%,"The perfect way to add some style and stand out from the crowd with the boAt BassHeads 100 ""Hawk"" inspired earphones. Impedance 16Ω, Sensitivity (dB) 92db ±3db, Frequency Response 20Hz-20KHz|The stylish BassHeads 100 superior coated wired earphones are a definite fashion statement - wear your attitude with its wide variety of collection|The powerful 10mm dynamic driver with the speaker resistance of 16 ohm enables the earphone to deliver a punchy, rhythmic response to the most demanding tracks|Features a HD microphone to make crystal clear calls - making life easier on the go, play/pause music or answer/end calls with one-click, track forward with two-clicks or back with 3 clicks make these earphones extremely user-friendly|With 1.2 meters perfect length cable now plug it in anywhere with ease - while the earphones are extremely user-friendly and stylish, extruding premium coating on the wire cable is a manufacturing process that we've been performing and refining since our company's inception|Its impeccable fit won't let you take these wonderfully amazing earphones off, fits you perfectly without hurting your ears and the perfect arc, with different size ear tips helps you in achieving superior comfort even with long listening hours.|1 year warranty from the date of purchase",https://m.media-amazon.com/images/I/31qVddHyy5L._SX300_SY300_QL70_ML2_.jpg,"{""main_cat"": ""Electronics"", ""sub_cat1"": ""Headphones,Earbuds&Accessories"", ""sub_cat2"": ""Headphones"", ""sub_cat3"": ""In-Ear""}"
"iQOO Z6 44W by vivo (Lumina Blue, 4GB RAM, 128GB Storage) | 6.44"" FHD+ AMOLED Display | 50% Charge in just 27 mins | in-Display Fingerprint Scanning",Electronics|Mobiles&Accessories|Smartphones&BasicMobiles|Smartphones,$168.06,$240.08,30%,"44W FlashCharge|Snapdragon 680 comes with octa-core architecture design that adopts the new 6nm process, CPU increased by 25% & GPU performance increased by 10% compared with Qualcomm Snapdragon 662.|Z6 is equipped with a FHD+ AMOLED dispaly to give a truly immersive display experience with true color contrast. The display provides a 180Hz Touch Sampling Rate in the gaming sessions for an enhanced touch response.|50MP AI rear camera comes with a variety of smart AI camera features and effects to capture wonderful moments with ease.|Cellular technology:lte, Form factor:bar, Human interface input:touch screen",https://m.media-amazon.com/images/I/41iVkyHeTUL._SX300_SY300_QL70_ML2_.jpg,"{""main_cat"": ""Electronics"", ""sub_cat1"": ""Mobiles&Accessories"", ""sub_cat2"": ""Smartphones&BasicMobiles"", ""sub_cat3"": ""Smartphones""}"
"Fire-Boltt Gladiator 1.96"" Biggest Display Smart Watch with Bluetooth Calling, Voice Assistant &123 Sports Modes, 8 Unique UI Interactions, SpO2, 24/7 Heart Rate Tracking",Electronics|WearableTechnology|SmartWatches,$48.01,$120.04,60%,"Largest 1.96"" Display : View bigger on the screen with the industry’s largest 1.96"" display covering every edge possible and providing a crystal-clear resolution of 240*282 pixels|Bluetooth Calling Smartwatch - Enjoy seamless connection and bluetooth calling through Fire-Boltt Gladiator Smart Watch|AI Voice Assistant - Now Wake Up Google/Siri Voice Assistant on your phone through the watch.|123 Sports Modes To Track - Track each activity in more detail and record the statistics everyday and compare the history of 7 days to know your best results.|8 Unique UI Modes - Now Switch your UI viewing method basis your mood and preference. Choose from over 8 different & stylish forms in the watch|In Built Speaker & Microphone - With Latest Technology and Chipset the speaker and microphone are very strong and clear for excellent quality calls, listen to music on the watch as well.|Multiple Notifications - Make sure you do not miss out important updates, birthdays or colleagues messages, enable all the social notifications on the watch to stay connected",https://m.media-amazon.com/images/I/51vHAEYKeWL._SX300_SY300_QL70_ML2_.jpg,"{""main_cat"": ""Electronics"", ""sub_cat1"": ""WearableTechnology"", ""sub_cat2"": ""SmartWatches""}"
"STRIFF PS2_01 Multi Angle Mobile/Tablet Tabletop Stand. Phone Holder for iPhone, Android, Samsung, OnePlus, Xiaomi. Portable, Foldable Cell Phone Stand. Perfect for Bed, Office, Home & Desktop (Black)",Electronics|Mobiles&Accessories|MobileAccessories|Stands,$1.19,$5.99,80%,"[PORTABLE SIZE]- 98mm*96mm*19mm, STRIFF desk phone stand is foldable and easy to slip into your pocket suitable for bed,table and home|[MULTI ANGLE ADJUSTABLE] - Directly adjust to your preferred angle among 10 different viewing angles, from 0° to 100°.Hold your smartphone or mini tablet in portrait or landscape mode safe.|[USEFUL DESKTOP CELL PHONE STAND] - Hold your smartphone or mini tablet at a comfortable angle, ideal for watching video, reading, video recording or simply browsing the web, playing games, facetime and other handsfree operation at home, office and travel|[PREMIUM MATERIAL] - Superior ABS and rubber pads on the bottom to protect the stand from sliding and durable in usage.|[UNIVERSAL COMPATIBILITY] - Works with all 4- 7.9 Inch smartphones, mini tablets and e-readers including iPhone X 8 8 Plus 7 7Plus 6S 6S Plus 6Plus 5 iPad mini, Google Pixel Pixel 2 Pixel XL, Nexus 5X 6P 4 5 7, LG G2 G3 G4 G5 G6 V10 V20 V30 K10 K20, Samsung Galaxy S9 S9+ S8 S8 Plus S7 Edge S6 S5 S4 J7 J3 Galaxy Note 8, HTC, Moto, Nokia, Huawei android phones and more.",https://m.media-amazon.com/images/I/31iE517+NFL._SY300_SX300_.jpg,"{""main_cat"": ""Electronics"", ""sub_cat1"": ""Mobiles&Accessories"", ""sub_cat2"": ""MobileAccessories"", ""sub_cat3"": ""Stands""}"
"Samsung Galaxy Buds Live Bluetooth Truly Wireless in Ear Earbuds with Mic, Upto 21 Hours Playtime, Mystic Black","Electronics|Headphones,Earbuds&Accessories|Headphones|In-Ear",$57.50,$191.96,70%,"For any product related queries contact us at: 1800407267864|1 year warranty provided by the manufacturer from date of purchase.Note : If the size of the earbud tips does not match the size of your ear canals or the headset is not worn properly in your ears, you may not obtain the correct sound qualities or call performance. Change the earbud tips to ones that fit more snugly in your ears|Crystal clear voice & call quality with 3 mics & a Voice Pick Up unit|Deep & spacious sound tuned by AKG. Sensors: Accelerometer, Gyro, Proximity, Hall, Touch, Grip, VPU|Eye-catching design in a glossy finish that keeps you connected yet comfortable through the day",https://m.media-amazon.com/images/I/31Sx7+mu+vL._SY300_SX300_.jpg,"{""main_cat"": ""Electronics"", ""sub_cat1"": ""Headphones,Earbuds&Accessories"", ""sub_cat2"": ""Headphones"", ""sub_cat3"": ""In-Ear""}"
"OnePlus Nord 2T 5G (Jade Fog, 12GB RAM, 256GB Storage)",Electronics|Mobiles&Accessories|Smartphones&BasicMobiles|Smartphones,$408.15,$408.15,0%,"Camera: 50MP Main Camera with Sony IMX766 and OIS, 8MP Ultrawide Camera with 120 degree FOV and 2MP mono lens with Dual LED Flash; 32MP Front (Selfie) Camera with Sony IMX615|Camera Features: AI Scene Enhancement, AI Highlight Video, Slow-motion captures, Dual-view Video, HDR, Nightscape, Portrait mode, Pano, Retouching and exciting filters|Display: 6.43 Inches; 90 Hz AMOLED Display with Corning Gorilla Glass 5; Resolution: 2400 X 1080 pixels; HDR 10+ Certified|Display Features: Ambient Display, AI colour enhancement and Dark mode|Operating System: OxygenOS based on Android 12|Processor: Mediatek Dimensity 1300|Battery & Charging: 4500 mAh with 80W SuperVOOC",https://m.media-amazon.com/images/I/41iEc0hf6TL._SX300_SY300_QL70_ML2_.jpg,"{""main_cat"": ""Electronics"", ""sub_cat1"": ""Mobiles&Accessories"", ""sub_cat2"": ""Smartphones&BasicMobiles"", ""sub_cat3"": ""Smartphones""}"
"PTron Boom Ultima 4D Dual Driver, in-Ear Gaming Wired Headphones with in-line Mic, Volume Control & Passive Noise Cancelling Boom 3 Earphones - (Dark Blue)","Electronics|Headphones,Earbuds&Accessories|Headphones|In-Ear",$3.59,$22.81,84%,"In-ear Dual Driver Wired Earphones with Stereo Sound & Bass|In-line Remote Control with Mic, Music & Call Control. Speaker Sensitivity: 101dB±3dB. Frequency Response: 20Hz~20KHz. Mic Sensitivity : -42dB±3dB|1 year manufacturer warranty|Dual Driver Ensures Better Sound Separation; Ergonomic Design; Passive noise cancellation|Comfort & Durable; Gold-plated 3.5mm Audio Jack; Widely compatible with 3.5mm Audio Port Devices; 1.2m Tangle-free Cable|On-the Cord Remote Control with Mic & Volume Control|Premium Design & Durable Material",https://m.media-amazon.com/images/I/41EnFjIAoaL._SX300_SY300_QL70_ML2_.jpg,"{""main_cat"": ""Electronics"", ""sub_cat1"": ""Headphones,Earbuds&Accessories"", ""sub_cat2"": ""Headphones"", ""sub_cat3"": ""In-Ear""}"
"Samsung Galaxy M13 (Aqua Green, 4GB, 64GB Storage) | 6000mAh Battery | Upto 8GB RAM with RAM Plus",Electronics|Mobiles&Accessories|Smartphones&BasicMobiles|Smartphones,$132.04,$180.06,27%,"6000mAh lithium-ion battery, 1 year manufacturer warranty for device and 6 months manufacturer warranty for in-box accessories including batteries from the date of purchase|Upto 12GB RAM with RAM Plus | 64GB internal memory expandable up to 1TB| Dual Sim (Nano)|50MP+5MP+2MP Triple camera setup- True 50MP (F1.8) main camera +5MP(F2.2)+ 2MP (F2.4) | 8MP (F2.2) front cam|Android 12,One UI Core 4 with a powerful Octa Core Processor|16.72 centimeters (6.6-inch) FHD+ LCD - infinity O Display, FHD+ resolution with 1080 x 2408 pixels resolution, 401 PPI with 16M color",https://m.media-amazon.com/images/I/41op1vdp-UL._SX300_SY300_QL70_ML2_.jpg,"{""main_cat"": ""Electronics"", ""sub_cat1"": ""Mobiles&Accessories"", ""sub_cat2"": ""Smartphones&BasicMobiles"", ""sub_cat3"": ""Smartphones""}"
"OnePlus 10R 5G (Forest Green, 8GB RAM, 128GB Storage, 80W SuperVOOC)",Electronics|Mobiles&Accessories|Smartphones&BasicMobiles|Smartphones,$420.16,$468.18,10%,"Camera: 50MP Main Camera with Sony IMX766 and 2MP Macro Camera with Dual LED Flash; 16MP Front (Selfie) Camera with Sony IMX471|Camera Features: Nightscape2.0, Super Macro, UltraShot HDR, Smart Scene Recognition, Portrait mode, Pro mode, Panorama, Tilt-shift mode, Focus Peaking, Filters, Video Nightscape, Video HDR, Video Portrait Timelapse, Hyperlapse Mode|Display: 6.7 Inches; 120 Hz IRIS Display; Resolution: 2400 X 1080 pixels 394 ppi; Aspect Ratio: 20:9|Display Features: Hyper Touch Mode, Reading Mode, Night Mode, Eye Comfort Mode, Auto brightness|Operating System: OxygenOS based on Android 12, Processor: MTK D8100 Max|Battery & Charging: 5000 mAh with 80W SuperVOOC. In-Display Fingerprint Sensor|Special Features: Hyperboost gaming engine",https://m.media-amazon.com/images/I/41pQ4gJMwEL._SX300_SY300_QL70_ML2_.jpg,"{""main_cat"": ""Electronics"", ""sub_cat1"": ""Mobiles&Accessories"", ""sub_cat2"": ""Smartphones&BasicMobiles"", ""sub_cat3"": ""Smartphones""}"
"Samsung Galaxy M33 5G (Emerald Brown, 6GB, 128GB Storage) | 6000mAh Battery | Upto 12GB RAM with RAM Plus | Travel Adapter to be Purchased Separately",Electronics|Mobiles&Accessories|Smartphones&BasicMobiles|Smartphones,$204.07,$300.11,32%,"Exynos 1280 Octa Core 2.4GHz 5nm Processor with the 12 band support for a True 5G experience|16.72 centimeters (6.6-inch) LCD Display, FHD+ resolution, 1080x2400 pixels protected by Gorilla Glass 5|Versatile Quad camera setup-50MP (F1.8)+ 5MP (F2.2/UW- 123 FOV) + 2MP (F2.4/Depth) + 2MP (F2.4/Macro) QuadCamera| 8MP (F1.8) Front Camera|Massive 6000 mAh Battery | Memory, Storage & SIM: 6GB RAM | 128GB internal memory expandable up to 1TB| SIM 1 + SIM 2+ Micro SD|Latest Android v12.0, One UI 4 operating system.",https://m.media-amazon.com/images/I/419KF2t1nML._SX300_SY300_QL70_ML2_.jpg,"{""main_cat"": ""Electronics"", ""sub_cat1"": ""Mobiles&Accessories"", ""sub_cat2"": ""Smartphones&BasicMobiles"", ""sub_cat3"": ""Smartphones""}"
"Ambrane Mobile Holding Stand, 180° Perfect View, Height Adjustment, Wide Compatibility, Multipurpose, Anti-Skid Design (Twistand, Black)",Electronics|Mobiles&Accessories|MobileAccessories|Stands,$2.39,$5.99,60%,Multipurpose Stand: It is a dynamic Mobile Stand for your ofﬁce desks and more. It can hold any type of smartphone easily.|Supreme Quality: Twistand is made up of premium metal with a water-repellant ceramic finish. It gives you a hassle-free and hands-free experience.|Telescopic Height Adjustment: It gives you freedom to adjust its height from 125mm to 164mm according to your needs.|Perfect View: It has an adjustable design which you can reshape according to your smartphone on the desks to give you perfect viewing angle.|Anti-skid Body: The anti-skid pads on the body prevents accidental slips and protection from scratches.,https://m.media-amazon.com/images/I/41-oxsVh7nL._SX300_SY300_QL70_ML2_.jpg,"{""main_cat"": ""Electronics"", ""sub_cat1"": ""Mobiles&Accessories"", ""sub_cat2"": ""MobileAccessories"", ""sub_cat3"": ""Stands""}"
"Ambrane 10000mAh Slim Power Bank, 20W Fast Charging, Dual Output, Type C PD (Input & Output), Quick Charge, Li-Polymer, Multi-Layer Protection for iPhone, Anrdoid & Other Devices (Stylo 10K, Black)",Electronics|Mobiles&Accessories|MobileAccessories|Chargers|PowerBanks,$11.99,$19.20,38%,"Power-packed 10000mAh- Lithium Polymer 10000mAh capacity allows you to efficiently charge your devices multiple times. It can charge iPhone 12 – 2 times, OnePlus Nord - 1.5 times.|20W Fast Charging Output– Powerful 20 Watts PD and QC output for boosted charging speed, so that you always stay ahead in the league. It carries an extensive capacity to charge your mobile 50% in as quickly as 30 minutes on average.|20W Fast Charging Input – The powerbank itself can get charged in 4 to 5 hours as it has Power Delivery Technology which supports 20W fast charging input via Type C port|Charge Multiple Devices – With 1 USB port and 1 Type C port for output, it can charge 2 devices at the same time.|Sleek and Stylish- Supremely modish and handy design makes it a style statement while its compact body makes it extremely travel-friendly at the same time.",https://m.media-amazon.com/images/I/21e5ZrIutKS._SX300_SY300_QL70_ML2_.jpg,"{""main_cat"": ""Electronics"", ""sub_cat1"": ""Mobiles&Accessories"", ""sub_cat2"": ""MobileAccessories"", ""sub_cat3"": ""Chargers"", ""sub_cat4"": ""PowerBanks""}"
"Nokia 105 Single SIM, Keypad Mobile Phone with Wireless FM Radio | Blue",Electronics|Mobiles&Accessories|Smartphones&BasicMobiles|BasicMobiles,$15.59,$19.20,19%,"All-new redesigned Nokia mobile which is familiar and easy to use|Island style keypad phone with white key lettering|High quality 1.77” screen|Pre-loaded games including the classic keypad mobile phone game - Snake|Enjoy all-new wireless FM radio|Save 2,000 contacts and up to 500 SMS on your Nokia 105 mobile phone",https://m.media-amazon.com/images/I/41w5fk8Vl6L._SX300_SY300_QL70_ML2_.jpg,"{""main_cat"": ""Electronics"", ""sub_cat1"": ""Mobiles&Accessories"", ""sub_cat2"": ""Smartphones&BasicMobiles"", ""sub_cat3"": ""BasicMobiles""}"
"PTron Tangent Lite Bluetooth 5.0 Earphones with Mic, Hi-Fi Stereo Sound Neckband, 8Hrs Playtime, Lightweight Snug-fit in-Ear Headphones, IPX4 Water Resistant, Fast Charge & Voice Assistant (Black)","Electronics|Headphones,Earbuds&Accessories|Headphones|In-Ear",$7.19,$21.61,67%,"1 year manufacturer warranty|Immersive Audio with Deep Bass; Bluetooth 5.0; 8 Hours Music Time; 1.5 Hours Charging Time; 10m Wireless Range; Strong Connectivity; Passive Noise Cancelation; Fast Charging & IPX4 Water Resistant|In-line remote control allow calls & music control for a hands-free experience|Ergonomic Sports Design; 120mAh Li-Polymer Rechargeable Battery: 200Hrs Standby Time: Micro USB Charging (cable provided), Widely Compatible with All Bluetooth Enabled Smartphones & Tablets|Simple 3-button multi-function controls with HD mic and instant access to your phone's Voice Assistant",https://m.media-amazon.com/images/I/41qhEf58vbL._SX300_SY300_QL70_ML2_.jpg,"{""main_cat"": ""Electronics"", ""sub_cat1"": ""Headphones,Earbuds&Accessories"", ""sub_cat2"": ""Headphones"", ""sub_cat3"": ""In-Ear""}"
"Samsung EVO Plus 64GB microSDXC UHS-I U1 130MB/s Full HD & 4K UHD Memory Card with Adapter (MB-MC64KA), Blue",Electronics|Accessories|MemoryCards|MicroSD,$7.19,$22.80,68%,"Up to 130MB/s read speed with UHS-I interface. Performance varies by capacity.|Works with cell phones, smartphones, Android tablets, tablet PCs, and more.|6-Proof protection: Waterproof, Temperature proof, X-ray proof, Magnet proof, Drop proof, Wearout proof|10-year limited warranty; For further queries, please contact us at 1800 30 7267864|Includes full size adapter for use in cameras, laptops, and desktop computers",https://m.media-amazon.com/images/I/31P2d7102lL._SY300_SX300_QL70_ML2_.jpg,"{""main_cat"": ""Electronics"", ""sub_cat1"": ""Accessories"", ""sub_cat2"": ""MemoryCards"", ""sub_cat3"": ""MicroSD""}"
"Ambrane 20000mAh Power Bank with 20W Fast Charging, Triple Output, Power Delivery, Type C Input, Made in India, Multi-Layer Protection, Li-Polymer + Type C Cable (Stylo-20k, Black)",Electronics|Mobiles&Accessories|MobileAccessories|Chargers|PowerBanks,$21.60,$30.00,28%,"Massive 20000mAh Lithium Polymer capacity allows you to charge your devices multiple times. It can charge iPhone 12 – 4.6 times, Samsung M11 – 2.6 times, iPad – 1.4 times|20W Fast charging output– Powerful 20 Watts PD and QC output for exhilarating charging speed, do you a great favour in an emergency. For instance, it can bring your new iPhone or android device back to 50% in as quickly as 30 minutes.|Can Charge iPhone 8 upto 50% in 30 minutes or Redmi Note 9 up to 30% in 30 minutes|20W Fast Charging Input – The powerbank itself can get charged in 7 to 8 hours as it has Power Delivery Technology that supports 20W fast charging input via Type C port.|Charge 3 devices – With 2 USB ports and 1 Type C port for output, it can charge 3 devices at the same time & It comes with a 6 months warranty against manufacturing defects.",https://m.media-amazon.com/images/I/31RktQKvhoL._SX300_SY300_QL70_ML2_.jpg,"{""main_cat"": ""Electronics"", ""sub_cat1"": ""Mobiles&Accessories"", ""sub_cat2"": ""MobileAccessories"", ""sub_cat3"": ""Chargers"", ""sub_cat4"": ""PowerBanks""}"
"Samsung Galaxy M13 (Midnight Blue, 4GB, 64GB Storage) | 6000mAh Battery | Upto 8GB RAM with RAM Plus",Electronics|Mobiles&Accessories|Smartphones&BasicMobiles|Smartphones,$132.04,$180.06,27%,"6000mAh lithium-ion battery, 1 year manufacturer warranty for device and 6 months manufacturer warranty for in-box accessories including batteries from the date of purchase|Upto 12GB RAM with RAM Plus | 64GB internal memory expandable up to 1TB| Dual Sim (Nano)|50MP+5MP+2MP Triple camera setup- True 50MP (F1.8) main camera +5MP(F2.2)+ 2MP (F2.4) | 8MP (F2.2) front cam|Android 12,One UI Core 4 with a powerful Octa Core Processor|16.72 centimeters (6.6-inch) FHD+ LCD - infinity O Display, FHD+ resolution with 1080 x 2408 pixels resolution, 401 PPI with 16M color",https://m.media-amazon.com/images/I/41Vj+8XWIQL._SY300_SX300_.jpg,"{""main_cat"": ""Electronics"", ""sub_cat1"": ""Mobiles&Accessories"", ""sub_cat2"": ""Smartphones&BasicMobiles"", ""sub_cat3"": ""Smartphones""}"
"boAt Xtend Smartwatch with Alexa Built-in, 1.69” HD Display, Multiple Watch Faces, Stress Monitor, Heart & SpO2 Monitoring, 14 Sports Modes, Sleep Monitor, 5 ATM & 7 Days Battery(Pitch Black)",Electronics|WearableTechnology|SmartWatches,$36.00,$95.92,62%,"Alexa- Alexa built-in Voice Assistant that sets reminders, alarms and answers questions from weather forecasts to live cricket scores at your command!|Screen Size- ;1.69"" big square colour LCD display with a round dial features complete capacitive touch experience to let you take control, effortlessly.|Watch Faces- Multiple watch faces with customizable options to match your OOTD, every day!|Brightness- The ambient light display allows automatic adjustment of brightness on the watch, suited to your environment|HR & SpO2- The watch comes with a stress monitor that reads your HR to indicate stress levels.It also monitors your heart rate and SpO2 (blood oxygen levels) to keep a tab on your overall health.|Sleep Monitor- Track all stages of sleep every night and keep a tab on your sleep health with the sleep monitoring feature on the watch.|Sports Friendly- Its 14 sports mode and 5 ATM dust, splash and sweat resistance makes it the perfect fitness companion to have.",https://m.media-amazon.com/images/I/41pfjyUPZLL._SX300_SY300_QL70_ML2_.jpg,"{""main_cat"": ""Electronics"", ""sub_cat1"": ""WearableTechnology"", ""sub_cat2"": ""SmartWatches""}"
"boAt Wave Call Smart Watch, Smart Talk with Advanced Dedicated Bluetooth Calling Chip, 1.69” HD Display with 550 NITS & 70% Color Gamut, 150+ Watch Faces, Multi-Sport Modes, HR, SpO2, IP68(Deep Blue)",Electronics|WearableTechnology|SmartWatches,$24.00,$95.92,75%,"Bluetooth Calling- Wave Call comes with a premium built-in speaker and bluetooth calling via which you can stay connected to your friends, family, and colleagues|Dial Pad- Its dial pad is super responsive and convenient. You can also save upto 10 contacts in this smart watch|Screen Size- Wave Call comes with a 1.69” HD Display that features a bold, bright, and highly responsive 2.5D curved touch interface|Resolution- With 550 nits of brightness get sharper color resolution that brightens your virtual world exponentially.|Design- The ultra slim and lightweight design of the watch is ideal to keep you surfing your wave all day!|Watch Faces- Wave Call comes with 150+ Cloud watchfaces for you to pick from, complementing your every mood and outfit|HR, SpO2 & Breathing- Monitor your heart rate and blood oxygen levels on-the-go with the heart rate and SpO2 monitor. It also comes with Guided Breathing to help you relax and embrace mindfulness.",https://m.media-amazon.com/images/I/41R9fDKo6iL._SX300_SY300_QL70_ML2_.jpg,"{""main_cat"": ""Electronics"", ""sub_cat1"": ""WearableTechnology"", ""sub_cat2"": ""SmartWatches""}"
MI Xiaomi 22.5W Fast USB Type C Charger Combo for Tablets - White,Electronics|Mobiles&Accessories|MobileAccessories|Chargers|WallChargers,$7.79,$11.99,35%,22.5W Universal Fast Charging,https://m.media-amazon.com/images/I/21df1gnW1SL._SX300_SY300_QL70_ML2_.jpg,"{""main_cat"": ""Electronics"", ""sub_cat1"": ""Mobiles&Accessories"", ""sub_cat2"": ""MobileAccessories"", ""sub_cat3"": ""Chargers"", ""sub_cat4"": ""WallChargers""}"
"Samsung Galaxy M13 5G (Aqua Green, 6GB, 128GB Storage) | 5000mAh Battery | Upto 12GB RAM with RAM Plus",Electronics|Mobiles&Accessories|Smartphones&BasicMobiles|Smartphones,$168.06,$234.08,28%,"Upto 12GB RAM with RAM Plus | 128GB internal memory expandable up to 1TB||Superfast 5G with 11 5G Bands, Powerful MTK D700 Octa Core 2.2GH with Android 12,One UI Core 4|50MP+2MP Dual camera setup- True 50MP (F1.8) main camera + 2MP (F2.4) | 5MP (F2.0) front came|16.55 centimeters (6.5-inch) LCD, HD+ resolution with 720 x 1600 pixels resolution, 269 PPI with 16M color|5000mAH lithium-ion battery, 1 year manufacturer warranty for device and 6 months manufacturer warranty for in-box accessories including batteries from the date of purchase",https://m.media-amazon.com/images/I/413sCRKobNL._SX300_SY300_QL70_ML2_.jpg,"{""main_cat"": ""Electronics"", ""sub_cat1"": ""Mobiles&Accessories"", ""sub_cat2"": ""Smartphones&BasicMobiles"", ""sub_cat3"": ""Smartphones""}"
"Gizga Essentials Spiral Cable Protector Cord Saver for Mac Charger, iPhone Charger, Wire Protector, Lightweight Durable Flexible Wire Winder for Charging Cables, Data Cables, Earphones, Pack of 10",Electronics|Mobiles&Accessories|MobileAccessories|Décor,$1.43,$3.59,60%,"WIDELY USE - SPIRAL TUBE CHARGING CABLE PROTECTOR are designed with highly flexible silicone and can be used as phone charger cord protector and phone charger saver to completely protect cables for all devices including, cell phones, computers, laptops, apple / android watches, lightning cables, pc’s, the list goes on and on.|EASY INSTALL - Besides protecting all Your USB cables / cords, SPIRAL TUBE CHARGING CABLE PROTECTOR feels surprisingly nice and is fun to install on any wires end. Use it as your headphone cord protector or charger cable cover. Simply touching it can relieve your stress too! Yet, even better, the Lightning Cable Protector looks super cool. It doesn’t get any better than this!|DURABLE - Works with virtually all computer and cellphone cables. You can even use it in almost anything like as pet cable protector, chewsafe cord protector, cord protectors from pets, wire protector from pets and as a wire protector tubing for phone and computer cables. These cable protectors can protect wires and power cords from dirt, frays, tangles and knots.|PROTECT CABLES - Spiral Tube charging Cable protector is your permanent fix to all those damaged lightning cables. It perfectly works as a cable strain relief or a critter cord so you won't have to deal with cable repair or iphone cable repair and frayed wire repair. Wrap the cable protector onto Your preferred cable as an iphone charger end piece. SPIRAL TUBE CHARGING CABLE PROTECTOR will wrap around any wire just like a protective sleeve would but with more mobility.",https://m.media-amazon.com/images/I/511g3fIVsqL._SY300_SX300_QL70_ML2_.jpg,"{""main_cat"": ""Electronics"", ""sub_cat1"": ""Mobiles&Accessories"", ""sub_cat2"": ""MobileAccessories"", ""sub_cat3"": ""D\u00e9cor""}"
"Redmi Note 11 (Space Black, 4GB RAM, 64GB Storage)|90Hz FHD+ AMOLED Display | Qualcomm® Snapdragon™ 680-6nm | 33W Charger Included",Electronics|Mobiles&Accessories|Smartphones&BasicMobiles|Smartphones,$156.05,$216.07,28%,"Display: 90Hz FHD+ (1080x2400) AMOLED display; 16.33 centimeters (6.43 inch); 20:9 aspect ratio|Camera: 50 MP Quad Rear camera with 8MP Ultra-wide, 2MP Macro and Portrait lens| 13 MP Front camera|Battery: 5000 mAh large battery with 33W Pro fast charger in-box and Type-C connectivity|Processor: Qualcomm Snapdragon 680 Octa-core; 6nm processor; Up to 2.4GHz clock speed|Memory, Storage & SIM: 4GB RAM | 64GB UFS 2.2 storage expandable up to 512GB with dedicated SD card slot | Dual SIM (nano+nano) dual standby (4G+4G)",https://m.media-amazon.com/images/I/411yU+n3UkL._SY300_SX300_.jpg,"{""main_cat"": ""Electronics"", ""sub_cat1"": ""Mobiles&Accessories"", ""sub_cat2"": ""Smartphones&BasicMobiles"", ""sub_cat3"": ""Smartphones""}"
"Redmi Note 11 Pro + 5G (Phantom White, 8GB RAM, 128GB Storage) | 67W Turbo Charge | 120Hz Super AMOLED Display | Additional Exchange Offers | Charger Included",Electronics|Mobiles&Accessories|Smartphones&BasicMobiles|Smartphones,$252.09,$324.12,22%,Superior performance with Snapdragon 695 5G. With 7 5G bands making the device future-ready.|16.94cm(6.67) Super AMOLED display with 120Hz Refresh Rate protected by Corning Gorilla Glass 5|67W in-box charger powers massive 5000mAh battery for full day’s charge in 15 minutes|108MP triple camera set up with 8MP ultra-wide and 2MP macro sensor for flawless photography|EVOL. Pro Design for perfect ergonomics and a beautiful glass back design|The phone also comes with dual stereo speaker and Alexa hands-free feature|Get 2 months of YouTube Premium free!,https://m.media-amazon.com/images/I/410TBgL2KXL._SX300_SY300_QL70_ML2_.jpg,"{""main_cat"": ""Electronics"", ""sub_cat1"": ""Mobiles&Accessories"", ""sub_cat2"": ""Smartphones&BasicMobiles"", ""sub_cat3"": ""Smartphones""}"
"USB Charger, Oraimo Elite Dual Port 5V/2.4A Wall Charger, USB Wall Charger Adapter for iPhone 11/Xs/XS Max/XR/X/8/7/6/Plus, iPad Pro/Air 2/Mini 3/Mini 4, Samsung S4/S5, and More",Electronics|Mobiles&Accessories|MobileAccessories|Chargers|WallChargers,$2.99,$7.79,62%,"【Dual Port USB Wall Charger Adapter】Oraimo USB Charger with dual ports allow you to charge 2 devices at the same time with the total output of 2.4A current. Single port allows Max 2.4A current when connecting only one device. Much more convenient and save your time effectively.|【Safe Charging】With the intelligent chip inside, dual USB wall charger matches the current as your device's need automatically. Over-current, over-voltage and short-circuit protection also effectively protect your smartphones from damage|【Multi-Protection】 Internal protection mechanisms offers multiple Protection against short-circuit, over-temperature, over-current, over-voltage and more|【Wide Compatibility】Wall charger works for all phones with USB-A Cables - iPhone 12/12 Mini/12 Pro/12 Pro Max/11/ 11 Pro/XR/X/Xs/8/8 Plus/7Plus/7/6/6S/5, iPad Air, iPad mini, iPad Pro, Samsung Galaxy M30s/A30s/A50s/A10s/A10e/M40/A20e/A10/S10+/S10/S10e/S9/S9+/S8/S8+/Note 9/8, Google Pixel, HTC, BLU, Xiaomi, LG Q70/K30/K20/K40S/K50S/G7/G6/G5, Blackberry, Nokia, Motorola, Sony, Huawei, and any other USB outlet devices|【Durable Design】 Robust textured casing and premium internal components ensure perfect performance regardless of scrapes, bumps, or drops.",https://m.media-amazon.com/images/I/41v82KfCUuL._SX300_SY300_QL70_ML2_.jpg,"{""main_cat"": ""Electronics"", ""sub_cat1"": ""Mobiles&Accessories"", ""sub_cat2"": ""MobileAccessories"", ""sub_cat3"": ""Chargers"", ""sub_cat4"": ""WallChargers""}"
Goldmedal Curve Plus 202042 Plastic Spice 3-Pin 240V Universal Travel Adaptor (White),Electronics|Mobiles&Accessories|MobileAccessories|Chargers|WallChargers,$1.19,$2.05,42%,LED indicator|Trendy two colours|Compatible with worldwide plugs|Ergonomic product design,https://m.media-amazon.com/images/I/31MmkM8HTiL._SY300_SX300_QL70_ML2_.jpg,"{""main_cat"": ""Electronics"", ""sub_cat1"": ""Mobiles&Accessories"", ""sub_cat2"": ""MobileAccessories"", ""sub_cat3"": ""Chargers"", ""sub_cat4"": ""WallChargers""}"
"WeCool C1 Car Mobile Holder with One Click Technology,360° Rotational, Strong Suction Cup,Compatible with 4 to 6 Inch Devices, Wildshield and Dashboard Mobile Holder for Car, and Use",Electronics|Mobiles&Accessories|MobileAccessories|AutomobileAccessories|Cradles,$5.87,$24.00,76%,"One Click Release : Inserting or releasing your phone to the Mobile holder for Car Dashboard is made very simple with this WeCool Smart Gadget. Just use a single hand to lock or unlock the phone in your Car|360° FULLY ROTATIONAL Mobile Holder : WeCool Mobile holder with a 360° rational body so that you can watch from your preferred angle after fixing the Mobile Phone holder car. Find the viewing angle that does not hamper your driving or GPS navigation|Mobile Phone Holder Car C1 can easily accommodate smartphones with screen sizes of 4 to 6 inches. It is also designed intelligently to connect any cables from the space below the charging port. Also you can view your phone notifications better.|Anti Scratch and Shake Proof Mobile stand for Car Dashboard. The Super Power grip from double shift locking and super strong sticky Gel Pad and Premium ABS Body saves your phone in every situation|Car Mobile holder for dashboard or Windshield is designed for fixing on WindShield or Dashboard of your car. Firm Grip on plain surface as well Textured Surface ensuring maximum safety to your phone|This WeCool Gadget is covered with 1 Year Brand Warranty. To avail the Warranty, register your product in the brand website with in 10 days of purchase. Reach the Customer support team at 9036228529 for Technical support or any other Query.",https://m.media-amazon.com/images/I/41fkuZKjGCL._SX300_SY300_QL70_ML2_.jpg,"{""main_cat"": ""Electronics"", ""sub_cat1"": ""Mobiles&Accessories"", ""sub_cat2"": ""MobileAccessories"", ""sub_cat3"": ""AutomobileAccessories"", ""sub_cat4"": ""Cradles""}"
HP 32GB Class 10 MicroSD Memory Card (U1 TF Card 32GB),Electronics|Accessories|MemoryCards|MicroSD,$4.43,$19.21,77%,"HP 32GB Class 10 MicroSD Memory Card (U1 TF Card 32GB)|Class 10, UHS-I, U1 Memory Card with Adapter|Perfect for storing and transferring more mobile content across your devices, including photos, music and movies for entertainment or apps and e-books for school or work|Ideal for the latest tablets, PCs, smartphones and mobile devices|16-128GB: Read speed up to 80MB/s, write minumum 30MB/s|Importer Details: Fortune marketing Pvt Ltd D1/2 -Okhla Industrial Area Phase -II New Delhi 110020|Country of Origin: Taiwan",https://m.media-amazon.com/images/I/41z7FRqEerL._SX300_SY300_QL70_ML2_.jpg,"{""main_cat"": ""Electronics"", ""sub_cat1"": ""Accessories"", ""sub_cat2"": ""MemoryCards"", ""sub_cat3"": ""MicroSD""}"
"iQOO Z6 44W by vivo (Lumina Blue, 6GB RAM, 128GB Storage) | 6.44"" FHD+ AMOLED Display | 50% Charge in just 27 mins | in-Display Fingerprint Scanning",Electronics|Mobiles&Accessories|Smartphones&BasicMobiles|Smartphones,$186.06,$252.09,26%,"44W FlashCharge|Snapdragon 680 comes with octa-core architecture design that adopts the new 6nm process, CPU increased by 25% & GPU performance increased by 10% compared with Qualcomm Snapdragon 662.|Z6 is equipped with a FHD+ AMOLED dispaly to give a truly immersive display experience with true color contrast. The display provides a 180Hz Touch Sampling Rate in the gaming sessions for an enhanced touch response.|50MP AI rear camera comes with a variety of smart AI camera features and effects to capture wonderful moments with ease.",https://m.media-amazon.com/images/I/41iVkyHeTUL._SX300_SY300_QL70_ML2_.jpg,"{""main_cat"": ""Electronics"", ""sub_cat1"": ""Mobiles&Accessories"", ""sub_cat2"": ""Smartphones&BasicMobiles"", ""sub_cat3"": ""Smartphones""}"
"iQOO Z6 Lite 5G by vivo (Mystic Night, 6GB RAM, 128GB Storage) | World's First Snapdragon 4 Gen 1 | 120Hz Refresh Rate | 5000mAh Battery | Travel Adapter to be Purchased Separately",Electronics|Mobiles&Accessories|Smartphones&BasicMobiles|Smartphones,$186.06,$228.08,18%,"World's First Snapdragon 4 Gen 1 Processor, that allows you to level up your performance with confidence through its efficient 6nm Process.|Best In-Segment 120Hz Screen Refresh Rate: Which comes with lagfree & nimble scrolling. The FHD+ display lets you enjoy to the fullest with every game you play and every content you watch with its crisp detailing of colours.|5000mAh Battery: Keeps iQOO Z6 Lite 5G to a longer usage, for a more enjoyable gaming and video experience, which offers Music Playback Time of 127 Hours, Social Media of 21.6 hours, OTT Streaming of 14.5 hours and Gaming of 8.3 hours.|50MP Eye Autofocus main camera, is designed to address the out-of-focus issues. The feature performs fast Eye Autofocus at a high refresh rate, allowing the camera to maintain a stable and clear focus on the subjects in movement.|Stylish & Slim Design: 8.25mm Thin & 194g Weight, with All new 2.5D flat frame design with Matt finish",https://m.media-amazon.com/images/I/41Yylo75u7L._SX300_SY300_QL70_ML2_.jpg,"{""main_cat"": ""Electronics"", ""sub_cat1"": ""Mobiles&Accessories"", ""sub_cat2"": ""Smartphones&BasicMobiles"", ""sub_cat3"": ""Smartphones""}"
"Redmi Note 11 Pro + 5G (Stealth Black, 8GB RAM, 256GB Storage) | 67W Turbo Charge | 120Hz Super AMOLED Display | Additional Exchange Offers | Charger Included",Electronics|Mobiles&Accessories|Smartphones&BasicMobiles|Smartphones,$276.10,$348.13,21%,Superior performance with Snapdragon 695 5G. With 7 5G bands making the device future-ready.|16.94cm(6.67) Super AMOLED display with 120Hz Refresh Rate protected by Corning Gorilla Glass 5|67W in-box charger powers massive 5000mAh battery for full day’s charge in 15 minutes|108MP triple camera set up with 8MP ultra-wide and 2MP macro sensor for flawless photography|EVOL. Pro Design for perfect ergonomics and a beautiful glass back design,https://m.media-amazon.com/images/I/41iEZV6nKbL._SX300_SY300_QL70_ML2_.jpg,"{""main_cat"": ""Electronics"", ""sub_cat1"": ""Mobiles&Accessories"", ""sub_cat2"": ""Smartphones&BasicMobiles"", ""sub_cat3"": ""Smartphones""}"
boAt Bassheads 242 in Ear Wired Earphones with Mic(Active Black),"Electronics|Headphones,Earbuds&Accessories|Headphones|In-Ear",$7.19,$17.89,60%,"Fly into your workouts with precise tones that inspire and energize your system with its HD sound, all the time. Impedance 32Ω, Sensitivity (dB) 101db ±3db, Frequency Response 20Hz-20KHz|Find a balanced audio sound set pumped through 10 mm dynamic drivers that can get real loud! Propped up by a banging bass, push your flow to higher limits|Get the sound in and sweat out with IPX 4 Water and Sweat Resistance here to elevate your game as crush those repetitions or a rigorous run|Coolly crafted midway down the cable to endorse practicality mixed with an aesthetic design that allows for communication and music playlist control|Move with unrestrained dynamic freedom via shape adaptive secure fit ear hooks made for you to lose yourself in your workouts and your music|Fashionable with a loose freestyle, yet made to sustain through twisting, contorting and tangling so that you can carry your style and music with you everywhere|Bassheads 242 are compatible with almost every device that carries a 3.5mm slot|1 year warranty from the date of purchase",https://m.media-amazon.com/images/I/41OVH5kIQhL._SX300_SY300_QL70_ML2_.jpg,"{""main_cat"": ""Electronics"", ""sub_cat1"": ""Headphones,Earbuds&Accessories"", ""sub_cat2"": ""Headphones"", ""sub_cat3"": ""In-Ear""}"
Portronics MODESK POR-122 Universal Mobile Tabletop Holder (Black),Electronics|Mobiles&Accessories|MobileAccessories|Stands,$1.61,$8.39,81%,"MoDesk - a Premium Quality Mobile Holders for your Ofﬁce Desks. It can hold, on your work desk, any type of smartphone & tablets with size up to 7 inches easily|MoDesk is a Aluminum + ABS metallic body desk mobile holders which is rust and corrosion proof|It has angular design which gives perfect viewing angle of your smartphone on the desk so you can easily and privately see incoming calls, respond to messages without the risk of prying eyes|The antiskid silicon pads on the body prevents accidental slips and protection from scratches|For any issue Email customer support help@portronics.com",https://m.media-amazon.com/images/I/31mbyi7ocJL._SX300_SY300_QL70_ML2_.jpg,"{""main_cat"": ""Electronics"", ""sub_cat1"": ""Mobiles&Accessories"", ""sub_cat2"": ""MobileAccessories"", ""sub_cat3"": ""Stands""}"
"realme narzo 50i (Mint Green, 2GB RAM+32GB Storage) Octa Core Processor | 6.5"" inch Large Display",Electronics|Mobiles&Accessories|Smartphones&BasicMobiles|Smartphones,$90.02,$96.03,6%,"2 GB RAM | 32 GB ROM | Expandable Upto 256 GB|16.51 cm (6.5 inch) HD+ Display | 88.7% Screen-to-body Ratio | LCD Multi-touch Display | 1600-by-720-pixel Resolution | 400 nits Max Brightness (Typical)|8MP Primary Camera (f/2.0 Aperture,4P Lens,4x, Digital Zoom Panoramic View, Portrait Mode, Expert, Timelapse, HDR, Beauty, Filter | 5MP AI Selfie Camera (f/2.2 aperture, portrait Mode, AI Beauty, HDR, Face-Recognition, Filter)|5000 mAh Massive Battery | Supports Ultra Saving Mode|Powerful Octa-core Processor | CPU: Octa-core CPU, up to 1.6GHz | GPU: IMG 8322",https://m.media-amazon.com/images/I/4147W6koDNL._SX300_SY300_QL70_ML2_.jpg,"{""main_cat"": ""Electronics"", ""sub_cat1"": ""Mobiles&Accessories"", ""sub_cat2"": ""Smartphones&BasicMobiles"", ""sub_cat3"": ""Smartphones""}"
MI 10000mAh 3i Lithium Polymer Power Bank Dual Input(Micro-USB and Type C) and Output Ports 18W Fast Charging (Metallic Blue),Electronics|Mobiles&Accessories|MobileAccessories|Chargers|PowerBanks,$13.79,$26.40,48%,10000mAh Lithium Polymer battery|18W Fast Charging|Dual output and input ports|Advanced 12 Layer chip protection|Smart power management|Micro-USB and Type C input port|6 months domestic warranty,https://m.media-amazon.com/images/I/31YFSh7g63L._SX300_SY300_QL70_ML2_.jpg,"{""main_cat"": ""Electronics"", ""sub_cat1"": ""Mobiles&Accessories"", ""sub_cat2"": ""MobileAccessories"", ""sub_cat3"": ""Chargers"", ""sub_cat4"": ""PowerBanks""}"
"Nokia 105 Plus Single SIM, Keypad Mobile Phone with Wireless FM Radio, Memory Card Slot and MP3 Player | Red",Electronics|Mobiles&Accessories|Smartphones&BasicMobiles|BasicMobiles,$15.89,$20.40,22%,"All-new redesigned Nokia mobile which is familiar and easy to use|Island style keypad phone with white key lettering|High quality 1.77” screen|Pre-loaded games including the classic keypad mobile phone game - Snake|Enjoy all-new wireless FM radio|Listen to music on the MP3 Player and save your favourite songs on the built in memory card slot|Save 2,000 contacts and up to 500 SMS on your Nokia 105 Plus mobile phone",https://m.media-amazon.com/images/I/41o7qy-j6KL._SX300_SY300_QL70_ML2_.jpg,"{""main_cat"": ""Electronics"", ""sub_cat1"": ""Mobiles&Accessories"", ""sub_cat2"": ""Smartphones&BasicMobiles"", ""sub_cat3"": ""BasicMobiles""}"
"iQOO Z6 44W by vivo (Raven Black, 4GB RAM, 128GB Storage) | 6.44"" FHD+ AMOLED Display | 50% Charge in just 27 mins | in-Display Fingerprint Scanning",Electronics|Mobiles&Accessories|Smartphones&BasicMobiles|Smartphones,$168.06,$240.08,30%,"44W FlashCharge|Snapdragon 680 comes with octa-core architecture design that adopts the new 6nm process, CPU increased by 25% & GPU performance increased by 10% compared with Qualcomm Snapdragon 662.|Z6 is equipped with a FHD+ AMOLED dispaly to give a truly immersive display experience with true color contrast. The display provides a 180Hz Touch Sampling Rate in the gaming sessions for an enhanced touch response.|50MP AI rear camera comes with a variety of smart AI camera features and effects to capture wonderful moments with ease.",https://m.media-amazon.com/images/I/41Lif4YWC2L._SX300_SY300_QL70_ML2_.jpg,"{""main_cat"": ""Electronics"", ""sub_cat1"": ""Mobiles&Accessories"", ""sub_cat2"": ""Smartphones&BasicMobiles"", ""sub_cat3"": ""Smartphones""}"
"Ambrane 10000mAh Slim Power Bank, 20W Fast Charging, Dual Output, Type C PD (Input & Output), Quick Charge, Li-Polymer, Multi-Layer Protection for iPhone, Anrdoid & Other Devices (Stylo 10K, Green)",Electronics|Mobiles&Accessories|MobileAccessories|Chargers|PowerBanks,$11.99,$19.20,38%,"Power-packed 10000mAh- Lithium Polymer 10000mAh capacity allows you to efficiently charge your devices multiple times. It can charge iPhone 12 – 2 times, OnePlus Nord - 1.5 times.|20W Fast Charging Output– Powerful 20 Watts PD and QC output for boosted charging speed, so that you always stay ahead in the league. It carries an extensive capacity to charge your mobile 50% in as quickly as 30 minutes on average.|20W Fast Charging Input – The powerbank itself can get charged in 4 to 5 hours as it has Power Delivery Technology which supports 20W fast charging input via Type C port.|Charge Multiple Devices – With 1 USB port and 1 Type C port for output, it can charge 2 devices at the same time.|Sleek and Stylish- Supremely modish and handy design makes it a style statement while its compact body makes it extremely travel-friendly at the same time.",https://m.media-amazon.com/images/I/31oA0-q5UzL._SX300_SY300_QL70_ML2_.jpg,"{""main_cat"": ""Electronics"", ""sub_cat1"": ""Mobiles&Accessories"", ""sub_cat2"": ""MobileAccessories"", ""sub_cat3"": ""Chargers"", ""sub_cat4"": ""PowerBanks""}"
"Samsung Galaxy M13 (Stardust Brown, 6GB, 128GB Storage) | 6000mAh Battery | Upto 12GB RAM with RAM Plus",Electronics|Mobiles&Accessories|Smartphones&BasicMobiles|Smartphones,$156.05,$216.07,28%,"6000mAh lithium-ion battery, 1 year manufacturer warranty for device and 6 months manufacturer warranty for in-box accessories including batteries from the date of purchase|Upto 12GB RAM with RAM Plus | 128GB internal memory expandable up to 1TB| Dual Sim (Nano)|50MP+5MP+2MP Triple camera setup- True 50MP (F1.8) main camera +5MP(F2.2)+ 2MP (F2.4) | 8MP (F2.2) front cam|Android 12,One UI Core 4 with a powerful Octa Core Processor|16.72 centimeters (6.6-inch) FHD+ LCD - infinity O Display, FHD+ resolution with 1080 x 2408 pixels resolution, 401 PPI with 16M color",https://m.media-amazon.com/images/I/41fNkwj-vnL._SX300_SY300_QL70_ML2_.jpg,"{""main_cat"": ""Electronics"", ""sub_cat1"": ""Mobiles&Accessories"", ""sub_cat2"": ""Smartphones&BasicMobiles"", ""sub_cat3"": ""Smartphones""}"
"OPPO A74 5G (Fluid Black, 6GB RAM, 128GB Storage) with No Cost EMI/Additional Exchange Offers",Electronics|Mobiles&Accessories|Smartphones&BasicMobiles|Smartphones,$185.95,$251.98,26%,"6.49"" Inch (16.5cm) FHD+ Punch-hole Display with 2400x1080 pixels. Larger screen to body ratio of 90.5%.|Side Fingerprint Sensor. Bluetooth Audio Codec: SBC, AAC, APTX HD, LDAC|Qualcomm Snapdragon 480 5G GPU 619 at 650 MHz Support 5G sim| Powerful 2 GHz Octa-core processor, support LPDDR4X memory and latest UFS 2.1 gear 3 storage|5000 mAh lithium polymer battery|48MP Quad Camera ( 48MP Main + 2MP Macro + 2MP Depth Lens) | 8MP Front Camera.|Memory, Storage & SIM: 6GB RAM | 128GB internal memory expandable up to 256GB | Dual SIM (nano+nano) dual-standby (5G+5G).| Color OS 11.1 based on Android v11.0 operating system.|Connector type: USB Type C",https://m.media-amazon.com/images/I/41iHN9Y07cS._SX300_SY300_QL70_ML2_.jpg,"{""main_cat"": ""Electronics"", ""sub_cat1"": ""Mobiles&Accessories"", ""sub_cat2"": ""Smartphones&BasicMobiles"", ""sub_cat3"": ""Smartphones""}"
Spigen EZ Fit Tempered Glass Screen Protector Guard for iPhone 14/13/13 Pro - 2 Pack,"Electronics|Mobiles&Accessories|MobileAccessories|Maintenance,Upkeep&Repairs|ScreenProtectors",$11.99,$34.80,66%,Compatibility ; Glass Screen Protector Compatible with iPhone 14 / 13 / 13 Pro|9H Hardness ; Tempered glass durability rated at 9H hardness to protect from everyday scratches|Case friendly ; Made case compatible with Spigen case|Oil-free ; Oleophobic coating for daily fingerprint resistance|Edge to Edge Protection ; All-around adhesive covers the screen with no lifting,https://m.media-amazon.com/images/I/41Usew0lrWL._SX300_SY300_QL70_ML2_.jpg,"{""main_cat"": ""Electronics"", ""sub_cat1"": ""Mobiles&Accessories"", ""sub_cat2"": ""MobileAccessories"", ""sub_cat3"": ""Maintenance,Upkeep&Repairs"", ""sub_cat4"": ""ScreenProtectors""}"
"Noise ColorFit Pulse Smartwatch with 3.56 cm (1.4"") Full Touch HD Display, SpO2, Heart Rate, Sleep Monitors & 10-Day Battery - Jet Black",Electronics|WearableTechnology|SmartWatches,$19.20,$60.01,68%,"[10-day battery]: With a battery backup of 10 days, just concentrate on your game without stopping.|[Noise Health Suite]: Automatically monitor your blood oxygen (Spo2 levels), real-time heart rate, and provide comprehensive analysis of your sleep quality (deep sleep,light sleep and wake up time) on this smart watch.|[Personalise your look]: Choose from 60+ cloud-based watch faces or customise them as per your preference.|[1.4’’ Full Touch HD display]: Get the perfect viewing experience on the 1.4’’ display with 240*240 pixels.|8 sports modes: Choose from 8 sports modes and give it your best.",https://m.media-amazon.com/images/I/41XH-IpxCQL._SX300_SY300_QL70_ML2_.jpg,"{""main_cat"": ""Electronics"", ""sub_cat1"": ""WearableTechnology"", ""sub_cat2"": ""SmartWatches""}"
"Nokia 105 Plus Single SIM, Keypad Mobile Phone with Wireless FM Radio, Memory Card Slot and MP3 Player | Charcoal",Electronics|Mobiles&Accessories|Smartphones&BasicMobiles|BasicMobiles,$15.89,$20.40,22%,"All-new redesigned Nokia mobile which is familiar and easy to use|Island style keypad phone with white key lettering|High quality 1.77” screen|Pre-loaded games including the classic keypad mobile phone game - Snake|Enjoy all-new wireless FM radio|Listen to music on the MP3 Player and save your favourite songs on the built in memory card slot|Save 2,000 contacts and up to 500 SMS on your Nokia 105 Plus mobile phone",https://m.media-amazon.com/images/I/31-hWNXDxiL._SX300_SY300_QL70_ML2_.jpg,"{""main_cat"": ""Electronics"", ""sub_cat1"": ""Mobiles&Accessories"", ""sub_cat2"": ""Smartphones&BasicMobiles"", ""sub_cat3"": ""BasicMobiles""}"
"iQOO Z6 Pro 5G by vivo (Legion Sky, 8GB RAM, 128GB Storage) | Snapdragon 778G 5G | 66W FlashCharge | 1300 nits Peak Brightness | HDR10+",Electronics|Mobiles&Accessories|Smartphones&BasicMobiles|Smartphones,$252.09,$360.02,30%,"Snapdragon 778G comes with octa-core processor that adopts the 6nm process and Kryo 670 architecture.|66W FlashCharge|Liquid Cooling system intelligently sense the heat source and adapt the optimal cooling solution, thereby effectively cool down the phone and reduce the CPU temperature by 12 degrees and surface temperature by 3 degree.|Equipped with 64MP triple camera system, 8MP Wide-angle camera, 2MP Macro camera|iQOO Z6 Pro 5G display provides immersive visual experience with true color contrast and a peak brightness of 1300 nits. HDR10+ helps in providing right color tone mapping for each scene. The display offers 90Hz refersh rate and 180Hz Touch Sampling Rate for a smooth touch response.",https://m.media-amazon.com/images/I/41XtHlbmOHL._SX300_SY300_QL70_ML2_.jpg,"{""main_cat"": ""Electronics"", ""sub_cat1"": ""Mobiles&Accessories"", ""sub_cat2"": ""Smartphones&BasicMobiles"", ""sub_cat3"": ""Smartphones""}"
MI 33W SonicCharge 2.0 USB Charger for Cellular Phones - White,Electronics|Mobiles&Accessories|MobileAccessories|Chargers|WallChargers,$11.99,$24.00,50%,"100cm Fast Charging Type C Cable Included|Overheat Protection|BIS Certified|Made in Ind|Universal Support. Customer care: 1800 103 6286 Available from 9 AM - 9 PM Supported Languages : English, Hindi, Tamil, Telugu, Kannada, Malayalam, Marathi, Gujarati, Bengali & Punjabi.",https://m.media-amazon.com/images/I/21Z1HsPvyTL._SX300_SY300_QL70_ML2_.jpg,"{""main_cat"": ""Electronics"", ""sub_cat1"": ""Mobiles&Accessories"", ""sub_cat2"": ""MobileAccessories"", ""sub_cat3"": ""Chargers"", ""sub_cat4"": ""WallChargers""}"
"OPPO A31 (Mystery Black, 6GB RAM, 128GB Storage) with No Cost EMI/Additional Exchange Offers",Electronics|Mobiles&Accessories|Smartphones&BasicMobiles|Smartphones,$149.94,$191.96,22%,"12+2+2MP triple rear camera (12MP main camera+2MP macro lens+2MP depth camera) with Portrait bokeh, macro lens, dazzle color mode, AI beautification | 8MP front camera. OTG : Supported NFC : No|16.5 centimeters (6.5-inch) waterdrop multi touch screen with an 89% screen to body ratio | 1600 x 720 pixels resolution, 269 ppi pixel density|Memory, Storage & SIM: 6GB RAM | 128GB internal memory expandable up to 256GB | Dual SIM (nano+nano) dual-standby (4G+4G)|Android Pie v9.0 based on ColorOS 6.1 operating system with 2.3GHz Mediatek 6765 octa core processor, IMG GE8320|4230mAH lithium-polymer battery providing talk-time of 45 hours and standby time of 450 hours|1 year manufacturer warranty for device and 6 months manufacturer warranty for in-box accessories including batteries from the date of purchase|Box also includes: USB cable, Sim tray ejecter, pre-applied screen protector and protective case, booklet with warranty card and quick guide. The box does not include earphones",https://m.media-amazon.com/images/I/41OBf52bnOL._SX300_SY300_QL70_ML2_.jpg,"{""main_cat"": ""Electronics"", ""sub_cat1"": ""Mobiles&Accessories"", ""sub_cat2"": ""Smartphones&BasicMobiles"", ""sub_cat3"": ""Smartphones""}"
"iQOO vivo Z6 5G (Chromatic Blue, 8GB RAM, 128GB Storage) | Snapdragon 695-6nm Processor | 120Hz FHD+ Display | 5000mAh Battery",Electronics|Mobiles&Accessories|Smartphones&BasicMobiles|Smartphones,$216.07,$263.99,18%,"Snapdragon 695 5G Mobile Platform allows you to level up your performance with efficient 6nm Process, with an ANTUTU Score of 410563. Also, we get a 15% improved CPU performance & improved 30% GPU performance (As compared to Snapdragon 690G)|iQOO Z6 5G comes with a large 5000mAh battery keeps going longer, for a more enjoyable gaming and video experience. It also comes 18W Fast Charging technology that juices up the battery quickly.|5-layered liquid cooling system can accurately sense the heat source and intelligently adapt the optimal cooling solution, which can effectively cool down the phone when it is under high load and reduce the core temperature by 10 degrees*. Let go off any heating issues in prolonged gaming or movie sessions.|Equipped with 50MP Eye Autofocus main camera, it is designed to tackle the out-of-focus problem. The feature performs fast Eye Autofocus at a high refresh rate, allowing the camera to maintain a stable and clear focus on the subjects in movement.|Headphones jack: 3.5 mm,Display type:LCD,Form factor:Bar,Operating system:Funtouch OS 12 based on Android 12",https://m.media-amazon.com/images/I/41OaM+9ZHXL._SY300_SX300_.jpg,"{""main_cat"": ""Electronics"", ""sub_cat1"": ""Mobiles&Accessories"", ""sub_cat2"": ""Smartphones&BasicMobiles"", ""sub_cat3"": ""Smartphones""}"
"Motorola a10 Dual Sim keypad Mobile with 1750 mAh Battery, Expandable Storage Upto 32GB, Wireless FM with Recording - Rose Gold",Electronics|Mobiles&Accessories|Smartphones&BasicMobiles|BasicMobiles,$16.79,$19.57,14%,"Ensured Power packed performance with Mediatek processor expandable memory upto 32 GB|Dual Sim with big 1750mAh battery gives you twice the power of other phones|Get 2 Years replacement warranty on motorola keypad mobile phone|Modern, sturdy and Stylish Looks which you would love to flaunt|Entertain yourself with wireless FM with recording feature|Experience loud and crystal clear sound|Easily increase text size as per your convenience",https://m.media-amazon.com/images/I/41MOWVL2YNL._SX300_SY300_QL70_ML2_.jpg,"{""main_cat"": ""Electronics"", ""sub_cat1"": ""Mobiles&Accessories"", ""sub_cat2"": ""Smartphones&BasicMobiles"", ""sub_cat3"": ""BasicMobiles""}"
"boAt Wave Lite Smartwatch with 1.69"" HD Display, Heart Rate & SpO2 Level Monitor, Multiple Watch Faces, Activity Tracker, Multiple Sports Modes & IP68 (Deep Blue)",Electronics|WearableTechnology|SmartWatches,$18.00,$83.91,79%,"Screen Size: The 1.69 inch HD full touch display with 500 nits of brightness will bring every detail to life!|Resolution: Get sharper color resolution that brightens your virtual world exponentially.|Slim Design: The ultra slim and lightweight design of the watch is ideal to keep you surfing your wave all day!|Sports Modes: Track your daily activity: calories burnt & steps taken. Choose from multiple sports modes which include Walking, Running, Cycling, Climbing, Yoga, Basketball, Football & many more|Google Fit & Apple Health: The watch supports Google and Apple Fit to seamlessly monitor your health.|IP Rating: Sweat freely while you work out with IP68 dust, sweat and splash resistance.|Watch Faces- Customize your style with 140+ based watch faces.",https://m.media-amazon.com/images/I/41fjUA7leTL._SX300_SY300_QL70_ML2_.jpg,"{""main_cat"": ""Electronics"", ""sub_cat1"": ""WearableTechnology"", ""sub_cat2"": ""SmartWatches""}"
"boAt Wave Call Smart Watch, Smart Talk with Advanced Dedicated Bluetooth Calling Chip, 1.69” HD Display with 550 NITS & 70% Color Gamut, 150+ Watch Faces, Multi-Sport Modes,HR,SpO2(Caribbean Green)",Electronics|WearableTechnology|SmartWatches,$24.00,$95.92,75%,"Bluetooth Calling- Wave Call comes with a premium built-in speaker and bluetooth calling via which you can stay connected to your friends, family, and colleagues|Dial Pad- Its dial pad is super responsive and convenient. You can also save upto 10 contacts in this smart watch|Screen Size- Wave Call comes with a 1.69” HD Display that features a bold, bright, and highly responsive 2.5D curved touch interface|Resolution- With 550 nits of brightness get sharper color resolution that brightens your virtual world exponentially.|Design- The ultra slim and lightweight design of the watch is ideal to keep you surfing your wave all day!|Watch Faces- Wave Call comes with 150+ Cloud watchfaces for you to pick from, complementing your every mood and outfit|HR, SpO2 & Breathing- Monitor your heart rate and blood oxygen levels on-the-go with the heart rate and SpO2 monitor. It also comes with Guided Breathing to help you relax and embrace mindfulness.",https://m.media-amazon.com/images/I/4141l8ZBWXL._SX300_SY300_QL70_ML2_.jpg,"{""main_cat"": ""Electronics"", ""sub_cat1"": ""WearableTechnology"", ""sub_cat2"": ""SmartWatches""}"
Spigen EZ Fit Tempered Glass Screen Protector for iPhone 14 Pro Max - 2 Pack (Sensor Protection),"Electronics|Mobiles&Accessories|MobileAccessories|Maintenance,Upkeep&Repairs|ScreenProtectors",$11.99,$34.80,66%,Compatibility ; Glass Screen Protector Compatible with iPhone 14 Pro Max|9H Hardness ; Tempered glass durability rated at 9H hardness to protect from everyday scratches|Note ; NOT compatible with Spigen Geo Armor 360 Cases due to full coverage|Oil-free ; Oleophobic coating for daily fingerprint resistance|Edge to Edge Protection ; All-around adhesive covers the screen with no lifting,https://m.media-amazon.com/images/I/51EiPNlJDgL._SX300_SY300_QL70_ML2_.jpg,"{""main_cat"": ""Electronics"", ""sub_cat1"": ""Mobiles&Accessories"", ""sub_cat2"": ""MobileAccessories"", ""sub_cat3"": ""Maintenance,Upkeep&Repairs"", ""sub_cat4"": ""ScreenProtectors""}"
"KINGONE Upgraded Stylus Pen, iPad Pencil, Ultra High Precision & Sensitivity, Palm Rejection, Prevents False ON/Off Touch, Power Display, Tilt Sensitivity, Magnetic Adsorption for iPad 2018 and Later",Electronics|Mobiles&Accessories|MobileAccessories|StylusPens,$25.20,$72.02,65%,"25MIN FAST CHARGE & UPGRADED NIB - 5 minutes of charging will give you 2 hours of use. It can be used continuously for more than 10 hours with a full charge of 25 minutes ALSO improved accuracy, sensitivity, and durability, precise point control writing, no scratches on the screen, no lag/offset/break, higher sensitivity, no resistance|PALM REJECTION - You can put your hand comfortably on the screen when drawing or writing with palm rejection, no need to wear gloves for more convenient writing or drawing which fits people who take notes or draw pictures on iPad for a long time!|TILT FUNCTION & MAGNETIC ADSORPTION - The latest tilt-sensing technology, You only need to adjust the angle to draw the picture you like, just like using a pencil. In addition, Magnetically be able to attach the iPad Pro (3rd Gen only) side face, no more rolling and prevent loss and more portable also it has a flat surface to prevent it from falling|USB-C CHARGING & LED CHARGING DISPLAY - Kingone digital pencil has upgraded the LED power display function. Compared with the other pen, this new feature can more easily know the remaining power and it will automatically turn in ""Sleep Mode"" after idle for 5 minutes to save power. And the stylus support 10 hours of continuous working and 180 days standby time for about 1 hour per charge|ACCIDENTALLY ON/OFF PREVENTION - Kingone use Double tap ON/OFF on stylus which can prevents from accidental switch OFF, No need Bluetooth, just tap the end of the pencil twice to turn it on/off, Avoiding the problem of accidentally turning on/off by mistake touch once which can save a lot of power and greatly improve the experience; Kingone IPad Stylus Pen for 2018 and later: iPad (6/7/8/9 Gen), iPad Pro (3/4 Gen), iPad Pro 11 inch, iPad Air (3/4 Gen), iPad mini (3rd gen) 5/6 Gen)",https://m.media-amazon.com/images/I/31jgUvSar0L._SX300_SY300_QL70_ML2_.jpg,"{""main_cat"": ""Electronics"", ""sub_cat1"": ""Mobiles&Accessories"", ""sub_cat2"": ""MobileAccessories"", ""sub_cat3"": ""StylusPens""}"
"Portronics CarPower Mini Car Charger with Dual Output, Fast Charging (Type C PD 18W + QC 3.0A) Compatible with All Smartphones(Black)",Electronics|Mobiles&Accessories|MobileAccessories|Chargers|AutomobileChargers,$4.05,$8.39,52%,"[POWERFUL DUAL PORTS]: It is one most powerful car charging device that provides 18W output with dual ports. You can simultaneously charge two devices at one go.|[COMPACT SIZE & PERFECT FIT]: Portronics Car Power Mini has the most compact size that can be installed in any dashboard. It is one powerful charging device for your car with Type C PD 18W + QC 3.0A. It is compatible with all most all car models.|[FASTEST CHARGING]: With Portronics Car Power Mini, you can experience fastest charging. It provides you 50% charging at 30 minutes and it can be considered as one of the best travel partner for you.|[ULTRA-LIGHT CAR CHARGING]: Along with the most compact size, it is one device that is ultra-light in weight. The entire device is just 15.3 gms, 5.5 cm in height and 2.5cm in diameter.|[SMART PROTECTION CHIPS]: It has in-built smart protection chip that ensure protection from over-voltage, over- temperature, and prevent short circuits.",https://m.media-amazon.com/images/I/31AGkV82sES._SX300_SY300_QL70_ML2_.jpg,"{""main_cat"": ""Electronics"", ""sub_cat1"": ""Mobiles&Accessories"", ""sub_cat2"": ""MobileAccessories"", ""sub_cat3"": ""Chargers"", ""sub_cat4"": ""AutomobileChargers""}"
"boAt Newly Launched Wave Electra with 1.81"" HD Display, Smart Calling with Ultra-Seamless BT Calling Chip,20 Built-In Watch Faces,100 + Sports Modes,Menu Personalization,In-Built Games(Charcoal Black)",Electronics|WearableTechnology|SmartWatches,$36.00,$95.92,62%,"Screen Size- Big and Bold meets Bright and Sharp with a 1.81” HD Display. Backed with 2.5D curved display, 550 nits brightness & its seamless edge design, it makes it the ideal metal body you want strapped on your wrist.|Seamless BT Calling- Calling made convenient with just a tap on Wave Electra. Dial and receive calls anytime, anywhere and save up to 50 contacts.|20 inbuilt Watch Faces- Be Spoilt for choice, with 20+ inbuilt watch faces. Find the one that matches your vibe with over 100+ on the cloud.|Sports Modes- Switch up your fitness and sports routines with 100+ Sports modes to choose from. Cricket, Football, Judo, Skipping, Rock Climbing, Dance, Hockey, Basketball, Volley ball and a lot more to choose from!|Personalization- Add a touch of personalisation to your watch with 2 menu style options to choose from. Easily navigate through the watch and keep all your go-to features just a swipe away by adding or deleting feature pages on the home screen.|Inbuilt Games- Get your fun on! Make and beat your high scores with 2 games - Whack-A-Mole and 2048.|IP Rating- This smart watch is has IP68 rating making it dust, sweat and splash resistant.",https://m.media-amazon.com/images/I/41fXq5ZKACL._SX300_SY300_QL70_ML2_.jpg,"{""main_cat"": ""Electronics"", ""sub_cat1"": ""WearableTechnology"", ""sub_cat2"": ""SmartWatches""}"
"PTron Newly Launched Force X10 Bluetooth Calling Smartwatch with 1.7"" Full Touch Color Display, Real Heart Rate Monitor, SpO2, Watch Faces, 5 Days Runtime, Fitness Trackers & IP68 Waterproof (Pink)",Electronics|WearableTechnology|SmartWatches,$15.59,$72.02,78%,"Bluetooth Calling Smartwatch: Make & receive a phone call directly using Force X10. 1.7 inches 500 NITs color screen with full touch display - capacitive touch, supporting taps & swipes.|Health/Fitness Trackers: Realtime Heart Rate Check; SpO2 Blood Oxygen; Sleep Monitor; Sedentary Alert; Sports & Fitness Tracking; Step Count & Calories Burnt; Distance Traveled; Sports Mode|Smart Features Smart Notifications on Your Wrist; Listen to Music on the Watch; Camera Remote Control; Raise & Wake Display; Weather Info; Find the Watch; Stopwatch & Alarm; Voice Assistant support|150+ Custom Watch Faces to match your Style; Lightweight Metal Casing; Skin-friendly Flexible Strap; up to 5 Days Runtime; 10 Days Standby; IP68 Dust, Dirt & Waterproof; Changeable Silicone Strap|Built-in Mic & Loudspeaker; Vibration Alert; Bluetooth 5.0 with 10 mtrs Wireless Range; Use pTron Fit+ App; Compatible with Android 8.0 & above/iOS 9.1 & above; Just 3Hrs Charge Time; 1-Year Warranty|Download & install ""pTron Fit+' App from Playstore/Appstore, Turn On Bluetooth on your phone, and bind the smartwatch to the App. Enable functions like Message Push, Wrist Sense, Do not Disturb, etc.",https://m.media-amazon.com/images/I/41k-VlGbYnL._SX300_SY300_QL70_ML2_.jpg,"{""main_cat"": ""Electronics"", ""sub_cat1"": ""WearableTechnology"", ""sub_cat2"": ""SmartWatches""}"
"iQOO vivo Z6 5G (Dynamo Black, 6GB RAM, 128GB Storage) | Snapdragon 695-6nm Processor | 120Hz FHD+ Display | 5000mAh Battery",Electronics|Mobiles&Accessories|Smartphones&BasicMobiles|Smartphones,$198.07,$251.98,21%,"Snapdragon 695 5G Mobile Platform allows you to level up your performance with efficient 6nm Process, with an ANTUTU Score of 410563. Also, we get a 15% improved CPU performance & improved 30% GPU performance (As compared to Snapdragon 690G)|iQOO Z6 5G comes with a large 5000mAh battery keeps going longer, for a more enjoyable gaming and video experience. It also comes 18W Fast Charging technology that juices up the battery quickly.|5-layered liquid cooling system can accurately sense the heat source and intelligently adapt the optimal cooling solution, which can effectively cool down the phone when it is under high load and reduce the core temperature by 10 degrees*. Let go off any heating issues in prolonged gaming or movie sessions.|Equipped with 50MP Eye Autofocus main camera, it is designed to tackle the out-of-focus problem. The feature performs fast Eye Autofocus at a high refresh rate, allowing the camera to maintain a stable and clear focus on the subjects in movement.|Headphones jack: 3.5 mm,Display type:LCD,Form factor:Bar,Operating system:Funtouch OS 12 based on Android 12",https://m.media-amazon.com/images/I/41S7tnENirL._SX300_SY300_QL70_ML2_.jpg,"{""main_cat"": ""Electronics"", ""sub_cat1"": ""Mobiles&Accessories"", ""sub_cat2"": ""Smartphones&BasicMobiles"", ""sub_cat3"": ""Smartphones""}"
Samsung Ehs64 Ehs64Avfwecinu Hands-Free Wired In Ear Earphones With Mic With Remote Note (White),"Electronics|Headphones,Earbuds&Accessories|Headphones|In-Ear",$5.99,$5.99,0%,In Ear Volume Control|Design: Canal phone|Headphone Jack: 3.5mm|6 months warranty,https://m.media-amazon.com/images/I/31FzYVC62wL._SX300_SY300_QL70_ML2_.jpg,"{""main_cat"": ""Electronics"", ""sub_cat1"": ""Headphones,Earbuds&Accessories"", ""sub_cat2"": ""Headphones"", ""sub_cat3"": ""In-Ear""}"
Spigen EZ Fit Tempered Glass Screen Protector for iPhone 14 Pro - 2 Pack (Sensor Protection),"Electronics|Mobiles&Accessories|MobileAccessories|Maintenance,Upkeep&Repairs|ScreenProtectors",$11.99,$34.80,66%,Compatibility ; Glass Screen Protector Compatible with iPhone 14 Pro|9H Hardness ; Tempered glass durability rated at 9H hardness to protect from everyday scratches|Case friendly ; Made case compatible with Spigen case (Not Compatible with Geo Armor 360)|Oil-free ; Oleophobic coating for daily fingerprint resistance|Edge to Edge Protection ; All-around adhesive covers the screen with no lifting,https://m.media-amazon.com/images/I/51R2kfyMW5L._SX300_SY300_QL70_ML2_.jpg,"{""main_cat"": ""Electronics"", ""sub_cat1"": ""Mobiles&Accessories"", ""sub_cat2"": ""MobileAccessories"", ""sub_cat3"": ""Maintenance,Upkeep&Repairs"", ""sub_cat4"": ""ScreenProtectors""}"
"Samsung Galaxy M04 Dark Blue, 4GB RAM, 128GB Storage | Upto 8GB RAM with RAM Plus | MediaTek Helio P35 | 5000 mAh Battery",Electronics|Mobiles&Accessories|Smartphones&BasicMobiles|Smartphones,$126.04,$162.05,22%,"Powerful MediaTek Helio P35 Octa Core 2.3GHz with Android 12,One UI Core 4.1|13MP+2MP Dual camera setup- True 13MP (F2.2) main camera + 2MP (F2.4) | 5MP (F2.2) front came|16.55 centimeters (6.5-inch) LCD, HD+ resolution with 720 x 1600 pixels resolution, 269 PPI with 16M color|5000mAH lithium-ion battery, 1 year manufacturer warranty for device and 6 months manufacturer warranty for in-box accessories including batteries from the date of purchase",https://m.media-amazon.com/images/I/41kg-+XWoxL._SY300_SX300_.jpg,"{""main_cat"": ""Electronics"", ""sub_cat1"": ""Mobiles&Accessories"", ""sub_cat2"": ""Smartphones&BasicMobiles"", ""sub_cat3"": ""Smartphones""}"
"SWAPKART Flexible Mobile Tabletop Stand, Metal Built, Heavy Duty Foldable Lazy Bracket Clip Mount Multi Angle Clamp for All Smartphones (Pack of 1), Multi Color",Electronics|Mobiles&Accessories|MobileAccessories|Mounts|Bedstand&DeskMounts,$3.01,$11.99,75%,"Cell Phone Holder, Lazy Bracket, The Clip-On Holder Is Clipped Onto Any Desk,Mobile Stand For Bedroom,Office,Bathroom,Kitchen.Perfect For Viewing Videos On Phone And Enjoy Music, Games In Bedroom, Gym, Office, Reading, Watching Movies, Listening To Music On A Table Or Desk. Very Convenient|A Phone Mount For Your Car:The Flexible Arm Allows For Just About Any Mounting Position. V Type Design Clip Has More Solid Protection For Phone. Mobile Phone Holder, Compatible With Iphone 7, 7 Plus, 6s, 6, 5s, Se, Moto G5 G4 Plus, Redmi Note 4, 4a, Oneplus 3t, Lenovo, Gps, Pda, Samsung Galaxy, Htc, Nokia, Lg, Oppo, Vivo, Etc|Flexible Arm For Different Angle And Distance Folds To A Viewing Angle As Per Your Convenience On Of The Best Inventions, The Mobile Bed Stand Holder Is A Multipurpose Mobile Accessory That Enables You To Watch Movies, Browse The Internet In Bed. It Can Also Attach Itself To Other Surfaces Like Your Table, Office Desk|Multi Function Clip, Allows You To Use The Clip As A Desktop Phone/Tablet Stand.Flexible Arm For Different Angle And Distance, Made Of Aluminum-Magnesium Alloy Material|Made From Grade Magnesium Alloy, Light Weight And Very Strong.compatible with all android mobiles",https://m.media-amazon.com/images/I/41pQWwAzVyL._SY300_SX300_QL70_ML2_.jpg,"{""main_cat"": ""Electronics"", ""sub_cat1"": ""Mobiles&Accessories"", ""sub_cat2"": ""MobileAccessories"", ""sub_cat3"": ""Mounts"", ""sub_cat4"": ""Bedstand&DeskMounts""}"
"Redmi 9A Sport (Carbon Black, 2GB RAM, 32GB Storage) | 2GHz Octa-core Helio G25 Processor | 5000 mAh Battery",Electronics|Mobiles&Accessories|Smartphones&BasicMobiles|Smartphones,$78.02,$96.03,19%,"Processor: MediaTek Helio G25 Octa-core; Up to 2.0GHz clock speed|Camera: 13 MP Rear camera with AI portrait| 5 MP front camera|Display: 16.58 centimeters (6.53-inch) HD+ display with 720x1600 pixels and 20:9 aspect ratio|Battery: 5000 mAH large battery with 10W wired charger in-box|Memory, Storage & SIM: 2GB RAM | 32GB storage | Dual SIM (nano+nano) + Dedicated SD card slot|Form factor:Bar,Operating system:MIUI 12",https://m.media-amazon.com/images/I/41P4Al+S3zL._SY300_SX300_.jpg,"{""main_cat"": ""Electronics"", ""sub_cat1"": ""Mobiles&Accessories"", ""sub_cat2"": ""Smartphones&BasicMobiles"", ""sub_cat3"": ""Smartphones""}"
"Fire-Boltt Ring 3 Smart Watch 1.8 Biggest Display with Advanced Bluetooth Calling Chip, Voice Assistance,118 Sports Modes, in Built Calculator & Games, SpO2, Heart Rate Monitoring",Electronics|WearableTechnology|SmartWatches,$36.00,$120.04,70%,"Fire-Boltt is India' No 1 Wearable Watch Brand Q122 by IDC Worldwide quarterly wearable device tracker Q122.【Bluetooth Calling Watch】- Fire-Boltt Ring 3 enables you to make and receive calls directly from your watch via the built-in speaker and microphone. This smartwatch features a dial pad, option to access recent calls & sync your phone’s contacts.;【1.8 inch HD Display】- This smartwatch has a 1.8” TFT LCD Full Touch Display with a 2D High Hardness Glass for super protection and a high resolution of 240*286 pixels with a Rotating Button for smooth usage|【118 Sports Modes】- Be your own coach while you can track over 118 sports mode with professional analisys. 【Real Time Health Tracking】- With an advanced intellegent algorithm combined with optical heart rate sensor to monitor your heart rate all day, even during exercise. Track your blood oxygen (SpO2) levels and indicate a healthy life;【Full Metal Body】- This watch is long lasting and durable with its metal body feature 【Voice Assistant】- Command your mobile phone with your smartwatch, the watch has a voice assistant built in to make work easy and fast|【Built In Mic & Speaker】- Enjoy listening to your favourite tunes on the watch and experience HD Calling through the built in Mic;【Smart Notification】- Get all your mobile phone notifications on the watch and stay updates about trends, meeting emails and much more. 【Remotely access smartphone features】- Click pictures, change music tracks on the watch with a single touch.; 【360 Health Ecosystem】- With this watch track your heart rate, calorie, step count and multiple sports modes with easy touch;【Play Games On Your Wrist】- Play 2 mini games in your pastime or leisure time.|【Multiple Watch Faces & Smart Controls】 - The Smartwatch has multiple Watch Faces;【How to activate Bluetooth Calling】- To enable Bluetooth Calling Function, first connect it to the compatible app. Once connected, manually go to the phone's Bluetooth settings and pair this smartwatch (Bluetooth Name: BSW043_Phone). Upon pairing, you will get a notification: Connected for calls and audio.|Compatible Devices: Smartphonetablet; Case Material Type: Stainless Steel; Band Color: Black; Color Name: Black; Band Material Type: Silicone; Included Components: 1 Smartwatch, 1 Manual, 1 Magnetic Charger, 1 Warranty Card; Clasp Type: Tang Buckle; Human Interface Input: Buttonstouch Screen **Disclaimer** The Charging USB needs to be connected to a 4.7V to 5V charging adapter for best battery backup|【Superior Battery】- Charge the watch for 90 mins merely for 3 days of exquisite battery life.Band Width:20 millimeters.Water resistance depth:1 meters",https://m.media-amazon.com/images/I/41ziJKWj9LL._SX300_SY300_QL70_ML2_.jpg,"{""main_cat"": ""Electronics"", ""sub_cat1"": ""WearableTechnology"", ""sub_cat2"": ""SmartWatches""}"
Amozo Ultra Hybrid Camera and Drop Protection Back Cover Case for iPhone 13 (TPU + Polycarbonate | Crystal Transparent),Electronics|Mobiles&Accessories|MobileAccessories|Cases&Covers|BasicCases,$3.35,$18.00,81%,"QUALITY MATERIAL - Hybrid technology that is made of a TPU Material with a durable back panel|CAMERA PROTECTION - Raised bezels lift camera off flat surfaces|PRECISE CUTOUTS - Pronounced buttons are easy to feel and press, while large cutouts fit most cables|MODERN DESIGN - Elegant Design perfectly uses the advantages of the scratch-resistant PC plate and the flexible TPU|Compatible with iPhone 13 Case Cover (6.1"")",https://m.media-amazon.com/images/I/41cYSMom9TL._SX300_SY300_QL70_ML2_.jpg,"{""main_cat"": ""Electronics"", ""sub_cat1"": ""Mobiles&Accessories"", ""sub_cat2"": ""MobileAccessories"", ""sub_cat3"": ""Cases&Covers"", ""sub_cat4"": ""BasicCases""}"
"ELV Aluminum Adjustable Mobile Phone Foldable Tabletop Stand Dock Mount for All Smartphones, Tabs, Kindle, iPad (Black)",Electronics|Mobiles&Accessories|MobileAccessories|Stands,$3.23,$18.00,82%,"Multi-angle adjustable stand: Free rotation of 270 degree viewing angle ensure the perfect angle of view and enhance the audio/video experience|Stylish design: Durable aluminum body, with a sturdy construction, can hold your phone steadily|Enjoy life: It's convenient to cook meals when you learn cooking through video teaching, without worrying about soiling the smartphones|Anti-slip pad: The anti-slip pad works perfect to keep your devices in place while in use and prevent from daily scratches and sliding|Fully foldable: ELV cell phone stand for desk can be fully folded to pocket-size, which will save you plenty of space and make it easy to carry anywhere; Very convenient for daily life|1 Year Manufacturing Warranty|Country of Origin: India",https://m.media-amazon.com/images/I/31hDWwY8iWL._SX300_SY300_QL70_ML2_.jpg,"{""main_cat"": ""Electronics"", ""sub_cat1"": ""Mobiles&Accessories"", ""sub_cat2"": ""MobileAccessories"", ""sub_cat3"": ""Stands""}"
"Tecno Spark 9 (Sky Mirror, 6GB RAM,128GB Storage) | 11GB Expandable RAM | Helio G37 Gaming Processor",Electronics|Mobiles&Accessories|Smartphones&BasicMobiles|Smartphones,$108.03,$162.05,33%,"Upto 11GB larger RAM (6GB LPDDR4x + 5GB Virtual RAM) with the help of memory fusion technology | 37% improvement in apps switching | 128GB eMCP ROM | No support for Africa's frequency bands|90Hz Refresh Rate | 180Hz Touch Sampling Rate | 6.6"" HD+ Dot Notch display | 269PPI Pixel Density for richer colors|13MP rear Dual Camera and Dual Flashlight | 8MP Selfie camera with front flash| Multiple AI modes like Portrait, HDR, Smile Shot, AI Scene Detection | Shoot Clear 1080P Time-lapse, Slow Motion, Video Bokeh videos|MediaTek Helio G37 Gaming Processor | 64-bit 2.3GHz Max CPU Frequency | HiOS 8.6 based on Android 12 | DTS Powered Loud Speaker | Soplay 2.0 for Music composing|5000mAh battery with up to 30 days long standby | 25 hours Video playback or 26 hours Calling or 133 hours music playback | Ultra Battery saver mode for extreme backup",https://m.media-amazon.com/images/I/41PNVbmQdfL._SX300_SY300_QL70_ML2_.jpg,"{""main_cat"": ""Electronics"", ""sub_cat1"": ""Mobiles&Accessories"", ""sub_cat2"": ""Smartphones&BasicMobiles"", ""sub_cat3"": ""Smartphones""}"
"JBL C100SI Wired In Ear Headphones with Mic, JBL Pure Bass Sound, One Button Multi-function Remote, Premium Metallic Finish, Angled Buds for Comfort fit (Red)","Electronics|Headphones,Earbuds&Accessories|Headphones|In-Ear",$7.19,$15.59,54%,"JBL Signature Sound|Extra Deep Bass, Frequency range: 20-20kHz. Slip Proof : No|One-Button Universal Remote with Mic|Quick Launch Access to Google Assistant / Siri|Noise Cancelling Microphone|Sleek, Glossy & Ergonomic design|Lightweight and Comfortable with 3 sizes of ear tips",https://m.media-amazon.com/images/I/31kLQHU5pdL._SX300_SY300_QL70_ML2_.jpg,"{""main_cat"": ""Electronics"", ""sub_cat1"": ""Headphones,Earbuds&Accessories"", ""sub_cat2"": ""Headphones"", ""sub_cat3"": ""In-Ear""}"
"Tukzer Capacitive Stylus Pen for Touch Screens Devices, Fine Point, Lightweight Metal Body with Magnetism Cover Cap for Smartphones/Tablets/iPad/iPad Pro/iPhone (Grey)",Electronics|Mobiles&Accessories|MobileAccessories|StylusPens,$4.19,$11.99,65%,"MAGNETIC DESIGN- Tukzer magnetic capacitive touch screen stylus pen not only you can unscrew the small cap in the tail end of the pen to store a spare disc tip for an emergency situation when the disc is broken or lost but also both the head end and the tail end of the stylus pen are lined with a magnet, so the cap will be absorbed by the magnetic when you just put the cap close to either end|PRECISION - The stylus pen for iPad transparent disc allows you to see exactly where your mark is pointing and gives you supreme accuracy. You will be able to use your device in a way that is just not possible with a regular stylus|CONVENIENCE - Special hidden disc tips design. The replacement disc tip is hidden inside the pen cap. It can make sure you can use the pen for emergency situations when the disc is broken or lost, Tip Material Rubber|WIDELY COMPATIBLE - Disc Stylus is widely compatible with all touch enabled Devices – 7mm Plastic Tip with Conductive material compatible with iPhones, iPad, Android Phones, Android Tabs, Microsoft Surface etc|DIMENSIONS - 168mm Length. Comes with 6 Months Warranty",https://m.media-amazon.com/images/I/31bKIZtFGWL._SX300_SY300_QL70_ML2_.jpg,"{""main_cat"": ""Electronics"", ""sub_cat1"": ""Mobiles&Accessories"", ""sub_cat2"": ""MobileAccessories"", ""sub_cat3"": ""StylusPens""}"
"Samsung Galaxy M13 5G (Aqua Green, 6GB, 128GB Storage) | 5000mAh Battery | Upto 12GB RAM with RAM Plus",Electronics|Mobiles&Accessories|Smartphones&BasicMobiles|Smartphones,$168.06,$234.08,28%,"Upto 12GB RAM with RAM Plus | 128GB internal memory expandable up to 1TB||Superfast 5G with 11 5G Bands, Powerful MTK D700 Octa Core 2.2GH with Android 12,One UI Core 4|50MP+2MP Dual camera setup- True 50MP (F1.8) main camera + 2MP (F2.4) | 5MP (F2.0) front came|16.55 centimeters (6.5-inch) LCD, HD+ resolution with 720 x 1600 pixels resolution, 269 PPI with 16M color|5000mAH lithium-ion battery, 1 year manufacturer warranty for device and 6 months manufacturer warranty for in-box accessories including batteries from the date of purchase",https://m.media-amazon.com/images/I/413sCRKobNL._SX300_SY300_QL70_ML2_.jpg,"{""main_cat"": ""Electronics"", ""sub_cat1"": ""Mobiles&Accessories"", ""sub_cat2"": ""Smartphones&BasicMobiles"", ""sub_cat3"": ""Smartphones""}"
"Tukzer Capacitive Stylus Pen for Touch Screens Devices, Fine Point, Lightweight Metal Body with Magnetism Cover Cap for Smartphones/Tablets/iPad/iPad Pro/iPhone (White)",Electronics|Mobiles&Accessories|MobileAccessories|StylusPens,$4.19,$11.99,65%,"MAGNETIC DESIGN- Tukzer magnetic capacitive touch screen stylus pen not only you can unscrew the small cap in the tail end of the pen to store a spare disc tip for an emergency situation when the disc is broken or lost but also both the head end and the tail end of the stylus pen are lined with a magnet, so the cap will be absorbed by the magnetic when you just put the cap close to either end|PRECISION - The stylus pen for iPad transparent disc allows you to see exactly where your mark is pointing and gives you supreme accuracy. You will be able to use your device in a way that is just not possible with a regular stylus.|CONVENIENCE - Special hidden disc tips design. The replacement disc tip is hidden inside the pen cap. It can make sure you can use the pen for emergency situations when the disc is broken or lost.|WIDELY COMPATIBLE - Disc Stylus is widely compatible with all touch enabled Devices  7mm Plastic Tip with Conductive material compatible with iPhones, iPad, Android Phones, Android Tabs, Microsoft Surface etc.|DIMENSIONS - 168mm Length. Comes with 6 Months",https://m.media-amazon.com/images/I/3187gPkT6GL._SX300_SY300_QL70_ML2_.jpg,"{""main_cat"": ""Electronics"", ""sub_cat1"": ""Mobiles&Accessories"", ""sub_cat2"": ""MobileAccessories"", ""sub_cat3"": ""StylusPens""}"
Mi 10W Wall Charger for Mobile Phones with Micro USB Cable (Black),Electronics|Mobiles&Accessories|MobileAccessories|Chargers|WallChargers,$5.99,$7.19,17%,"Output Power : 10W with upto 480 mbps data transfer speed via the cable, Input port : 50 - 60 Hz|Compatible with all devices with micro USB port charging port including smart phone, bluetooth headsets, speakers, smartwatches, powerbanks. Output Current : 2 A. Customer Care: 18001036286",https://m.media-amazon.com/images/I/31H8AoDYAYL._SX300_SY300_QL70_ML2_.jpg,"{""main_cat"": ""Electronics"", ""sub_cat1"": ""Mobiles&Accessories"", ""sub_cat2"": ""MobileAccessories"", ""sub_cat3"": ""Chargers"", ""sub_cat4"": ""WallChargers""}"
"Fire-Boltt India's No 1 Smartwatch Brand Talk 2 Bluetooth Calling Smartwatch with Dual Button, Hands On Voice Assistance, 60 Sports Modes, in Built Mic & Speaker with IP68 Rating",Electronics|WearableTechnology|SmartWatches,$26.40,$120.04,78%,"【Bluetooth Calling Watch】- Fire-Boltt Talk 2 smart watch enables you to make and receive calls directly from your watch via the built-in speaker and microphone. This smartwatch features a dial pad, option to access recent calls & sync your phone’s contacts.;【Dual Button Technology】- This smart watch with call function has dual buttons to carry out the tasks more efficiently and easily. Use the first button to change the menu style and to return to the first page, use the second button to quickly land to the exercise page|【Voice Assistant】- Command your mobile phone with your smartwatch, the watch has a voice assistant built in to make work easy and fast. Tap on the AI feature to activate the mobile phone voice assistant and make calls smoothly, or hear the weather update;【60 Sports Modes】- Track 60 different sports mode like running, walking, climbing, kabbadi, cricket and many more, get the benefit of every sweat and calorie lost【IP68 Water Resistant】- This smartwatch can withstand dust, spills, raindrops and is sweatproof too.|【Built In Mic & Speaker】- Enjoy listening to your favour ite tunes on the watch and experience HD Calling through the built in Mic;【1.28 inch HD Display】- This smartwatch has a 1.28” TFT LCD Full Touch Display with a 2D High Hardness Glass for super protection and a high resolution of 240*240 pixels 【Full Metal Body】- This watch is long lasting and durable with its metal body feature|【SPo2 Monitoring】- Monitor your blood oxygen levels any time anywhere. 【360 Health Ecosystem】- With this watch track your heart rate, calorie, step count and multiple sports modes with easy touch;【Play Games On Your Wrist】- Play 2 mini games in your pastime or leisure time.; 【Smart Notification】- Get all your mobile phone notifications on the watch and stay updates about trends, meeting emails and much more. 【Remotely access smartphone features】- Click pictures, change music tracks on the watch with a single touch. System requirements: Compatible with android 4.4 or above, iOS 8.0 or above, Bluetooth version 5.0 and above.|Band Material Type: Silicone; Compatible Devices: Smartphonetablet; Band Color: Grey; Included Components: 1u Smartwatch, 1u Charging Cable, 1u Manual; Color Name: Silver Grey; Human Interface Input: Buttonstouch Screenmicrophone; Clasp Type: Tang Buckle",https://m.media-amazon.com/images/I/41vMaBVWDjL._SX300_SY300_QL70_ML2_.jpg,"{""main_cat"": ""Electronics"", ""sub_cat1"": ""WearableTechnology"", ""sub_cat2"": ""SmartWatches""}"
"STRIFF 12 Pieces Highly Flexible Silicone Micro USB Protector, Mouse Cable Protector, Suit for All Cell Phones, Computers and Chargers (White)",Electronics|Mobiles&Accessories|MobileAccessories|Décor,$1.14,$5.99,81%,"Protect cables: the cable protectors are designed with highly flexible silicone, can be applied as phone charger saver and charger protector to completely protect cables for all devices, including cell phones, computers, laptops, mouse cable, etc.|Protection effect: protect wires and power cords from dirt, frays, tangles and knots; Reduce the risk of fraying and breaking|Touch comfortable: the wire protectors feels nice and is fun to install on any wires end, can be applied to protect your headphone cords and charger cables; You can also relieve your stress when you touch it; Relax yourself, even better, the cable protector looks cool|Prolong life of cables: the charger cable saver will help to prolong the life of your cable even the cable has been damaged|Simple to install: a detailed usage is provided; With no worries to wrap the cable protector onto your preferred cable",https://m.media-amazon.com/images/I/31SKRsp7Y1L._SX300_SY300_QL70_ML2_.jpg,"{""main_cat"": ""Electronics"", ""sub_cat1"": ""Mobiles&Accessories"", ""sub_cat2"": ""MobileAccessories"", ""sub_cat3"": ""D\u00e9cor""}"
"Noise ColorFit Pro 4 Alpha Bluetooth Calling Smart Watch with 1.78 AMOLED Display, Tru Sync, 60hz Refresh Rate, instacharge, Gesture Control, Functional 360 Digital Crown (Jet Black)",Electronics|WearableTechnology|SmartWatches,$54.01,$96.03,44%,"1.78"" AMOLED display: See your world in utmost clarity on the 1.78’’ AMOLED display with 368*448 pixel resolution.|Always on Display: Take your pick from a plethora of Always On Display watch faces and see your day unfold.|Functional crown: Navigate your way through a series of features with ease, thanks to the fully functional digital crown.|Tru Sync: Get the best-in-class calling experience with the Tru Sync feature that ensures a stable and fast connection every single time.|Noise Buzz: Stay connected with the world throughout the day via the Noise Buzz feature that gives you access to a dial pad, call logs and the option to save up to 10 contacts.|Gesture control: Cover the screen with your palm to turn it off and double-tap it to turn it back on.|7-day battery with Instacharge: Use your watch for 7 days straight and juice it for another 24 hours in just 10 minutes of charge.",https://m.media-amazon.com/images/I/4123OnLZCFL._SX300_SY300_QL70_ML2_.jpg,"{""main_cat"": ""Electronics"", ""sub_cat1"": ""WearableTechnology"", ""sub_cat2"": ""SmartWatches""}"
Elv Mobile Phone Mount Tabletop Holder for Phones and Tablets - Black,Electronics|Mobiles&Accessories|MobileAccessories|Stands,$1.07,$7.19,85%,"Metal Phone Stand for Mobile Phones and Tablets|SHINING BLACK METAL IPHONE STAND : Shining black metal iphone stand,with lightweight and the ipad stand is portable and edgy,it perfectly work with iphone.|PHONE DESK STAND : Phone desk stand is universal perfectly compatible with as majority of smartphones and tablets,such as iphone ipad mini, Although with case,when using an iPad, you should set it horizontally,it will also works well.|PERFECT FOR WATCHING MOVIES & READING : Cell phone stand perfect for desk or table to watch movies, read etc. sync charging your phone. Angled Support for Facetime|RUBBER PROTECTED : The rubber protect the point of contact between the device and the stand keep your device from scratches and sliding.|MODERATE HEIGHT : The height of hooks to bottom is moderate to charge your device, Also keep the low gravity center.",https://m.media-amazon.com/images/I/318Pgjl1wqL._SX300_SY300_QL70_ML2_.jpg,"{""main_cat"": ""Electronics"", ""sub_cat1"": ""Mobiles&Accessories"", ""sub_cat2"": ""MobileAccessories"", ""sub_cat3"": ""Stands""}"
"iQOO Z6 44W by vivo (Raven Black, 6GB RAM, 128GB Storage) | 6.44"" FHD+ AMOLED Display | 50% Charge in just 27 mins | in-Display Fingerprint Scanning",Electronics|Mobiles&Accessories|Smartphones&BasicMobiles|Smartphones,$186.06,$252.09,26%,"44W FlashCharge|Snapdragon 680 comes with octa-core architecture design that adopts the new 6nm process, CPU increased by 25% & GPU performance increased by 10% compared with Qualcomm Snapdragon 662.|Z6 is equipped with a FHD+ AMOLED dispaly to give a truly immersive display experience with true color contrast. The display provides a 180Hz Touch Sampling Rate in the gaming sessions for an enhanced touch response.|50MP AI rear camera comes with a variety of smart AI camera features and effects to capture wonderful moments with ease.",https://m.media-amazon.com/images/I/41Lif4YWC2L._SX300_SY300_QL70_ML2_.jpg,"{""main_cat"": ""Electronics"", ""sub_cat1"": ""Mobiles&Accessories"", ""sub_cat2"": ""Smartphones&BasicMobiles"", ""sub_cat3"": ""Smartphones""}"
"Redmi 11 Prime 5G (Meadow Green, 4GB RAM 64GB ROM) | Prime Design | MTK Dimensity 700 | 50 MP Dual Cam | 5000mAh | 7 Band 5G",Electronics|Mobiles&Accessories|Smartphones&BasicMobiles|Smartphones,$168.06,$192.06,13%,"Processor: MediaTek Dimensity 700 with 5G, 7nm Octa-core processor; Up to 2.2GHz|Display: 90Hz FHD+(1080x2400) AdaptiveSync Display; 16.71centimeters; 20:9 aspect ratio|Camera: 50MP AI Dual camera | 8MP Front camera|Memory, Storage & SIM: 4GB RAM | 64GB UFS 2.2 storage expandable up to 512GB with dedicated SD card slot | Dual SIM (nano+nano) dual standby (5G+5G)|Battery: 5000 mAh large battery with 18W fast charging support and 22.5W fast charger in-box with Type-C connectivity",https://m.media-amazon.com/images/I/41gQbaGlXrL._SX300_SY300_QL70_ML2_.jpg,"{""main_cat"": ""Electronics"", ""sub_cat1"": ""Mobiles&Accessories"", ""sub_cat2"": ""Smartphones&BasicMobiles"", ""sub_cat3"": ""Smartphones""}"
"Noise Pulse Buzz 1.69"" Bluetooth Calling Smart Watch with Call Function, 150 Watch Faces, 60 Sports Modes, Spo2 & Heart Rate Monitoring, Calling Smart Watch for Men & Women - Rose Pink",Electronics|WearableTechnology|SmartWatches,$24.00,$60.01,60%,"Bluetooth calling: Stay connected to the world, answer calls, store favourite contacts and dial from recent call logs, do it all with your smartwatch.|1.69” TFT LCD: Keep an eye on your day with a large and vivid display of our smartwatch.; 60 sports modes: Make fitness your priority and track your progress. Take your pick from a wide variety of sports modes and make your move.|150 cloud-based and customisable watch faces: Experiment with your fit. Choose from a plethora of watch faces and complete your look for the day.|Noise Health Suite: Keep a track of your well-being and health, right from your wrist with Noise Health Suite featuring a variety of health features.|Compatible Devices: Smartphone; Included Components: ‎Smartwatch, Magnetic Charger, User Manual, Warranty Card; Connectivity Technology: Usb",https://m.media-amazon.com/images/I/41lf0N5STAL._SX300_SY300_QL70_ML2_.jpg,"{""main_cat"": ""Electronics"", ""sub_cat1"": ""WearableTechnology"", ""sub_cat2"": ""SmartWatches""}"
"PTron Newly Launched Force X10 Bluetooth Calling Smartwatch with 1.7"" Full Touch Display, Real Heart Rate Monitor, SpO2, Watch Faces, 5 Days Runtime, Health/Fitness Trackers & IP68 Waterproof (Black)",Electronics|WearableTechnology|SmartWatches,$16.79,$72.02,77%,"Bluetooth Calling Smartwatch: Make & receive a phone call directly using Force X10. 1.7 inches 500 NITs color screen with full touch display - capacitive touch, supporting taps & swipes..Band Width:2 centimeters.Water resistance depth:1.5 meters;Health/Fitness Trackers: Realtime Heart Rate Check; SpO2 Blood Oxygen; Sleep Monitor; Sedentary Alert; Sports & Fitness Tracking; Step Count & Calories Burnt; Distance Traveled; Sports Mode|Smart Features Smart Notifications on Your Wrist; Listen to Music on the Watch; Camera Remote Control; Raise & Wake Display; Weather Info; Find the Watch; Stopwatch & Alarm; Voice Assistant support; 150+ Custom Watch Faces to match your Style; Lightweight Metal Casing; Skin-friendly Flexible Strap; up to 5 Days Runtime; 10 Days Standby; IP68 Dust, Dirt & Waterproof; Changeable Silicone Strap|Built-in Mic & Loudspeaker; Vibration Alert; Bluetooth 5.0 with 10 mtrs Wireless Range; Use pTron Fit+ App; Compatible with Android 8.0 & above/iOS 9.1 & above; Just 3Hrs Charge Time; 1-Year Warranty|Download & install ""pTron Fit+' App from Playstore/Appstore, Turn On Bluetooth on your phone, and bind the smartwatch to the App. Enable functions like Message Push, Wrist Sense, Do not Disturb, etc.|Clasp Type: Tang Buckle; Included Components: 1*Smartwatch, 1*Charging Cable, 1*User Guide Card; Human Interface Input: Touch Screen; Connectivity Technology: Usb",https://m.media-amazon.com/images/I/41BDYVKRmWL._SX300_SY300_QL70_ML2_.jpg,"{""main_cat"": ""Electronics"", ""sub_cat1"": ""WearableTechnology"", ""sub_cat2"": ""SmartWatches""}"
Portronics CLAMP X Car-Vent Mobile Holder 360 Degree Rotational(Black),Electronics|Mobiles&Accessories|MobileAccessories|AutomobileAccessories|Cradles,$7.19,$11.99,40%,"CLAMP X: a patented Universal mobile Holder with cradle to hold any Smartphone up to 6 inches in the car AC Air Vent|ALL WEATHER :It is designed to with stand extreme weather conditions, hot or cold, Designed to secure your phone on smooth and bumpy roads|EASY TO USE: Simply press the button on the back to open the sides of the mount to fit your size phone|DESIGNED FOR DRIVING SAFETY: Now you can drive safely while viewing directions on the Google Map or can talk on speaker phone|FLEXIBLE YET STABLE: Enjoy the convenience of 360 Degree Rotation of your device to suit the view you want.|6-Months Manufacturing Warranty",https://m.media-amazon.com/images/I/31zFmy89TOL._SX300_SY300_QL70_ML2_.jpg,"{""main_cat"": ""Electronics"", ""sub_cat1"": ""Mobiles&Accessories"", ""sub_cat2"": ""MobileAccessories"", ""sub_cat3"": ""AutomobileAccessories"", ""sub_cat4"": ""Cradles""}"
"pTron Volta Dual Port 12W Smart USB Charger Adapter, Multi-Layer Protection, Made in India, BIS Certified, Fast Charging Power Adaptor Without Cable for All iOS & Android Devices (Black)",Electronics|Mobiles&Accessories|MobileAccessories|Chargers|WallChargers,$2.39,$13.19,82%,"Made in India Fast Charging Wall Adaptor: This USB travel wall charger port charges at a powerful 12Watt.|Compact & Lightweight: pTron Volta dual port 12W USB charger allows charging at home or in the office via USB cable. A compatible USB cable should be used with this charger to experience fast charging|Dual USB Ports: Volta 2.4A charger comes with 2 USB slots which means that you can charge 2 devices simultaneously with no hassles. So convenient and practical application.|Multi-layer Chipset Protection - The charger comes with multi-layer chipset protection that gives protection against short circuits, over-voltage, and fire-resistance ABS body|Wide Compatibility: Input AC 100-240V, Output DC 5V/2.4A max. You can easily charge your smartphone, power bank, wireless headphones, etc. 6-months manufacturer warranty from the date of purchase",https://m.media-amazon.com/images/I/31UUEYNOmCL._SX300_SY300_QL70_ML2_.jpg,"{""main_cat"": ""Electronics"", ""sub_cat1"": ""Mobiles&Accessories"", ""sub_cat2"": ""MobileAccessories"", ""sub_cat3"": ""Chargers"", ""sub_cat4"": ""WallChargers""}"
"boAt Flash Edition Smart Watch with Activity Tracker, Multiple Sports Modes, 1.3"" Screen, 170+ Watch Faces, Sleep Monitor, Gesture, Camera & Music Control, IP68 & 7 Days Battery Life(Lightning Black)",Electronics|WearableTechnology|SmartWatches,$21.60,$83.91,74%,"1.3""(33mm) LCD display with a round dial that sports complete capacitive and responsive touch interface for effortless control.|The health monitoring feature in the watch helps you keep a track of heart rate & blood oxygen levels.|The daily activity tracker records daily steps taken, calories burnt and distances covered. Battery Capacity - 200mAh, Working Time - Up to 7 Days, Charging Time - 2 Hours|10 active sports modes include: running, walking, cycling, climbing, yoga, basketball, football, badminton, skipping & swimming.|Loaded with features, the watch Flash offers 7 day (when in use) battery life so you never miss the fun. Up to 20 days on stand by.|Customize your watch with 6 watch faces to match your style, every day!|Receive all important notifications, from calls & texts, to social media & sedentary alerts, all in one place.",https://m.media-amazon.com/images/I/416+IXsM9lL._SY300_SX300_.jpg,"{""main_cat"": ""Electronics"", ""sub_cat1"": ""WearableTechnology"", ""sub_cat2"": ""SmartWatches""}"
"boAt Wave Lite Smartwatch with 1.69 Inches(4.29cm) HD Display, Heart Rate & SpO2 Level Monitor, Multiple Watch Faces, Activity Tracker, Multiple Sports Modes & IP68 (Scarlet Red)",Electronics|WearableTechnology|SmartWatches,$18.00,$83.91,79%,"Screen Size: The 1.69 inch HD full touch display with 500 nits of brightness will bring every detail to life!|Resolution: Get sharper color resolution that brightens your virtual world exponentially.|Slim Design: The ultra slim and lightweight design of the watch is ideal to keep you surfing your wave all day!|Sports Modes: Track your daily activity: calories burnt & steps taken. Choose from multiple sports modes which include Walking, Running, Cycling, Climbing, Yoga, Basketball, Football & many more|Google Fit & Apple Health: The watch supports Google and Apple Fit to seamlessly monitor your health.|IP Rating: Sweat freely while you work out with IP68 dust, sweat and splash resistance.|Watch Faces- Customize your style with 140+ based watch faces.",https://m.media-amazon.com/images/I/41Bj3iYflTL._SX300_SY300_QL70_ML2_.jpg,"{""main_cat"": ""Electronics"", ""sub_cat1"": ""WearableTechnology"", ""sub_cat2"": ""SmartWatches""}"
"iQOO Z6 Pro 5G by vivo (Phantom Dusk, 8GB RAM, 128GB Storage) | Snapdragon 778G 5G | 66W FlashCharge | 1300 nits Peak Brightness | HDR10+",Electronics|Mobiles&Accessories|Smartphones&BasicMobiles|Smartphones,$252.09,$360.02,30%,"Snapdragon 778G comes with octa-core processor that adopts the 6nm process and Kryo 670 architecture.|66W FlashCharge|Liquid Cooling system intelligently sense the heat source and adapt the optimal cooling solution, thereby effectively cool down the phone and reduce the CPU temperature by 12 degrees and surface temperature by 3 degree.|Equipped with 64MP triple camera system, 8MP Wide-angle camera, 2MP Macro camera|iQOO Z6 Pro 5G display provides immersive visual experience with true color contrast and a peak brightness of 1300 nits. HDR10+ helps in providing right color tone mapping for each scene. The display offers 90Hz refersh rate and 180Hz Touch Sampling Rate for a smooth touch response.",https://m.media-amazon.com/images/I/41XUW74HLlL._SX300_SY300_QL70_ML2_.jpg,"{""main_cat"": ""Electronics"", ""sub_cat1"": ""Mobiles&Accessories"", ""sub_cat2"": ""Smartphones&BasicMobiles"", ""sub_cat3"": ""Smartphones""}"
"Samsung Galaxy M32 Prime Edition (Light Blue, 4GB RAM, 64GB)",Electronics|Mobiles&Accessories|Smartphones&BasicMobiles|Smartphones,$156.05,$162.05,4%,"Segment Best 16.21 centimeters (6.4-inch) Super AMOLED - Infinity U-cut display, FHD+ resolution with 90Hz Refresh rate, 800 Nits High Brightness Mode, protected by Gorilla Glass 5|Versatile 64MP+8MP+2MP+2MP Quad camera setup-64MP (F 1.8) main camera + 8MP (F2.2) Ultra wide camera+ 2MP (F2.4) depth camera + 2MP (2.4) Macro Camera| 20MP (F2.2) front camera|Monster 6000 mAh Battery | Memory, Storage & SIM: 4GB RAM | 64GB internal memory expandable up to 1TB| SIM 1 + SIM 2 + MicroSD|Android v12.0, One UI 4.1 operating system with MediaTek | Helio G80 Octa Core Processor 2GHz,1.8GHz|6000mAH lithium-ion battery, 1 year manufacturer warranty for device and 6 months manufacturer warranty for in-box accessories including batteries from the date of purchase",https://m.media-amazon.com/images/I/41jna+YGP+L._SY300_SX300_.jpg,"{""main_cat"": ""Electronics"", ""sub_cat1"": ""Mobiles&Accessories"", ""sub_cat2"": ""Smartphones&BasicMobiles"", ""sub_cat3"": ""Smartphones""}"
"Redmi Note 11T 5G (Matte Black, 6GB RAM, 128GB ROM)| Dimensity 810 5G | 33W Pro Fast Charging | Charger Included | Additional Exchange Offers|Get 2 Months of YouTube Premium Free!",Electronics|Mobiles&Accessories|Smartphones&BasicMobiles|Smartphones,$204.07,$252.09,19%,"Processor: MediaTek Dimensity 810 Octa-core 5G processor based on 6nm process with HyperEngine 2.0 and clock speed up to 2.4GHz;|Display: 6.6 inch FHD+ (2400x1080) Dot display with 90Hz high refresh rate and adaptive refresh rate technology; 240Hz touch sampling rate;|Camera: 50MP High resolution primary camera f/1.8 with 8MP Ultra-wide sensor| 16 MP Front camera|Battery: 5000mAh battery with 33W Pro fast charging support|Memory, Storage : 6GB LPDDR4X RAM | 128GB UFS2.2 Internal storage|Headphones jack:3.5mm,Display type:LCD,Operating system:MIUI 12.5 based on Android 11|Get 2 months of YouTube Premium free!",https://m.media-amazon.com/images/I/41iec5VPMlL._SX300_SY300_QL70_ML2_.jpg,"{""main_cat"": ""Electronics"", ""sub_cat1"": ""Mobiles&Accessories"", ""sub_cat2"": ""Smartphones&BasicMobiles"", ""sub_cat3"": ""Smartphones""}"
"iQOO Z6 Pro 5G by vivo (Legion Sky, 6GB RAM, 128GB Storage) | Snapdragon 778G 5G | 66W FlashCharge | 1300 nits Peak Brightness | HDR10+",Electronics|Mobiles&Accessories|Smartphones&BasicMobiles|Smartphones,$240.08,$336.01,29%,"Snapdragon 778G comes with octa-core processor that adopts the 6nm process and Kryo 670 architecture.|66W FlashCharge|Liquid Cooling system intelligently sense the heat source and adapt the optimal cooling solution, thereby effectively cool down the phone and reduce the CPU temperature by 12 degrees and surface temperature by 3 degree.|Equipped with 64MP triple camera system, 8MP Wide-angle camera, 2MP Macro camera|iQOO Z6 Pro 5G display provides immersive visual experience with true color contrast and a peak brightness of 1300 nits. HDR10+ helps in providing right color tone mapping for each scene. The display offers 90Hz refersh rate and 180Hz Touch Sampling Rate for a smooth touch response.|Display type:amoled, Form factor:bar, Human interface input:touch screen",https://m.media-amazon.com/images/I/41XtHlbmOHL._SX300_SY300_QL70_ML2_.jpg,"{""main_cat"": ""Electronics"", ""sub_cat1"": ""Mobiles&Accessories"", ""sub_cat2"": ""Smartphones&BasicMobiles"", ""sub_cat3"": ""Smartphones""}"
"Redmi Note 11 (Horizon Blue, 6GB RAM, 64GB Storage)|90Hz FHD+ AMOLED Display | Qualcomm® Snapdragon™ 680-6nm | 33W Charger Included",Electronics|Mobiles&Accessories|Smartphones&BasicMobiles|Smartphones,$156.05,$228.08,32%,"Display: 90Hz FHD+ (1080x2400) AMOLED display; 16.33 centimeters (6.43 inch); 20:9 aspect ratio|Camera: 50 MP Quad Rear camera with 8MP Ultra-wide, 2MP Macro and Portrait lens| 13 MP Front camera|Battery: 5000 mAh large battery with 33W Pro fast charger in-box and Type-C connectivity|Processor: Qualcomm Snapdragon 680 Octa-core; 6nm processor; Up to 2.4GHz clock speed|Memory, Storage & SIM: 6GB RAM | 64GB UFS 2.2 storage expandable up to 512GB with dedicated SD card slot | Dual SIM (nano+nano) dual standby (4G+4G)",https://m.media-amazon.com/images/I/4121yWSVFmL._SX300_SY300_QL70_ML2_.jpg,"{""main_cat"": ""Electronics"", ""sub_cat1"": ""Mobiles&Accessories"", ""sub_cat2"": ""Smartphones&BasicMobiles"", ""sub_cat3"": ""Smartphones""}"
"Noise Pulse 2 Max Advanced Bluetooth Calling Smart Watch with 1.85'' TFT and 550 Nits Brightness, Smart DND, 10 Days Battery, 100 Sports Mode, Smartwatch for Men and Women - (Jet Black)",Electronics|WearableTechnology|SmartWatches,$36.00,$72.02,50%,"Massive 1.85"" display: See everyday data clearly under the brightest sun on the 1.85'' TFT LCD that sports 550 nits of brightness and the highest screen-to-body ratio.|BT calling: Talk directly to your loved ones from your wrist; manage calls, access your favourite contacts and dial from the dial pad.|Tru Sync: Now connect with the world in a smart way, thanks to Tru Sync technology that ensures faster and stable connection and low power consumption.|Smart DND: Take a break when you want to and get uninterrupted sleep time.|Noise Health Suite: Get started on your fitness journey with a whole range of wellness features in Noise Health Suite and 100 sports modes to support you.|NoiseFit app: Manage your day-to-day life better with the NoiseFit app at your disposal.|150+ cloud-based watch faces: A new day calls for a new face, choose from over 150+ cloud-based watch faces and don a new look every day.",https://m.media-amazon.com/images/I/41u0PC4NajL._SX300_SY300_QL70_ML2_.jpg,"{""main_cat"": ""Electronics"", ""sub_cat1"": ""WearableTechnology"", ""sub_cat2"": ""SmartWatches""}"
Myvn 30W Warp/20W Dash Charging Usb Type C Charger Cable Compatible For Cellular Phones Oneplus 8T 8 8Pro 7 Pro / 7T / 7T Pro Nord And Oneplus 3 / 3T / 5 / 5T / 6 / 6T / 7,Electronics|Mobiles&Accessories|MobileAccessories|Chargers|WallChargers,$3.95,$11.99,67%,"Never slows you down:We’ve custom engineered our OnePlus Warp Charge 30 Power Adapter to be surprisingly clever. Integrated circuits are built into the adapter itself, so heat is dissipated before it ever reaches your phone.|FASTER AND SAFER:This means faster, safer, and cooler charging that never slows down – even while you’re browsing, gaming, or doing anything else you enjoy on your OnePlus device.|Power whenever you need it:Our ultra-fast charging technology makes overnight charging a thing of the past. Simply plug in your OnePlus 7 Pro for 20 minutes for enough power to get you going, without having to worry about your device slowing down or overheating|BACKWARDS COMPATIBLE:The Warp Charge Power Adapter for OnePlus 7 Pro / 7T / 7T Pro and is backwards compatible with previous OnePlus devices, offering DASH CHARGING speeds.|Disclaimer: Please charge WARP/Dash Charge-enabled devices exclusively with the official WARP/Dash Power Adapter and Dash Type-C Cable",https://m.media-amazon.com/images/I/41kwROGAMEL._SX300_SY300_QL70_ML2_.jpg,"{""main_cat"": ""Electronics"", ""sub_cat1"": ""Mobiles&Accessories"", ""sub_cat2"": ""MobileAccessories"", ""sub_cat3"": ""Chargers"", ""sub_cat4"": ""WallChargers""}"
"PTron Newly Launched Force X10 Bluetooth Calling Smartwatch with 1.7"" Full Touch Color Display, Real Heart Rate Monitor, SpO2, Watch Faces, 5 Days Runtime, Fitness Trackers & IP68 Waterproof (Blue)",Electronics|WearableTechnology|SmartWatches,$15.59,$72.02,78%,"Bluetooth Calling Smartwatch: Make & receive a phone call directly using Force X10. 1.7 inches 500 NITs color screen with full touch display - capacitive touch, supporting taps & swipes..Band Width:2 centimeters.Water resistance depth:1.5 meters|Health/Fitness Trackers: Realtime Heart Rate Check; SpO2 Blood Oxygen; Sleep Monitor; Sedentary Alert; Sports & Fitness Tracking; Step Count & Calories Burnt; Distance Traveled; Sports Mode|Smart Features Smart Notifications on Your Wrist; Listen to Music on the Watch; Camera Remote Control; Raise & Wake Display; Weather Info; Find the Watch; Stopwatch & Alarm; Voice Assistant support|150+ Custom Watch Faces to match your Style; Lightweight Metal Casing; Skin-friendly Flexible Strap; up to 5 Days Runtime; 10 Days Standby; IP68 Dust, Dirt & Waterproof; Changeable Silicone Strap|Built-in Mic & Loudspeaker; Vibration Alert; Bluetooth 5.0 with 10 mtrs Wireless Range; Use pTron Fit+ App; Compatible with Android 8.0 & above/iOS 9.1 & above; Just 3Hrs Charge Time; 1-Year Warranty|Download & install ""pTron Fit+' App from Playstore/Appstore, Turn On Bluetooth on your phone, and bind the smartwatch to the App. Enable functions like Message Push, Wrist Sense, Do not Disturb, etc.",https://m.media-amazon.com/images/I/41GXZy6dLIL._SX300_SY300_QL70_ML2_.jpg,"{""main_cat"": ""Electronics"", ""sub_cat1"": ""WearableTechnology"", ""sub_cat2"": ""SmartWatches""}"
"SanDisk Ultra® microSDXC™ UHS-I Card, 256GB, 150MB/s R, 10 Y Warranty, for Smartphones",Electronics|Accessories|MemoryCards|MicroSD,$23.88,$42.02,43%,Ideal storage for Android smartphones and tablets|Up to 150MB/s transfer speeds to move up to 1000 photos per minute|Load apps faster with A1-rated performance|Class 10 for Full HD video recording and playback|Compatible with SanDisk MobileMate USB 3.0 microSD card reader,https://m.media-amazon.com/images/I/41g54hBpHkL._SY300_SX300_QL70_ML2_.jpg,"{""main_cat"": ""Electronics"", ""sub_cat1"": ""Accessories"", ""sub_cat2"": ""MemoryCards"", ""sub_cat3"": ""MicroSD""}"
"Fire-Boltt Phoenix Smart Watch with Bluetooth Calling 1.3"",120+ Sports Modes, 240*240 PX High Res with SpO2, Heart Rate Monitoring & IP67 Rating",Electronics|WearableTechnology|SmartWatches,$24.00,$120.04,80%,"Fire-Boltt is India' No 1 Wearable Watch Brand Q122 by IDC Worldwide quarterly wearable device tracker Q122.【Bluetooth Calling Watch】- Fire-Boltt Phoenix enables you to make and receive calls directly from your watch via the built-in speaker and microphone. This smartwatch features a dial pad, option to access recent calls & sync your phone’s contacts.;【High Resolution Display】- Comes with a 1.3"" TFT Color Full Touch Screen and a 240*240 Pixel High Resolution this watch is covered to flaunt the sleek and stylish look always.|【120+ Sports Modes】- Track each activity effectively with this smartwatch & activity tracker. Track your calories, steps and much more while you are on your fitness journey. This fitness tracker has it all;【In Built Mic & Speaker】- Get HD calling experience with this power-packed watch. Enhance the look of your wrist with attractive colors and sleek finish|【Smart Health】- With the latest HRS3300 technology track your heart rate anytime of the day or even while you perform some activity. The optical sensors assure results so accurate. Monitor your blood oxygen levels to stay fit and healthy;【Smartphone Notifications】- Get all your mobile phone notifications on this 1.3"" Round Display Full touch smartwatch and never be late for a meeting, party or date.|【Gaming On Wrist】- Enjoy playing games on the wrist itself as you are on the go. 【Breathe Function】- Ensure your breathing exercise is fit and healthy with the breathing function.; 【Multiple Watch Faces】- Over 100 Cloud based watch faces to choose from and match your outfit and look each day everyday|Included Components: 1 Smartwatch, 1 Manual, 1 Magnetic Charger, 1 Warranty Card; Compatible Devices: Smartphonetabletiphoneandroid; Human Interface Input: Buttonstouch Screen; Clasp Type: Tang Buckle; Color Name: Silver Grey; Band Color: Grey; Band Material Type: Silicone; Case Material Type: Stainless Steel **Disclaimer** The Charging USB needs to be connected to a 4.7V to 5V charging adapter for best battery backup",https://m.media-amazon.com/images/I/41vjHoqVHJL._SX300_SY300_QL70_ML2_.jpg,"{""main_cat"": ""Electronics"", ""sub_cat1"": ""WearableTechnology"", ""sub_cat2"": ""SmartWatches""}"
"Redmi Note 11 (Space Black, 6GB RAM, 64GB Storage) | 90Hz FHD+ AMOLED Display | Qualcomm® Snapdragon™ 680-6nm | 33W Charger Included",Electronics|Mobiles&Accessories|Smartphones&BasicMobiles|Smartphones,$156.05,$228.08,32%,"Display: 90Hz FHD+ (1080x2400) AMOLED display; 16.33 centimeters (6.43 inch); 20:9 aspect ratio|Camera: 50 MP Quad Rear camera with 8MP Ultra-wide, 2MP Macro and Portrait lens| 13 MP Front camera|Battery: 5000 mAh large battery with 33W Pro fast charger in-box and Type-C connectivity|Processor: Qualcomm Snapdragon 680 Octa-core; 6nm processor; Up to 2.4GHz clock speed|Memory, Storage & SIM: 6GB RAM | 64GB UFS 2.2 storage expandable up to 512GB with dedicated SD card slot | Dual SIM (nano+nano) dual standby (4G+4G)",https://m.media-amazon.com/images/I/411yU+n3UkL._SY300_SX300_.jpg,"{""main_cat"": ""Electronics"", ""sub_cat1"": ""Mobiles&Accessories"", ""sub_cat2"": ""Smartphones&BasicMobiles"", ""sub_cat3"": ""Smartphones""}"
Noise ColorFit Pro 2 Full Touch Control Smart Watch with 35g Weight & Upgraded LCD Display (Deep Wine),Electronics|WearableTechnology|SmartWatches,$18.00,$60.01,70%,"The brilliant 1.3"" colour display is now full capacitive touch, supporting taps and swipes, so it is easy to read and operate. Watch case material : Polycarbonate. Scratch Resistant : Yes|Find, invite and add friends to your list; track their achievements and get fit together|9 sports modes to cover all your activities, whether you walk, run, hike, bike, treadmill, work-out, climb, spin, or perform yoga. Capacity - 210mAh, Charging Time - 2 hours|Log in to NoiseFit app and track your health and fitness details. Get insights on your progress and share your achievements with the world",https://m.media-amazon.com/images/I/41zs4v3adaL._SX300_SY300_QL70_ML2_.jpg,"{""main_cat"": ""Electronics"", ""sub_cat1"": ""WearableTechnology"", ""sub_cat2"": ""SmartWatches""}"
"Redmi Note 11T 5G (Aquamarine Blue, 6GB RAM, 128GB ROM)| Dimensity 810 5G | 33W Pro Fast Charging | Charger Included | Additional Exchange Offers| Get 2 Months of YouTube Premium Free!",Electronics|Mobiles&Accessories|Smartphones&BasicMobiles|Smartphones,$204.07,$252.09,19%,"Processor: MediaTek Dimensity 810 Octa-core 5G processor based on 6nm process with HyperEngine 2.0 and clock speed up to 2.4GHz;|Display: 6.6 inch FHD+ (2400x1080) Dot display with 90Hz high refresh rate and adaptive refresh rate technology; 240Hz touch sampling rate;|Camera: 50MP High resolution primary camera f/1.8 with 8MP Ultra-wide sensor| 16 MP Front camera|Battery: 5000mAh battery with 33W Pro fast charging support|Memory, Storage : 6GB LPDDR4X RAM | 128GB UFS2.2 Internal storage|Headphones jack:3.5 mm,Display type:LCD,Operating system:MIUI 12.5 based on Android 11",https://m.media-amazon.com/images/I/417k0DCw0GL._SX300_SY300_QL70_ML2_.jpg,"{""main_cat"": ""Electronics"", ""sub_cat1"": ""Mobiles&Accessories"", ""sub_cat2"": ""Smartphones&BasicMobiles"", ""sub_cat3"": ""Smartphones""}"
"Newly Launched Boult Dive+ with 1.85"" HD Display, Bluetooth Calling Smartwatch, 500 Nits Brightness, 7 Days Battery Life, 150+ Watch Faces, 100+ Sport Modes, IP68 Waterproof Smart Watch (Jet Black)",Electronics|WearableTechnology|SmartWatches,$24.00,$102.03,76%,"Bluetooth calling: Enjoy convenience with smart Bluetooth calling, right on your wrist. Dedicated speaker and microphone and AI voice assistance only elevate the experience.|Superior battery power: Leave the stress of charging frequently as Dive Plus offers 7 days of standard usage, 25 days of standby time, 2.5 for a full charge, and 2-3 days of battery backup with heavy Bluetooth calling. Type C Lightning Boult charging: No more waiting game. Dive Plus with Type-C fast charging delivers 2 days of standard usage in a mere 15 minutes of charging.|1.85” HD display: Get a clearer picture with the premium 1.85” HD display, and 500 Nits brightness that gives you a vivid picture even during the brightest hours of the day.|100+ sports modes: Flex how you like. Dive Plus offers you 100+ sports modes to activate your fitness regime.|150+ Cloud-based watch faces: Flaunt a new look each day with more than 150 cloud-based watch faces, and custom watch face option.|Complete health monitor: With sedentary reminder, calorie counter, sleep monitor, and many more, Dive Plus let you keep a track of your overall health the smart way.|Multiple colour options: Dive Plus is available in Tan, Icy Blue, and Jet Black. So pick the one that matches you best.",https://m.media-amazon.com/images/I/41OEfM3qYLL._SX300_SY300_QL70_ML2_.jpg,"{""main_cat"": ""Electronics"", ""sub_cat1"": ""WearableTechnology"", ""sub_cat2"": ""SmartWatches""}"
"OnePlus Nord Watch with 1.78” AMOLED Display, 60 Hz Refresh Rate, 105 Fitness Modes, 10 Days Battery, SPO2, Heart Rate, Stress Monitor, Women Health Tracker & Multiple Watch Face [Midnight Black]",Electronics|WearableTechnology|SmartWatches,$60.01,$84.02,29%,"【1.78"" AMOLED display】500nit peak brightness & 368*448 resolution with 326 PPI. The display content of the screen can be clearly seen even under strong sunlight.|【60 Hz Refresh Rate】Fast & Smooth Experience with 60Hz smoothest smart watch refresh rate & minimalist round 2.5D. Reduces motion blur and makes action feel smoother, can make the picture appear sharper, and can make smartwatches feel more responsive and speedy.|【N Health App Integration】: Download this mobile application on your smartphone & connect with your Nord Smartwatch. You can easily check insights of your health stats. 【105 fitness modes with 2 automatically detect modes】Choose your own exercise mode from a long list including Yoga, Meditation, Cricket & various others.|【Enhanced Battery Life】Long-lasting 30 days standby time with 10 days of battery life. Call & message notification and Music & camera control. 【IP68 waterproof & dust resistant】 【Metal watch case】with OnePlus watch Sporty strap – Fashionable smartwatch|【One Tap Measurement】Smart health monitoring technology – SpO2 Blood Oxygen, 24 hour heart-rate, Sleep tracking, All day stress tracking and many more. 【Women health tracking】- Tracking menstrual cycles digitally for early prediction of periods.  【Bluetooth 5.2 】- Helps highly reduce the power consumption of the watch and brings better stable and fast transmission Android & IOS compatible ( Android 6.0 & IOS 11.0 and above).",https://m.media-amazon.com/images/I/31OgHTags6L._SX300_SY300_QL70_ML2_.jpg,"{""main_cat"": ""Electronics"", ""sub_cat1"": ""WearableTechnology"", ""sub_cat2"": ""SmartWatches""}"
"Noise Agile 2 Buzz Bluetooth Calling Smart Watch with 1.28"" TFT Display,Dual Button,in-Built Mic & Speaker,AI Voice Assistant, Health Suite,in-Built Games, 100 Watch Faces-(Jet Black)",Electronics|WearableTechnology|SmartWatches,$30.00,$72.02,58%,"1.28” display: Get an immersive on-screen experience with the clearest visuals upon every glance.|Bluetooth calling: Manage all your calls directly from your wrist. You can even access your dial pad and set favourite contacts.|AI voice assistant: Get things done with the convenience of your voice.|Noise Health SuiteTM: Take better care of your daily health with a series of health monitoring tools – Blood oxygen monitor, Sleep monitor, 24x7 heart rate monitor, Activity record & Breathe.|NoiseFit Track app: Make the most out of your smartwatch by pairing it to the NoiseFit Track app.|60 sports modes: Indulge in the routine of your preference with several sports modes to choose from.|Up to 7-day battery: Stay powered up for an entire week with up to 7 days of battery life.",https://m.media-amazon.com/images/I/41DgrxyBPTL._SX300_SY300_QL70_ML2_.jpg,"{""main_cat"": ""Electronics"", ""sub_cat1"": ""WearableTechnology"", ""sub_cat2"": ""SmartWatches""}"
"Motorola a10 Dual Sim keypad Mobile with 1750 mAh Battery, Expandable Storage Upto 32GB, Wireless FM with Recording - Dark Blue",Electronics|Mobiles&Accessories|Smartphones&BasicMobiles|BasicMobiles,$16.79,$19.57,14%,"Ensured Power packed performance with Mediatek processor expandable memory upto 32 GB|Dual Sim with big 1750mAh battery gives you twice the power of other phones|Get 2 Years replacement warranty on motorola a10 keypad mobile|Modern, sturdy and Stylish Looks which you would love to flaunt|Entertain yourself with wireless FM with recording feature|Experience loud and crystal clear sound|Easily increase text size as per your convenience",https://m.media-amazon.com/images/I/412DrCgktiL._SX300_SY300_QL70_ML2_.jpg,"{""main_cat"": ""Electronics"", ""sub_cat1"": ""Mobiles&Accessories"", ""sub_cat2"": ""Smartphones&BasicMobiles"", ""sub_cat3"": ""BasicMobiles""}"
"Fire-Boltt Ninja 3 Smartwatch Full Touch 1.69 "" & 60 Sports Modes with IP68, Sp02 Tracking, Over 100 Cloud based watch faces ( Silver )",Electronics|WearableTechnology|SmartWatches,$18.00,$120.04,85%,"Fire-Boltt is India' No 1 Wearable Watch Brand Q122 by IDC Worldwide quarterly wearable device tracker Q122.【1.69” HD Large Touch Screen】- Fire-Boltt Ninja 3 comes with a 1.69” HD Full Touch Display for smooth swipes and clear vision;【SPO2/ Oxygen, Heart Rate】 - Fire-Boltt Ninja 3 Smartwatch comes with real time 24*7 SPO2 / Blood Oxygen tracking, Dynamic Heart Rate Monitoring (If a patient is suffering from Covid 19 please use a medical device prescribed by the Doctor)|【60 workout modes】- This smartwatch consists of 60 sports mode to track. Keep a track of all your activities and compare history to analyse your performance. Count steps, distance, and calories burned.;【IP68 Water Resistant】- This smartwatch can withstand dust, spills, raindrops and is sweatproof too|【POWERFUL BATTERY】 - About 7 days battery life and a Standby Time of 25 Days 【Multiple Watch Faces】- Unlimited Customized Built in Watch Faces and also multiple watch faces through the app;【Stay Social Stay Updated】 – Inbuilt Social Media Notifications.|【All In One Smart Coach】 - Track your Daily Steps, Sleep, Fitness, Sports, Heart Rate and SPO2 【Enjoy Music And Camera Control】 【IP68 Water Resistant】- This smartwatch can withstand dust, spills, raindrops and is sweatproof too;Clasp type: Tang Buckle; water_resistance_level: water_resistant|Band Color: Silver; Included Components: 1 Smartwatch, 1 Manual, 1 Magnetic Charger, 1 Warranty Card; Band Material Type: Silicone; Case Material Type: Plastic; Connectivity Technology: Bluetooth; Human Interface Input: Touch Screenbuttons; Item Type Name: Smart Watch; Compatible Devices: Smartphonetablet; Color Name: Silver",https://m.media-amazon.com/images/I/41-IPkI1Y5L._SX300_SY300_QL70_ML2_.jpg,"{""main_cat"": ""Electronics"", ""sub_cat1"": ""WearableTechnology"", ""sub_cat2"": ""SmartWatches""}"
"Flix (Beetel) Bolt 2.4 12W Dual USB Smart Charger, Made in India, Bis Certified, Fast Charging Power Adaptor with 1 Meter USB to Type C Cable for Cellular Phones (White)(Xwc-64D)",Electronics|Mobiles&Accessories|MobileAccessories|Chargers|WallChargers,$2.99,$7.19,58%,"With The Intelligent Chip Inside, Dual Usb Wall Charger Matches The Current As Your Device'S Need Automatically. Over-Current, Over-Voltage And Short-Circuit Protection Also Effectively Protect Your Smartphones From Damage|Internal Protection Mechanisms Offers Multiple Protection Against Short-Circuit, Over-Temperature, Over-Current, Over-Voltage And More|Robust Textured Casing And Premium Internal Components Ensure Perfect Performance|Usb Charger With Dual Ports Allow You To Charge 2 Devices At The Same Time With The Total Output Of 2.4A Current.|Power Source Type: Corded Electric",https://m.media-amazon.com/images/I/31efS1bi1vL._SX300_SY300_QL70_ML2_.jpg,"{""main_cat"": ""Electronics"", ""sub_cat1"": ""Mobiles&Accessories"", ""sub_cat2"": ""MobileAccessories"", ""sub_cat3"": ""Chargers"", ""sub_cat4"": ""WallChargers""}"
Kyosei Advanced Tempered Glass Compatible with Google Pixel 6a with Military-Grade Anti-Explosion Edge-to-Edge Coverage Screen Protector Guard,"Electronics|Mobiles&Accessories|MobileAccessories|Maintenance,Upkeep&Repairs|ScreenProtectors",$3.59,$14.39,75%,"Kyosei Provide perfect fit, high quality materials and craftmanship|Anti-Shatter: If broken, the glass will break into small parts but stay in one piece, making it safer for glass screen of your phone.|Precise laser cut tempered glass made with polished,Base Material from Japan Asahi Glass Factory and Nippa Glue",https://m.media-amazon.com/images/I/318wXJER9zL._SX300_SY300_QL70_ML2_.jpg,"{""main_cat"": ""Electronics"", ""sub_cat1"": ""Mobiles&Accessories"", ""sub_cat2"": ""MobileAccessories"", ""sub_cat3"": ""Maintenance,Upkeep&Repairs"", ""sub_cat4"": ""ScreenProtectors""}"
"STRIFF 12 Pieces Highly Flexible Silicone Micro USB Protector, Mouse Cable Protector, Suit for All Cell Phones, Computers and Chargers (Black)",Electronics|Mobiles&Accessories|MobileAccessories|Décor,$0.95,$5.99,84%,"AUDIO BOOST which rewards your ears with studio grade sound quality for the most immersive gaming experience|Pre-installed I/O Shielding provides better EMI protection and more convenience for installation|On-board Wi-Fi 6 (802.11ax) with MU-MIMO support which provides a great networking performance and online gaming experience|With 3rd Gen Ryzen processors, this motherboard featurs the latest Lightning Gen 4 solution on both PCI-E and M.2 slot, which allow for faster data transfer on graphics cards, storage devices and networking devices|Enhanced Thermal Solution includes extended heatsink, 7W/mK level thermal & choke pad with 2oz thickened copper PCB to ensure best performance for gamers",https://m.media-amazon.com/images/I/41R0DrIbTNL._SX300_SY300_QL70_ML2_.jpg,"{""main_cat"": ""Electronics"", ""sub_cat1"": ""Mobiles&Accessories"", ""sub_cat2"": ""MobileAccessories"", ""sub_cat3"": ""D\u00e9cor""}"
"Redmi 11 Prime 5G (Thunder Black, 4GB RAM, 64GB Storage) | Prime Design | MTK Dimensity 700 | 50 MP Dual Cam | 5000mAh | 7 Band 5G",Electronics|Mobiles&Accessories|Smartphones&BasicMobiles|Smartphones,$168.06,$192.06,13%,"Processor: MediaTek Dimensity 700 with 5G, 7nm Octa-core processor; Up to 2.2GHz|Display: 90Hz FHD+(1080x2400) AdaptiveSync Display; 16.71centimeters; 20:9 aspect ratio|Camera: 50MP AI Dual camera | 8MP Front camera|Memory, Storage & SIM: 4GB RAM | 64GB UFS 2.2 storage expandable up to 512GB with dedicated SD card slot | Dual SIM (nano+nano) dual standby (5G+5G)|Battery: 5000 mAh large battery with 18W fast charging support and 22.5W fast charger in-box with Type-C connectivity",https://m.media-amazon.com/images/I/412VyMavsJL._SX300_SY300_QL70_ML2_.jpg,"{""main_cat"": ""Electronics"", ""sub_cat1"": ""Mobiles&Accessories"", ""sub_cat2"": ""Smartphones&BasicMobiles"", ""sub_cat3"": ""Smartphones""}"
"Samsung Original EHS64 Wired in Ear Earphones with Mic, Black","Electronics|Headphones,Earbuds&Accessories|Headphones|In-Ear",$11.39,$11.99,5%,In Ear Volume Control. Water Resistant: Yes|Design: Canal phone|Headphone Jack: 3.5mm|6 months warranty,https://m.media-amazon.com/images/I/31+GLbqRPtL._SY300_SX300_.jpg,"{""main_cat"": ""Electronics"", ""sub_cat1"": ""Headphones,Earbuds&Accessories"", ""sub_cat2"": ""Headphones"", ""sub_cat3"": ""In-Ear""}"
"STRIFF Multi Angle Tablet/Mobile Stand. Holder for iPhone, Android, Samsung, OnePlus, Xiaomi. Portable,Foldable Stand.Perfect for Bed,Office, Home,Gift and Desktop (Black)",Electronics|Mobiles&Accessories|MobileAccessories|Stands,$1.19,$5.99,80%,"[PORTABLE SIZE]- 98mm*86mm, STRIFF desk phone stand is foldable and easy to slip into your pocket suitable for bed,table and home|[MULTI ANGLE ADJUSTABLE] - Directly adjust to your preferred angle among 10 different viewing angles, from 0° to 100°.Hold your smartphone or mini tablet in portrait or landscape mode safe|[PREMIUM MATERIAL] - Superior ABS and rubber pads on the bottom to protect the stand from sliding and durable in usage|[USEFUL DESKTOP CELL PHONE STAND] - Hold your smartphone or mini tablet at a comfortable angle, ideal for watching video, reading, video recording or simply browsing the web, playing games, facetime and other handsfree operation at home, office and travel|[UNIVERSAL COMPATIBILITY] - Works with all 4- 7.9 Inch smartphones, mini tablets and e-readers including iPhone X 8 8 Plus 7 7Plus 6S 6S Plus 6Plus 5 iPad mini, Google Pixel Pixel 2 Pixel XL, Nexus 5X 6P 4 5 7, LG G2 G3 G4 G5 G6 V10 V20 V30 K10 K20, Samsung Galaxy S9 S9+ S8 S8 Plus S7 Edge S6 S5 S4 J7 J3 Galaxy Note 8, HTC, Moto, Nokia, Huawei android phones and more|0|0",https://m.media-amazon.com/images/I/31xJT-3ZAkL._SX300_SY300_QL70_ML2_.jpg,"{""main_cat"": ""Electronics"", ""sub_cat1"": ""Mobiles&Accessories"", ""sub_cat2"": ""MobileAccessories"", ""sub_cat3"": ""Stands""}"
"boAt Newly Launched Wave Electra with 1.81"" HD Display, Smart Calling Ultra-Seamless BT Calling Chip, 20 Built-in Watch Faces, 100 + Sports Modes, Menu Personalization, in-Built Games(Cherry Blossom)",Electronics|WearableTechnology|SmartWatches,$30.00,$95.92,69%,"Screen Size- Big and Bold meets Bright and Sharp with a 1.81” HD Display. Backed with 2.5D curved display, 550 nits brightness & its seamless edge design, it makes it the ideal metal body you want strapped on your wrist.|Seamless BT Calling- Calling made convenient with just a tap on Wave Electra. Dial and receive calls anytime, anywhere and save up to 50 contacts.|20 inbuilt Watch Faces- Be Spoilt for choice, with 20+ inbuilt watch faces. Find the one that matches your vibe with over 100+ on the cloud.|Sports Modes- Switch up your fitness and sports routines with 100+ Sports modes to choose from. Cricket, Football, Judo, Skipping, Rock Climbing, Dance, Hockey, Basketball, Volley ball and a lot more to choose from!|Personalization- Add a touch of personalisation to your watch with 2 menu style options to choose from. Easily navigate through the watch and keep all your go-to features just a swipe away by adding or deleting feature pages on the home screen.|Inbuilt Games- Get your fun on! Make and beat your high scores with 2 games - Whack-A-Mole and 2048.|HR, SpO2 & Breath- Wave electra smart watch keeps a tab on your HR and SpO2 levels and provides breath training to keep stress in check.IP Rating- This smart watch is has IP68 rating making it dust, sweat and splash resistant.",https://m.media-amazon.com/images/I/41LDspRanIL._SX300_SY300_QL70_ML2_.jpg,"{""main_cat"": ""Electronics"", ""sub_cat1"": ""WearableTechnology"", ""sub_cat2"": ""SmartWatches""}"
"WeCool B1 Mobile Holder for Bikes or Bike Mobile Holder for Maps and GPS Navigation, one Click Locking, Firm Gripping, Anti Shake and Stable Cradle Clamp with 360° Rotation Bicycle Phone Mount",Electronics|Mobiles&Accessories|MobileAccessories|Mounts|HandlebarMounts,$8.27,$24.00,66%,Mobile Holder for Bike is an innovative solution for mounting your phone on the Handlebar. With just one click you can lock or Unlock the phone. One Button Technology. Unlike the other ways which takes long time to mount or which damages your phones|Mobile Holder for Cycle : You can Rotate your Phone 360 Degree and maximized your Flexibility and convenience of Viewing the Screen. Tilt the phone to the angle that is clear to your vision.|Mobile Stand for Bike is Stable and Safe : Soft Padded Anti Slip Silicon Gripper ensures your Phone is Fixed without Scratches and will not Fall down.The Mobile Holder is designed to reduce the Vibration and prevent Phone from scratching.|Mobile Stand is Easy to mount and you can do it Yourself. DIY. No need of any Tool to attach the Mobile holder to the HandleBar.|The Mobile mount for Bike is designed to provide Full Access to your Phone Screen. Adjust the foot Support to ensure that Power / Volume buttons are not interrupted while holding the phone.|Bike Mobile Stand that can hold the smartphones with screen size from 3.5 Inches to 6.5 Inches. Universal Mobile holder that fits all phones,https://m.media-amazon.com/images/I/31LVAoe3VNL._SX300_SY300_QL70_ML2_.jpg,"{""main_cat"": ""Electronics"", ""sub_cat1"": ""Mobiles&Accessories"", ""sub_cat2"": ""MobileAccessories"", ""sub_cat3"": ""Mounts"", ""sub_cat4"": ""HandlebarMounts""}"
"Sounce 360 Adjustable Mobile Phone Holder, Universal Phone Holder Clip Lazy Bracket Flexible Gooseneck Clamp Long Arms Mount for Mobile Tabletop Stand for Bedroom, Office, Bathroom, White",Electronics|Mobiles&Accessories|MobileAccessories|Mounts|Bedstand&DeskMounts,$5.99,$22.80,74%,"【PERFECT FOR ANY PLACES】: Perfect for watching movies & enjoying music in the bedroom, cooking in the kitchen, exercising in the gym and working in the office. Fine details and craftsmanship, make life easier. Lazy bracket for you, free your hands.|【HEAVY DUTY & STURDY HOLDER】: Large Base for Stable Mounting without Vibrations, tight and bendy arm, secures your smart phone, iPad or tablet and other electronic devices tightly to prevent the unit from falling or moving around.|【360 º ROTATION】: Designed with flexible long arms clamp, working at 360-degrees, making holder adjustable to view your device at any angle.|【COMPATIBILITY】: This ergonomic gooseneck tablet holder, compatible with all 4. 7 - 10. 5 inch cell Phones and tablets, such as iPad mini 2 3 4, iPad Pro 9. 7 10. 5, iPad 9. 7 2018/ 2017, 2018 new iPad Pro 11, iPad Air, iPad Air 2, iPad Air 4, Galaxy Tab a 10. 1 10. 5 9. 7 8, Galaxy Tab s 8 9. 7, Galaxy Tab E 9. 6, Switch.|【QUALITY GUARANTEE】: If there is any quality problem of the product itself, do not hesitate to contact us immediately. We will solve the issue to your satisfaction. Customer service is our business philosophy.",https://m.media-amazon.com/images/I/41bFp+Wev+L._SY300_SX300_.jpg,"{""main_cat"": ""Electronics"", ""sub_cat1"": ""Mobiles&Accessories"", ""sub_cat2"": ""MobileAccessories"", ""sub_cat3"": ""Mounts"", ""sub_cat4"": ""Bedstand&DeskMounts""}"
OpenTech® Military-Grade Tempered Glass Screen Protector Compatible for iPhone 13/13 Pro / 14 with Edge to Edge Coverage and Easy Installation kit (6.1 Inches),"Electronics|Mobiles&Accessories|MobileAccessories|Maintenance,Upkeep&Repairs|ScreenProtectors",$3.59,$11.99,70%,"TopDeals Mobile Accessories: It is 100% brand new tempered glass for iPhone 13 / 13 Pro / 14 (6.1 Inches) which is specially designed for edge to edge protection.|Real Experience: This iPhone 13 tempered glass is designed to provide the smooth experience with 99.9% transparency to allow you to feel a natural viewing experience.|Best Quality: This iPhone 13 pro tempered glass is ultra-thin (0.33 mm thickness) which is made by precise laser cut, exquisitely polished, good rounded edges and compatible for 3D touch. This iPhone 14 tempered glass promises full compatibility with touchscreen sensitivity and HD Clarity which retains the experience of the original glass. This iPhone 13 screen guard contains hydrophobic oleophobic screen coating which protects against sweat, oil and water.|Scratch proof: This iPhone 13 pro screen guard provides the 9H Hardness screen protector can effectively protect your phone from unwanted scuffs and scratches by knife, keys and some other hard substances. The surface of the iPhone 14 screen protector has a strong hardness and 9H tempered glass protects the entire front display. Don't get scratches even if scratched with keys in your pocket.|Compatible Device: iPhone 13 / 13 Pro / 14 (6.1 Inches) Easy Installation: This iPhone 13 edge to edge tempered glass is bubble free adhesive and easy to install. You can follow installation guidelines which printed on OpenTech box. Box Includes: iPhone 13 Pro gorilla tempered glass, Wet wipe, Microfiber screen cleaning cloth, Dust absorber sticker and OpenTech box with installation guidelines.",https://m.media-amazon.com/images/I/51WJbMPuROL._SX300_SY300_QL70_ML2_.jpg,"{""main_cat"": ""Electronics"", ""sub_cat1"": ""Mobiles&Accessories"", ""sub_cat2"": ""MobileAccessories"", ""sub_cat3"": ""Maintenance,Upkeep&Repairs"", ""sub_cat4"": ""ScreenProtectors""}"
"EN LIGNE Adjustable Cell Phone Stand, Foldable Portable Phone Stand Phone Holder for Desk, Desktop Tablet Stand Compatible with Mobile Phone/iPad/Tablet (Black)",Electronics|Mobiles&Accessories|MobileAccessories|Stands,$2.51,$5.99,58%,"This adjustable cell phone stand for desk is widely used in all mobile phones and tablets below 15 inches. The stand is compatible with iPhone, Samsung Galaxy, Huawei, LG, Sony, Xiaomi,VIVO,OPPO,nexus and all types of smart phones including case.|The desktop mobile phone bracket can be folded, and the folding mobile phone bracket takes up almost no space when storing, so it is easy to carry in the pocket or bag. You can use the mobile phone bracket at any time, which is a great partner for watching YouTube videos or FaceTime calls. Perfect choice for home, travel or business. With it, your life will be easier and more convenient.|This desktop adjustable mobile phone bracket is ergonomically designed. The height and angle can be adjusted to meet your different viewing needs. This mobile phone bracket riser provides you with a comfortable view, which helps to hold your posture and reduce pressure on your neck and back. You can enjoy your games, videos and face-to-face time hands free.|The Mobile Holder Is A Handy Tool For Your Kitchen Routine As Well. You Can Use A Holder To Fasten Your Mobile Phone To Watch A Video On Youtube, The Premier Of Your Favourite Actor's New Release, Or A Recipe For The Subtle Savour Of A New Cuisine While Scouring The Pots And Pans. Aren't You Saving Up On Time And Preventing Your Smartphone From Getting Wet",https://m.media-amazon.com/images/I/416n3nd4MhL._SY300_SX300_QL70_ML2_.jpg,"{""main_cat"": ""Electronics"", ""sub_cat1"": ""Mobiles&Accessories"", ""sub_cat2"": ""MobileAccessories"", ""sub_cat3"": ""Stands""}"
"Tecno Spark 8T (Turquoise Cyan, 4GB RAM,64GB Storage) | 50MP AI Camera | 7GB Expandable RAM",Electronics|Mobiles&Accessories|Smartphones&BasicMobiles|Smartphones,$102.03,$156.05,35%,"50MP High Resolution Camera for Extra Clarity with F1.6 Large Aperture | 8MP Front Cam with Dual Front Flash | No support for Africa's frequency bands|6.6""FHD+Segment leading display with 91.3% screen to body ratio|New metal coding design-Bold, appealing and youth centric|5000mAh powerful battery with ultra power saving mode|Helio G35 Gaming Processor for robust usage",https://m.media-amazon.com/images/I/41KVdXIcg0L._SX300_SY300_QL70_ML2_.jpg,"{""main_cat"": ""Electronics"", ""sub_cat1"": ""Mobiles&Accessories"", ""sub_cat2"": ""Smartphones&BasicMobiles"", ""sub_cat3"": ""Smartphones""}"
"URBN 20000 mAh Lithium_Polymer 22.5W Super Fast Charging Ultra Compact Power Bank with Quick Charge & Power Delivery, Type C Input/Output, Made in India, Type C Cable Included (Camo)",Electronics|Mobiles&Accessories|MobileAccessories|Chargers|PowerBanks,$26.16,$48.01,46%,"Proudly Made In India|It will charge a 3000mAh phone battery up to 4.7 times & It will charge a 4000mAh phone battery up to 3.5 times|Input - Micro & Type-C Port. Charges in 5 hours (Powered by 22.5W Adapter) and 10-12 hours (Powered by 2 Amp 5V Adapter)|Compact body along with smooth touch finish gives the Power Bank its premium look, weighs only 339 grams|For 22.5W Super Fast Charging the gadget and the cable needs to support 22.5W QC or PD.",https://m.media-amazon.com/images/I/312X0wyfvmL._SX300_SY300_QL70_ML2_.jpg,"{""main_cat"": ""Electronics"", ""sub_cat1"": ""Mobiles&Accessories"", ""sub_cat2"": ""MobileAccessories"", ""sub_cat3"": ""Chargers"", ""sub_cat4"": ""PowerBanks""}"
"Redmi Note 11T 5G (Stardust White, 6GB RAM, 128GB ROM)| Dimensity 810 5G | 33W Pro Fast Charging | Charger Included | Additional Exchange Offers|Get 2 Months of YouTube Premium Free!",Electronics|Mobiles&Accessories|Smartphones&BasicMobiles|Smartphones,$204.07,$252.09,19%,"Processor: MediaTek Dimensity 810 Octa-core 5G processor based on 6nm process with HyperEngine 2.0 and clock speed up to 2.4GHz;|Display: 6.6 inch FHD+ (2400x1080) Dot display with 90Hz high refresh rate and adaptive refresh rate technology; 240Hz touch sampling rate;|Camera: 50MP High resolution primary camera f/1.8 with 8MP Ultra-wide sensor| 16 MP Front camera|Battery: 5000mAh battery with 33W Pro fast charging support|Memory, Storage : 6GB LPDDR4X RAM | 128GB UFS2.2 Internal storage|Connector type: usb type c|Headphones jack:3.5 mm,Display type:LCD, Operating system:MIUI 12.5 based on Android 11",https://m.media-amazon.com/images/I/41sJ50FH9OL._SX300_SY300_QL70_ML2_.jpg,"{""main_cat"": ""Electronics"", ""sub_cat1"": ""Mobiles&Accessories"", ""sub_cat2"": ""Smartphones&BasicMobiles"", ""sub_cat3"": ""Smartphones""}"
"OnePlus 10T 5G (Moonstone Black, 8GB RAM, 128GB Storage)",Electronics|Mobiles&Accessories|Smartphones&BasicMobiles|Smartphones,$540.20,$600.23,10%,"Camera: 50MP Main Camera with Sony IMX766 and OIS, 8MP Ultrawide Camera with 120 degree FOV and 2MP macro lens with LED Flash; 16MP Front (Selfie) Camera with EIS support|Camera Features: Nightscape Mode, Ultra HDR, Smart Scene Recognition, Portrait Mode, Pro Mode, Panorama, Tilt-Shift mode, Long Exposure, Dual-View Video, Retouch, Movie Mode, Cat/Dog Face Focus, Video Nightscape, Video HDR, Video Portrait, Focus Tracking, Timelapse, Macro mode|Display: 6.7 Inches; 120 Hz Fluid AMOLED Display with Corning Gorilla Glass; Resolution: 2412 X 1080 pixels; HDR 10+, sRGB, Display P3, 10-bit Color Depth|Display Features: Image Sharpener, Video Color Enhancer, Screen Color Mode, Auto Brightness, Manual Brightness, Screen Color Mode, Bright HDR Video mode, Dark Mode, Screen Color Pro Mode|Operating System: OxygenOS based on Android 12|Processor: Snapdragon 8+ Gen 1 Mobile Platform|Battery & Charging: 4800 mAh with 150W SuperVOOC|In-Display Fingerprint Sensor",https://m.media-amazon.com/images/I/413c3ZnFLxL._SX300_SY300_QL70_ML2_.jpg,"{""main_cat"": ""Electronics"", ""sub_cat1"": ""Mobiles&Accessories"", ""sub_cat2"": ""Smartphones&BasicMobiles"", ""sub_cat3"": ""Smartphones""}"
Nokia 150 (2020) (Cyan),Electronics|Mobiles&Accessories|Smartphones&BasicMobiles|BasicMobiles,$31.20,$36.00,13%,"MicroSD card slot expandable up to 32. Network bands GSM 900/1800|Rear camera with fla|Talk time up to 19.4 hours, standby time up to 23.4 days Country of Origin: India 1 year manufacturer warranty for device and 6 months manufacturer warranty for in-box accessories including batteries from the date of purchase|6.09 cm (2.4-inch) display, ergonomic design with large button|3.5 mm headphone jack, wireless FM radio, MP3 player, Bluetoo",https://m.media-amazon.com/images/I/41fMEQ-GoHL._SX300_SY300_QL70_ML2_.jpg,"{""main_cat"": ""Electronics"", ""sub_cat1"": ""Mobiles&Accessories"", ""sub_cat2"": ""Smartphones&BasicMobiles"", ""sub_cat3"": ""BasicMobiles""}"
"Noise ColorFit Ultra SE Smart Watch with 1.75""(4.3cm) HD Display, Aluminium Alloy Body, 60 Sports Modes, Spo2, Lightweight, Stock Market Info, Calls & SMS Reply (Vintage Brown)",Electronics|WearableTechnology|SmartWatches,$33.60,$78.02,57%,"1.75” TruViewTM display : See the clear, bigger picture on the 1.75’’ touch screen with 320*385 pixels Crafted from Grade 6061 aluminium, ColorFit Ultra can withstand daily rough use with ease.Strap Size & Material : 22mm & Silicone|Personal health assistant & NoiseFit App : Take care of your health with features like blood oxygen (SpO2), heart rate, stress, REM & sleep monitors. Know more about your health, stay connected with the world and more via the dedicated NoiseFit app.|60 sports modes & 100+ watch faces: With 60 sports modes, you are spoilt for choices; just pick and play your sport. Change your look as per your preference with 100+ customisable and cloud-based watch faces (and straps).|9-day battery & IP68 Waterproof : The powerful 9-day battery stays with you through your everyday hustle. ColorFit Ultra is ready to go with you everywhere, thanks to IP68 waterproof rating.; Productivity features : With smart utility features like call notification, quick reply SMS, world clock, stock market info, torch and more, you will be on top of your game. Charging Time : Upto 2 hours|Item Type Name: Smartwatch",https://m.media-amazon.com/images/I/41AGCk95dpL._SX300_SY300_QL70_ML2_.jpg,"{""main_cat"": ""Electronics"", ""sub_cat1"": ""WearableTechnology"", ""sub_cat2"": ""SmartWatches""}"
boAt Rockerz 400 Bluetooth On Ear Headphones With Mic With Upto 8 Hours Playback & Soft Padded Ear Cushions(Grey/Green),"Electronics|Headphones,Earbuds&Accessories|Headphones|On-Ear",$16.79,$35.89,53%,With 40mm Drivers get ready to immerse in HD auditory experience with super extra bass to get the day going. Inline Remote : No|Plug into your rhythm with style via the wireless Bluetooth headset and carry the vibe wherever you go|Stay immersed into Nirvana for extended durations with a playtime of up to 8 hours|Its lightweight and ergonomic design offers the comfort and ease while you listen to your favourite artists and have fun|The easy access integrated controls with built-in mic offers a smooth user experience and hands-free communication on the go|Stay connected to your sound via not one but two modes: Bluetooth as well as AUX|1 year warranty from the date of purchase.,https://m.media-amazon.com/images/I/41zejggGzLL._SX300_SY300_QL70_ML2_.jpg,"{""main_cat"": ""Electronics"", ""sub_cat1"": ""Headphones,Earbuds&Accessories"", ""sub_cat2"": ""Headphones"", ""sub_cat3"": ""On-Ear""}"
"SanDisk Ultra microSD UHS-I Card 64GB, 120MB/s R",Electronics|Accessories|MemoryCards|MicroSD,$7.79,$28.81,73%,"Ideal for Android smartphones and tablets, and MIL cameras|Up to 1TB to store even more hours of Full HD video|Up to 120MB/s transfer speeds let you move up to 1000 photos in a minute [32GB-1TB]|Load apps faster with A1-rated performance|Class 10 for Full HD video recording and playback",https://m.media-amazon.com/images/I/41ML8ZbPiiL._SY300_SX300_QL70_ML2_.jpg,"{""main_cat"": ""Electronics"", ""sub_cat1"": ""Accessories"", ""sub_cat2"": ""MemoryCards"", ""sub_cat3"": ""MicroSD""}"
"iPhone Original 20W C Type Fast PD Charger Compatible with I-Phone13/13 mini/13pro/13 pro Max I-Phone 12/12 Pro/12mini/12 Pro Max, I-Phone11/11 Pro/11 Pro Max 2020 (Only Adapter)",Electronics|Mobiles&Accessories|MobileAccessories|Chargers|WallChargers,$9.59,$47.90,80%,"✅ 20W Fast Charger with Cable: Fast Charger equipped with 20W PD 3.0 USB Type C power delivery with cable, PD 3.0 Quick-Charge USB C port provides Max 20W output power, charge your device up to 3x.|✅ Wide Compatibility: Fast charger for iPhone 13 / 13 Mini / 13 Pro / 13 Pro Max / 12 / 12 Mini / 12 Pro / 12 Pro Max, iPhone SE, iPhone 11 / 11 Pro / 11 Pro Max, iPhone XS / XS Max / XR / X, iPad Pro 12.9 / 11 / iPad Air 3 / iPad Mini(2019).|✅ Safety Protection: The charger shell is made of high quality ABS material, heat resistance and low temperature resistance, chemical resistance and excellent electrical properties. The Charger Internal High Quality Chips Protect Your Devices from overHeating, Short-circuiting and over Charging.|✅ Compact & Lightweight: Extremely compact size & travel-friendly design fits into your pocket or bag easily without occupying too much space and ensures incredible portability wherever you go. Handy for home, office, and vacations.|✅Sales Package: 1 x 20w C-Type Adapter, 1 x C to Lightning Cable (1 Meter)",https://m.media-amazon.com/images/I/21rFBH5Lf2L._SX300_SY300_QL70_ML2_.jpg,"{""main_cat"": ""Electronics"", ""sub_cat1"": ""Mobiles&Accessories"", ""sub_cat2"": ""MobileAccessories"", ""sub_cat3"": ""Chargers"", ""sub_cat4"": ""WallChargers""}"
"Nokia 8210 4G Volte keypad Phone with Dual SIM, Big Display, inbuilt MP3 Player & Wireless FM Radio | Blue",Electronics|Mobiles&Accessories|Smartphones&BasicMobiles|BasicMobiles,$45.61,$63.61,28%,"The classic Nokia 8210 redesigned & redefined in this bold new look|Big 2.8"" display with zoom UI and an easy-to-use interface|4G connectivity for crystal-clear voice with dual VoLTE|Hours of talktime and weeks of standby time Pre-loaded games including the classic keypad mobile phone game - Snake|Enjoy all-new wireless FM radio Listen to music on the MP3 Player and save your favourite songs on the built in memory card slot|Customer care number: 18001028169 for product related issues",https://m.media-amazon.com/images/I/41tRgeQp9-L._SX300_SY300_QL70_ML2_.jpg,"{""main_cat"": ""Electronics"", ""sub_cat1"": ""Mobiles&Accessories"", ""sub_cat2"": ""Smartphones&BasicMobiles"", ""sub_cat3"": ""BasicMobiles""}"
Sounce Protective Case Cover Compatible Boat Xtend Overall Protective Case TPU HD Clear Ultra-Thin Cover with Unbreakable Screen Guard,Electronics|Mobiles&Accessories|MobileAccessories|Cases&Covers|BasicCases,$2.39,$22.80,90%,"COMPATIBLE: Compatible with boAt Xtend. Ultra-thin PC protective case with screen protector allows quick and easy installation, a perfect fit for your watch.|MATERIAL: Durable TPU material cover the screen and edges. The full cover protects your boAt Xtend & Noise ColorFit Pulse Grand prevents scratches and wear.|DESIGN: Smart design allows access to all controls, buttons, sensors, and boAt watch features. Charge directly, don't need to take off the watch case.|SCREEN PROTECTOR: The TPU material screen protector can be repeatedly wiped with a glasses cloth, to ensure the clarity of the screen without affecting repeated use.|SERVICE: Sounce offers a 12-month quality service. Package Included: Watch Case with Screen Protector Cases Only,boAt Xtend, and Watch Band are not included!)",https://m.media-amazon.com/images/I/4155YhLwDiL._SX300_SY300_QL70_ML2_.jpg,"{""main_cat"": ""Electronics"", ""sub_cat1"": ""Mobiles&Accessories"", ""sub_cat2"": ""MobileAccessories"", ""sub_cat3"": ""Cases&Covers"", ""sub_cat4"": ""BasicCases""}"
"Samsung Galaxy M53 5G (Deep Ocean Blue, 6GB, 128GB Storage) | 108MP | sAmoled+ 120Hz | 12GB RAM with RAM Plus | Travel Adapter to be Purchased Separately",Electronics|Mobiles&Accessories|Smartphones&BasicMobiles|Smartphones,$288.10,$396.15,27%,"Segment Best 108MP Quad Camera Setup, with exciting features like Single Take, Object Eraser, and Photo Remaster|6.7-inch Super AMOLED Plus Display, FHD+ resolution, 1080x2400 pixels with 120Hz Refresh Rate|MTK D900 Octa Core 2.4GHz 6nm Processor with 4x4 Mimo Band support for a HyperFast 5G experience|Massive 5000 mAh Battery | Memory, Storage & SIM: 6GB RAM | RAM Plus upto 6GB |128GB internal memory expandable up to 1TB|Latest Android v12.0, One UI 4 operating system",https://m.media-amazon.com/images/I/418vxJS4AML._SX300_SY300_QL70_ML2_.jpg,"{""main_cat"": ""Electronics"", ""sub_cat1"": ""Mobiles&Accessories"", ""sub_cat2"": ""Smartphones&BasicMobiles"", ""sub_cat3"": ""Smartphones""}"
"iQOO 9 SE 5G (Sunset Sierra, 8GB RAM, 128GB Storage) | Qualcomm Snapdragon 888 | 66W Flash Charge",Electronics|Mobiles&Accessories|Smartphones&BasicMobiles|Smartphones,$360.02,$480.07,25%,"Qualcomm Snapdragon 888 5G Mobile Platform is based on a new 5 nm process and a Kryo680 architecture, Compared with Snapdragon 870, the CPU performance improves by 25%, GPU performance by 35%. Along with Enhanced LPDDR 5 & Enhanced UFS 3.1 (V6).|4500mAh battery with a 66W flash charger comes as standard, supporting FlashCharge technology. It charges 50% battery in just 14 minutes and 100% battery in just 39 minutes|Intelligent Display Chip is able to increase the frame rate and optimize colors so that every player can enjoy high FPS and rich colors at hand to be fully immersed in the gaming experience.|48MP OIS Triple Rear Camera, gives super clear pictures which retain the same clarity when they are enlarged. OIS ensures good performance while taking photos at night or capturing movements. 13MP wide-angle camera supports 120° ultrawide shots (108° after distortion correction) and macro shots with the minimum focal length of 2.5 cm.|120Hz AMOLED Display lets you enjoy a seamless and smooth screen experience & is equipped with features like 1300nits Peak Brightness, HDR10+, SGS Eye Care Display Certificate/ SGS Seamless Certificate & much more.",https://m.media-amazon.com/images/I/41UwKwpK40L._SX300_SY300_QL70_ML2_.jpg,"{""main_cat"": ""Electronics"", ""sub_cat1"": ""Mobiles&Accessories"", ""sub_cat2"": ""Smartphones&BasicMobiles"", ""sub_cat3"": ""Smartphones""}"
SHREENOVA ID116 Plus Bluetooth Fitness Smart Watch for Men Women and Kids Activity Tracker (Black),Electronics|WearableTechnology|SmartWatches,$3.37,$24.00,86%,"✅ All-day activity tracking: Track steps, distance, calories burned, active minutes, you can check daily activity and time on OLED display or APP|✅ NOTE- NO CALLING FEATURE-You will receive only notification to See Calls & Messages on Your Wrist: Receive/Rejection call, calendar, SMS and SNS (Facebook, WhatsApp, LinkedIn, Instagram, and Twitter) notifications on display, fitness tracker band let you never miss the messages that matter.|✅ NOTE-This fitness band will only work after installing fitness band application from play store.TO set time of watch you have to install fitness band application.YOU will receive bar code pls scan it to download the application. Switch ON bluetooth and location whlie connecting fitness band from app. Dont connect band directly with Bluetooth u need to connect it from APP.|✅ NOTE -Charger is not available with this watch it has in built usb port remove the strap of watch carefully than u can see usb port which u can attach easily with any laptop,pc,mobile charges to charge. For Any Product Issue Please Contact Us Through Buyer Massage Please Install Any One App From Play Store for the device App Name FIT PRO",https://m.media-amazon.com/images/I/41lnTFZGz9L._SX300_SY300_QL70_ML2_.jpg,"{""main_cat"": ""Electronics"", ""sub_cat1"": ""WearableTechnology"", ""sub_cat2"": ""SmartWatches""}"
"POCO C31 (Shadow Gray, 64 GB) (4 GB RAM)",Electronics|Mobiles&Accessories|Smartphones&BasicMobiles|Smartphones,$96.01,$144.05,33%,4 GB RAM | 64 GB ROM | Expandable Upto 512 GB|16.59 cm (6.53 inch) HD+ Display|13MP + 2MP + 2MP | 5MP Front Camera|5000 mAh Lithium-ion Polymer Battery|MediaTek Helio G35 Processor,https://m.media-amazon.com/images/I/41UhF7l9I4L._SX300_SY300_QL70_ML2_.jpg,"{""main_cat"": ""Electronics"", ""sub_cat1"": ""Mobiles&Accessories"", ""sub_cat2"": ""Smartphones&BasicMobiles"", ""sub_cat3"": ""Smartphones""}"
Noise_Colorfit Smart Watch Charger 2 Pin USB Fast Charger Magnetic Charging Cable Adapter (Smart Watch Charger 2 pin),Electronics|WearableTechnology|SmartWatches,$2.99,$11.99,75%,"Specially designed for Noise Smartwatch|Perfect Fit. USB charging cable, high-quality charger for 2 Pin Watches.Not for any other models.|Mini and durable: Charge your device more securely when connected to USB power source on PC, Mac, Laptop or notebook and mobile phone.|Good replacement, make charging more convenient wherever in home, office or travel.|Charging method is by magnetic suction thimble contact.",https://m.media-amazon.com/images/I/21yMfxVmNuL._SX300_SY300_QL70_ML2_.jpg,"{""main_cat"": ""Electronics"", ""sub_cat1"": ""WearableTechnology"", ""sub_cat2"": ""SmartWatches""}"
"POPIO Tempered Glass Screen Protector Compatible for iPhone 12 / iPhone 12 Pro with Case Friendly Edge to Edge Coverage and Easy Installation kit, Pack of 1","Electronics|Mobiles&Accessories|MobileAccessories|Maintenance,Upkeep&Repairs|ScreenProtectors",$3.59,$7.19,50%,"Hardness: High hardness level provides protection from accidental drop & scratches|Additional features: Bubble proof, Scratch resistant, Anti fingerprint, Anti-glare, Anti-shatter, Touch sensitive|Easy Installation: Contains 1 Tempered Glass Screen Protector, 1 wet wipe, 1 dry wipe, 1 Dust Absorber & 3 Guide Stickers|Compatible Device: iPhone 12 / iPhone 12 Pro | Area of coverage: Edge to Edge Full Screen Coverage|Item Hardness: 9H Hardness",https://m.media-amazon.com/images/I/411fc62wnpL._SX300_SY300_QL70_ML2_.jpg,"{""main_cat"": ""Electronics"", ""sub_cat1"": ""Mobiles&Accessories"", ""sub_cat2"": ""MobileAccessories"", ""sub_cat3"": ""Maintenance,Upkeep&Repairs"", ""sub_cat4"": ""ScreenProtectors""}"
"10WeRun Id-116 Bluetooth Smartwatch Wireless Fitness Band for Boys, Girls, Men, Women & Kids | Sports Gym Watch for All Smart Phones I Heart Rate and spo2 Monitor",Electronics|WearableTechnology|SmartWatches,$5.99,$22.80,74%,"All-day activity tracking: Track steps, distance, calories burned, active minutes, you can check daily activity and time on OLED display or APP .Fitness Band Smart Band.|This watch has USB Port you need to attach the USB port with your normal mobile charger or laptop to charge the watch. Fitness band for women.|NOTENO CALLING FEATURE-You will receive only notification to See Calls & Messages on Your Wrist: Receive/Rejection call, calendar, SMS and SNS (Facebook, WhatsApp, LinkedIn, Instagram, and Twitter) notifications on display, fitness tracker band let you never miss the messages that matter.Fitness Watch Smart watch.|NOTE-This fitness band will only work after installing fitness band application from play store.TO set time of watch you have to install fitness band application.YOU will receive bar code pls scan it to download the application. Switch ON bluetooth and location whlie connecting fitness band from app. Dont connect band directly with bluetooth u need to connect it from APP.|NO CALLING FEATURE-You will receive only notification to See Calls & Messages on Your Wrist: Receive/Rejection call, calendar, SMS and SNS (Facebook, WhatsApp, LinkedIn, Instagram, and Twitter) notifications on display, fitness tracker band let you never miss the messages that matter.",https://m.media-amazon.com/images/I/41YwW+O-SKL._SY300_SX300_.jpg,"{""main_cat"": ""Electronics"", ""sub_cat1"": ""WearableTechnology"", ""sub_cat2"": ""SmartWatches""}"
"Tokdis MX-1 Pro Bluetooth Calling Smartwatch - 1.69” LCD Display, Multiple Watch Faces, Sleep Monitor, Heart & SpO2 Monitoring, Multiple Sports Modes, Water Resistant",Electronics|WearableTechnology|SmartWatches,$10.79,$42.00,74%,"【Bluetooth Calling Watch】- Tokdis MX-1 Pro enables you to make and receive calls directly from your watch via the built-in speaker and microphone. This smartwatch features a dial pad, option to access recent calls & manually sync your phone’s contacts.|【How to activate Bluetooth Calling】- To enable Bluetooth Calling Function, first connect it to the Fitpro app. Once connected, manually go to the phone's Bluetooth settings and pair this smartwatch. Upon pairing, you will get a notification.|【1.69 inch HD Full Touch】 - Large Display of 1.69 Inches Size 【Full Metal Body】 - This Watch features Sleek & Fashionable Metal Body The one-click control mode and honey comb menu helps you quickly navigate|【Music Experience On The Go】 - Equipped with an inbuilt speaker, this smartwatch lets you play your favourite tracks on the Watch without having to take out your phone.|【Multiple Watch Faces & Smart Controls】 - The Smartwatch has unlimited Watch Faces on cloud. It has Smart controls like Weather Forecast, Alarm and many more. Get a 6 Months assured warranty from Tokdis in case of any Manufacturing Defect (Just Contact our Customer Care).",https://m.media-amazon.com/images/I/31M4nb0+JKL._SY300_SX300_.jpg,"{""main_cat"": ""Electronics"", ""sub_cat1"": ""WearableTechnology"", ""sub_cat2"": ""SmartWatches""}"
"URBN 20000 mAh lithium_polymer Power Bank with 12 Watt Fast Charging, Camo",Electronics|Mobiles&Accessories|MobileAccessories|Chargers|PowerBanks,$19.20,$42.00,54%,"Proudly Made In India|It will charge a 3000mAh phone battery up to 4.7 times & It will charge a 4000mAh phone battery up to 3.5 times|Dual USB Output 2.4 Amp 5V Fast Charge|Compact body along with smooth touch finish gives the Power Bank its premium look, weighs only 354 grams|Micro USB Input. Takes up to 10-12 hours to charge the power bank",https://m.media-amazon.com/images/I/31S1zpNb8bL._SX300_SY300_QL70_ML2_.jpg,"{""main_cat"": ""Electronics"", ""sub_cat1"": ""Mobiles&Accessories"", ""sub_cat2"": ""MobileAccessories"", ""sub_cat3"": ""Chargers"", ""sub_cat4"": ""PowerBanks""}"
"Sounce Gold Plated 3.5 mm Headphone Splitter for Computer 2 Male to 1 Female 3.5mm Headphone Mic Audio Y Splitter Cable Smartphone Headset to PC Adapter – (Black,20cm)","Electronics|Headphones,Earbuds&Accessories|Adapters",$1.44,$11.99,88%,"WIDE-RANGING USE: The cable features one 3.5mm Female and two 3.5mm Male connectors, enabling you to connect a 4-position headset with Audio and Microphone input to your PC or Laptop.|PURE ESSENTIALS: 24K gold-plated contacts, pure metal housing, strong nylon-braided exterior, secure-fit design, and oxygen-free copper wiring,to ensure to present.|SUPERB PERFORMANCE: Connect a 4-position headset to a computer that has separate microphone and audio ports. metallic housing which makes it easily survive everyday usage.|STRONG BRAIDED EXTERIOR : Creates a durable design. It’s our first time to use fishing-wire-kind materials braiding with audio cables for maximum protection.|QUALITY: The jack itself has additional insulation which helps in the durability of the product during multiple plug-in and plug-out maneuvers and keeps the interference to minimum.",https://m.media-amazon.com/images/I/41jmiwgyu8L._SX300_SY300_QL70_ML2_.jpg,"{""main_cat"": ""Electronics"", ""sub_cat1"": ""Headphones,Earbuds&Accessories"", ""sub_cat2"": ""Adapters""}"
"Noise ColorFit Ultra 2 Buzz 1.78"" AMOLED Bluetooth Calling Watch with 368*448px Always On Display, Premium Metallic Finish, 100+ Watch Faces, 100+ Sports Modes, Health Suite (Jet Black)",Electronics|WearableTechnology|SmartWatches,$48.01,$84.02,43%,"BT calling: Experience advanced calling experience right on your wrist. Manage calls, dial from recent call logs or access favourite contacts.Strap Size & Material : 22mm & Silicone|Single-chip BT calling: The single-chip BT calling with BT v5.3 ensures faster pairing & connectivity along with low power consumption|1.78’’ AMOLED Display: See everything that’s going on in your day on the big, bright Always On Display with 368*448 pixel resolution and 500 nits brightness|Noise Health Suite: Stay in the loop with what’s going with your body via Noise Health Suite|100+ watch faces: Be the trendsetter and wear a new face every day|100 sports modes with auto sports detection: Step outside your comfort zone and get more active|7-day battery: Say goodbye to the battery woes as the smartwatch stays with you through the week",https://m.media-amazon.com/images/I/41wlZ0cZChL._SX300_SY300_QL70_ML2_.jpg,"{""main_cat"": ""Electronics"", ""sub_cat1"": ""WearableTechnology"", ""sub_cat2"": ""SmartWatches""}"
"Redmi Note 11 (Horizon Blue, 6GB RAM, 64GB Storage)|90Hz FHD+ AMOLED Display | Qualcomm® Snapdragon™ 680-6nm | 33W Charger Included",Electronics|Mobiles&Accessories|Smartphones&BasicMobiles|Smartphones,$156.05,$228.08,32%,"Display: 90Hz FHD+ (1080x2400) AMOLED display; 16.33 centimeters (6.43 inch); 20:9 aspect ratio|Camera: 50 MP Quad Rear camera with 8MP Ultra-wide, 2MP Macro and Portrait lens| 13 MP Front camera|Battery: 5000 mAh large battery with 33W Pro fast charger in-box and Type-C connectivity|Processor: Qualcomm Snapdragon 680 Octa-core; 6nm processor; Up to 2.4GHz clock speed|Memory, Storage & SIM: 6GB RAM | 64GB UFS 2.2 storage expandable up to 512GB with dedicated SD card slot | Dual SIM (nano+nano) dual standby (4G+4G)",https://m.media-amazon.com/images/I/4121yWSVFmL._SX300_SY300_QL70_ML2_.jpg,"{""main_cat"": ""Electronics"", ""sub_cat1"": ""Mobiles&Accessories"", ""sub_cat2"": ""Smartphones&BasicMobiles"", ""sub_cat3"": ""Smartphones""}"
Spigen Ultra Hybrid Back Cover Case Compatible with iPhone 14 Pro max (TPU + Poly Carbonate | Crystal Clear),Electronics|Mobiles&Accessories|MobileAccessories|Cases&Covers|BasicCases,$19.20,$31.20,38%,[Compatibility] Spigen Genuine Case Compatible with iPhone 14 Pro max|Clear Design : Crystal clear transparency flaunts original phone design|Protection : Air Cushion Technology for shock absorption|Precise Fit : All connections and buttons are easy to reach and use|Material : Hybrid technology made of a TPU bumper with a durable PC back,https://m.media-amazon.com/images/I/51JrMWMAmnL._SX300_SY300_QL70_ML2_.jpg,"{""main_cat"": ""Electronics"", ""sub_cat1"": ""Mobiles&Accessories"", ""sub_cat2"": ""MobileAccessories"", ""sub_cat3"": ""Cases&Covers"", ""sub_cat4"": ""BasicCases""}"
"Oraimo 18W USB & Type-C Dual Output Super Fast Charger Wall Adapter PE2.0&Quick Charge 3.0 & Power Delivery 3.0 Compatible for iPhone 13/13 Mini/13 Pro Max/12/12 Pro Max, iPad Mini/Pro, Pixel, Galaxy, Airpods Pro",Electronics|Mobiles&Accessories|MobileAccessories|Chargers|WallChargers,$8.39,$14.39,42%,"🎁【18W Fast Charging- Always Speedy】Two ports pump out up to 18 watts of power, enabling simultaneous fast charging for two devices. 18W Type-C output port to give the latest devices a full-speed charge.|🎁【Universal Compatibility】Support all iPhone and Android Fast Charge, Quick Charge protocols like PD3.0, QC3.0, PE2.0, etc.Support all Android fast charge protocols, QC3.0, PE2.0, Dash Charge, VOOC, etc. Perfectly fits the charging needs of iPhone 13/13 Mini/13 Pro/13 Pro Max/12/11/11 Pro/11 Pro Max/XS/XR/SE/X/8 Plus, AirPods Pro, iPad series, Galaxy S21/S20 series, Note20/Note10/S10/S9, Pixel series, Nintendo Switch, and more.|🎁【PE2.0,PD 3.0 & QC 3.0】: Equipped with a 18W Power Delivery,3.0 port, and an 18W Quick Charge 3.0 port, the charger allows for charging two devices simultaneously|🎁【Safe and Reliable】This UL-certified USB C charger With the built-in intelligent chip, the wall charger matches the current as your device needs automatically, ensure safety and protection for your devices. No matter how fast it charges, you won’t have to worry about your phone heating up at all. A combination of 6 safety features that work together to provide ultimate protection for you and your devices|🎁【 Ultra-Fast Type-C Cable Included】 Oraimo 18W fast charger adapter comes with a fast charging type-c cable, It enables full speed charging and syncing to new Type-C models in the market.",https://m.media-amazon.com/images/I/31gNcDrEskL._SX300_SY300_QL70_ML2_.jpg,"{""main_cat"": ""Electronics"", ""sub_cat1"": ""Mobiles&Accessories"", ""sub_cat2"": ""MobileAccessories"", ""sub_cat3"": ""Chargers"", ""sub_cat4"": ""WallChargers""}"
"LAPSTER 12pcs Spiral Cable Protectors for Charger, Wires, Data Charger Cable Protector for Computers, Cell Phones etc.(Grey)",Electronics|Mobiles&Accessories|MobileAccessories|Décor|PhoneCharms,$1.19,$11.99,90%,"SPIRAL TUBE CHARGING CABLE PROTECTOR are designed with highly flexible silicone and can be used as phone charger cord protector and phone charger saver to completely protect cables for all devices including, cell phones, computers, laptops, apple / android watches, lightning cables, pc’s, the list goes on and on.|Besides protecting all Your USB cables / cords, SPIRAL TUBE CHARGING CABLE PROTECTOR feels surprisingly nice and is fun to install on any wires end. Use it as your headphone cord protector or charger cable cover. Simply touching it can relieve your stress too! Yet, even better, the Lightning Cable Protector looks super cool. It doesn’t get any better than this!|works with virtually all computer and cellphone cables. You can even use it in almost anything like as pet cable protector, chewsafe cord protector, cord protectors from pets, wire protector from pets and as a wire protector tubing for phone and computer cables.|Spiral Tube charging Cable protector is your permanent fix to all those damaged lightning cables. It perfectly works as a cable strain relief or a critter cord so you won't have to deal with cable repair or iphone cable repair and frayed wire repair.|Wrap the cable protector onto Your preferred cable as an iphone charger end piece. SPIRAL TUBE CHARGING CABLE PROTECTOR will wrap around any wire just like a protective sleeve would but with more mobility.",https://m.media-amazon.com/images/I/41WYWN1pdvL._SX300_SY300_QL70_ML2_.jpg,"{""main_cat"": ""Electronics"", ""sub_cat1"": ""Mobiles&Accessories"", ""sub_cat2"": ""MobileAccessories"", ""sub_cat3"": ""D\u00e9cor"", ""sub_cat4"": ""PhoneCharms""}"
"MI REDMI 9i Sport (Carbon Black, 64 GB) (4 GB RAM)",Electronics|Mobiles&Accessories|Smartphones&BasicMobiles|Smartphones,$95.02,$120.04,21%,Operating System Android 10|Primary Clock Speed 2 GHz|Secondary Clock Speed 1.5 GHz,https://m.media-amazon.com/images/I/31Hb9RGI+jL._SY300_SX300_.jpg,"{""main_cat"": ""Electronics"", ""sub_cat1"": ""Mobiles&Accessories"", ""sub_cat2"": ""Smartphones&BasicMobiles"", ""sub_cat3"": ""Smartphones""}"
"Fire-Boltt Ninja 3 Smartwatch Full Touch 1.69 "" & 60 Sports Modes with IP68, Sp02 Tracking, Over 100 Cloud based watch faces ( Green )",Electronics|WearableTechnology|SmartWatches,$18.00,$96.03,81%,"Fire-Boltt is India' No 1 Wearable Watch Brand Q122 by IDC Worldwide quarterly wearable device tracker Q122.【1.69” HD Large Touch Screen】- Fire-Boltt Ninja 3 comes with a 1.69” HD Full Touch Display for smooth swipes and clear vision;【SPO2/ Oxygen, Heart Rate】 - Fire-Boltt Ninja 3 Smartwatch comes with real time 24*7 SPO2 / Blood Oxygen tracking, Dynamic Heart Rate Monitoring (If a patient is suffering from Covid 19 please use a medical device prescribed by the Doctor)|【60 workout modes】- This smartwatch consists of 60 sports mode to track. Keep a track of all your activities and compare history to analyse your performance. Count steps, distance, and calories burned.;【IP68 Water Resistant】- This smartwatch can withstand dust, spills, raindrops and is sweatproof too|【POWERFUL BATTERY】 - About 7 days battery life and a Standby Time of 25 Days 【Multiple Watch Faces】- Unlimited Customized Built in Watch Faces and also multiple watch faces through the app;【Stay Social Stay Updated】 – Inbuilt Social Media Notifications.|【All In One Smart Coach】 - Track your Daily Steps, Sleep, Fitness, Sports, Heart Rate and SPO2 【Enjoy Music And Camera Control】 【IP68 Water Resistant】- This smartwatch can withstand dust, spills, raindrops and is sweatproof too; Water Resistance Level: water_resistant|Connectivity Technology: Bluetooth; Clasp Type: Tang Buckle; Compatible Devices: Smartphonetablet; Human Interface Input: Touch Screenbuttons; Item Type Name: Smart Watch; Included Components: 1 Smartwatch, 1 Manual, 1 Magnetic Charger, 1 Warranty Card; Band Color: Green; Band Material Type: Silicone; Case Material Type: Plastic; Color Name: Green",https://m.media-amazon.com/images/I/41GwFR981CL._SX300_SY300_QL70_ML2_.jpg,"{""main_cat"": ""Electronics"", ""sub_cat1"": ""WearableTechnology"", ""sub_cat2"": ""SmartWatches""}"
"Lava A1 Josh 21(Blue Silver) -Dual Sim,Call Blink Notification,Military Grade Certified with 4 Day Battery Backup, Keypad Mobile",Electronics|Mobiles&Accessories|Smartphones&BasicMobiles|BasicMobiles,$12.67,$14.99,16%,Display Size- 1.77Inch|Battery- 800MAh | 4 days long Battery|Auto Call recording available|Bluetooth Support|Number Talker,https://m.media-amazon.com/images/I/41ynwpRq+kL._SY300_SX300_.jpg,"{""main_cat"": ""Electronics"", ""sub_cat1"": ""Mobiles&Accessories"", ""sub_cat2"": ""Smartphones&BasicMobiles"", ""sub_cat3"": ""BasicMobiles""}"
"POPIO Tempered Glass Compatible for iPhone 13 / iPhone 13 Pro/iPhone 14 (Transparent) Edge to Edge Full Screen Coverage with Installation Kit, Pack of 2","Electronics|Mobiles&Accessories|MobileAccessories|Maintenance,Upkeep&Repairs|ScreenProtectors",$1.80,$7.19,75%,"Compatible Device: iPhone 13 / iPhone 13 Pro / iPhone 14 | Area of coverage : Edge to Edge Full Screen Coverage|Hardness: High hardness level provides protection from accidental drop & scratches|Easy Installation: Contains 2 tempered glass ,2 wet wipe, 2 Dry wipes, 6 Guide Sticker & 2 Dust Absorber|Additional features: Bubble proof, Scratch resistant, Anti fingerprint, Anti-glare, Anti-shatter, Touch sensitive",https://m.media-amazon.com/images/I/41XaIckgKIL._SX300_SY300_QL70_ML2_.jpg,"{""main_cat"": ""Electronics"", ""sub_cat1"": ""Mobiles&Accessories"", ""sub_cat2"": ""MobileAccessories"", ""sub_cat3"": ""Maintenance,Upkeep&Repairs"", ""sub_cat4"": ""ScreenProtectors""}"
Amozo Ultra Hybrid Camera and Drop Protection Back Cover Case for iPhone 13 (Polycarbonate| Back Transparent - Sides Black),Electronics|Mobiles&Accessories|MobileAccessories|Cases&Covers|BasicCases,$5.69,$21.60,74%,"QUALITY MATERIAL - Hybrid technology that is made of a TPU Material with a durable back panel|CAMERA PROTECTION - Raised bezels lift camera off flat surfaces|PRECISE CUTOUTS - Pronounced buttons are easy to feel and press, while large cutouts fit most cables|MODERN DESIGN - Elegant Design perfectly uses the advantages of the scratch-resistant PC plate and the flexible TPU|99.99% Transparent Back Panel",https://m.media-amazon.com/images/I/51xaoGdw9EL._SX300_SY300_QL70_ML2_.jpg,"{""main_cat"": ""Electronics"", ""sub_cat1"": ""Mobiles&Accessories"", ""sub_cat2"": ""MobileAccessories"", ""sub_cat3"": ""Cases&Covers"", ""sub_cat4"": ""BasicCases""}"
"FLiX Usb Charger,Flix (Beetel) Bolt 2.4 Dual Poart,5V/2.4A/12W Usb Wall Charger Fast Charging,Adapter For Android/Iphone 11/Xs/Xs Max/Xr/X/8/7/6/Plus,Ipad Pro/Air 2/Mini 3/4,Samsung S4/S5 & More-Black",Electronics|Mobiles&Accessories|MobileAccessories|Chargers|WallChargers,$2.87,$7.19,60%,"USB Charger with dual ports allow you to charge 2 devices at the same time with the total output of 2.4A current.|With the intelligent chip inside, dual USB wall charger matches the current as your device's need automatically. Over-current, over-voltage and short-circuit protection also effectively protect your smartphones from damage|Internal protection mechanisms offers multiple Protection against short-circuit, over-temperature, over-current, over-voltage and more|Robust textured casing and premium internal components ensure perfect performance|Power Source Type: Corded Electric; Specification Met: Bis",https://m.media-amazon.com/images/I/31Iuz7jlfqL._SX300_SY300_QL70_ML2_.jpg,"{""main_cat"": ""Electronics"", ""sub_cat1"": ""Mobiles&Accessories"", ""sub_cat2"": ""MobileAccessories"", ""sub_cat3"": ""Chargers"", ""sub_cat4"": ""WallChargers""}"
"Redmi 9A Sport (Coral Green, 3GB RAM, 32GB Storage) | 2GHz Octa-core Helio G25 Processor | 5000 mAh Battery",Electronics|Mobiles&Accessories|Smartphones&BasicMobiles|Smartphones,$90.02,$114.03,21%,"Processor: MediaTek Helio G25 Octa-core; Up to 2.0GHz clock speed|Camera: 13 MP Rear camera with AI portrait| 5 MP front camera|Display: 16.58 centimeters (6.53-inch) HD+ display with 720x1600 pixels and 20:9 aspect ratio|Battery: 5000 mAH large battery with 10W wired charger in-box|Memory, Storage & SIM: 3GB RAM | 32GB storage | Dual SIM (nano+nano) + Dedicated SD card slot|Form factor:Bar,Operating system:MIUI 12",https://m.media-amazon.com/images/I/41i7LM0pGwL._SX300_SY300_QL70_ML2_.jpg,"{""main_cat"": ""Electronics"", ""sub_cat1"": ""Mobiles&Accessories"", ""sub_cat2"": ""Smartphones&BasicMobiles"", ""sub_cat3"": ""Smartphones""}"
Prolet Classic Bumper Case Cover for Samsung Galaxy Watch 4 44mm TPU Plated Full Screen Protector (Black),Electronics|WearableTechnology|SmartWatches,$3.18,$11.99,73%,"【Compatibility】 This screen protector case is compatible with Samsung Galaxy Watch 4, 44mm. [NOTE: WATCH IS NOT INCLUDED]|【Shock-Absorbing】 Made of TPU Material, anti-scratch plastic, thin case cover the full front and curved edges of the watch ,offer full protection for your watch against scratches, drop and bump.|【Light Weight】 lightweight and Slim protective bumper case cover shell is perfect for your watch.|【Easy Installation】 Easy to install and make off, When charging your Watch, you do not need to remove the watch case.|【Touch Experience】 Case is High-Definition Transparent and gives you 99.99% HD clarity with true color reproduction and gives you the original touch experience.",https://m.media-amazon.com/images/I/516BHYFQ3JL._SX300_SY300_QL70_ML2_.jpg,"{""main_cat"": ""Electronics"", ""sub_cat1"": ""WearableTechnology"", ""sub_cat2"": ""SmartWatches""}"
"Samsung Galaxy S20 FE 5G (Cloud Navy, 8GB RAM, 128GB Storage) with No Cost EMI & Additional Exchange Offers",Electronics|Mobiles&Accessories|Smartphones&BasicMobiles|Smartphones,$456.06,$900.35,49%,"5G Ready powered by Qualcomm Snapdragon 865 Octa-Core processor, 8GB RAM, 128GB internal memory expandable up to 1TB, Android 11.0 operating system and dual SIM|Triple Rear Camera Setup - 12MP (Dual Pixel) OIS F1.8 Wide Rear Camera + 8MP OIS Tele Camera + 12MP Ultra Wide | 30X Space Zoom, Single Take & Night Mode | 32MP F2.2 Front Punch Hole Camera|6.5-inch(16.40 centimeters) Infinity-O Super AMOLED Display with 120Hz Refresh rate, 1080 x 2400 (FHD+) Resolution ""|4500 mAh battery (Non -removable) with Super Fast Charging, FAst Wireless Charging & Finger Print sensor|IP68 Rated, MicroSD Card Slot (Expandable upto 1 TB), Dual Nano Sim, Hybrid Sim Slot, 5G+5G Dual stand by|5G Ready powered by Qualcomm Snapdragon 865 Octa-Core processor, 8GB RAM, 128GB internal memory expandable up to 1TB, Android 11.0 operating system and dual SIM|Triple Rear Camera Setup - 12MP (Dual Pixel) OIS F1.8 Wide Rear Camera + 8MP OIS Tele Camera + 12MP Ultra Wide | 30X Space Zoom, Single Take & Night Mode | 32MP F2.2 Front Punch Hole Camera",https://m.media-amazon.com/images/I/41ezRvTwcaL._SX300_SY300_QL70_ML2_.jpg,"{""main_cat"": ""Electronics"", ""sub_cat1"": ""Mobiles&Accessories"", ""sub_cat2"": ""Smartphones&BasicMobiles"", ""sub_cat3"": ""Smartphones""}"
"WeCool S5 Long Selfie Stick, with Large Reinforced Tripod Stand up to 61 Inch / 156 Cms, Ultra Long Multi Function Bluetooth Selfie Stick with 1/4 Screw Compatible with Gopro, Camera, and Ring Light",Electronics|Mobiles&Accessories|MobileAccessories|Photo&VideoAccessories|SelfieSticks,$21.60,$48.01,55%,"64"" Tall Cell Phone Tripods with 7 section adjustable telescopic poles, the phone selfie stick tripod stand is tall enough, can be adjusted from 12in to 64in. Therefore, this selfie stick for iPhone can capture a wider landscape with different Height|3 in 1 Design with Stable Base : Can be used as extendable Tripod for phone and camera as Phone Floor Stand. This Selfie Stick for iPhone can be quickly switched between the table tripod and selfie stick mode. Is compatible with gopro and Camera|360° Rotatable Selfie Stick Bluetooth : The mount of the tripod stand can freely rotate 360°, which can be quickly ratoted the screen horizontally and vertically , and the mount arm can be 190°flipped to shoot pictures at various angles.|Compact Size and Travel Friendly : After Being folded , the long selfie stick is just 12 Inches. So it can be easily packed in your bag, or Backpack without taking up more space. Perfecet choice for Travelling, Hiking and Camping. Very Sturdy Design|Large ABS reinforced non-slip Stable tripod-The tripod is very stable when it is mounted with phone or camera standing on desktop or ground,because it has non-slip silicone pads at the bottom of each foot and the lets have additional support|1/4 Screw Widely Compatible-The selfie stick comes with both a phone mount and a 1/4 screw,can be used at the same time.The 1/4 screw can be connected with Gopro digital camera and ring light.|The phone mount is compatible with most smartphones , support 360 degree rotation vertical and horizontal shooting , better for live stream , photo and video shooting , makeup , youtube watching",https://m.media-amazon.com/images/I/41fDM4QUfvL._SX300_SY300_QL70_ML2_.jpg,"{""main_cat"": ""Electronics"", ""sub_cat1"": ""Mobiles&Accessories"", ""sub_cat2"": ""MobileAccessories"", ""sub_cat3"": ""Photo&VideoAccessories"", ""sub_cat4"": ""SelfieSticks""}"
"POCO C31 (Royal Blue, 64 GB) (4 GB RAM)",Electronics|Mobiles&Accessories|Smartphones&BasicMobiles|Smartphones,$102.03,$144.05,29%,4 GB RAM | 64 GB ROM | Expandable Upto 512 GB 16.59 cm (6.53 inch) HD+ Display 13MP + 2MP + 2MP | 5MP Front Camera 5000 mAh Lithium-ion Polymer Battery MediaTek Helio G35 Processor,https://m.media-amazon.com/images/I/41hI-UvnhFL._SX300_SY300_QL70_ML2_.jpg,"{""main_cat"": ""Electronics"", ""sub_cat1"": ""Mobiles&Accessories"", ""sub_cat2"": ""Smartphones&BasicMobiles"", ""sub_cat3"": ""Smartphones""}"
"Noise ColorFit Pulse Grand Smart Watch with 1.69""(4.29cm) HD Display, 60 Sports Modes, 150 Watch Faces, Fast Charge, Spo2, Stress, Sleep, Heart Rate Monitoring & IP68 Waterproof (Electric Blue)",Electronics|WearableTechnology|SmartWatches,$24.00,$48.01,50%,"1.69"" grand display: Get the rich immersive viewing experience on the 1.69"" LCD display.;60 sports modes: Take your pick from a wide range of 60 sports modes. Accelerometer Sensor Yes, Charging Time 2.5 hours|Instant charge: Now enjoy more than a day’s worth/25 hours of battery in just 15 minutes of charge.;150+ cloud-based & customisable watch faces: Choose from 150+ cloud-based and customisable watch faces and change your look to suit your outfit.|Noise Health suite: Get valuable insights about your health from Noise Health Suite featuring 24*7 heart rate, stress, blood oxygen, sleep monitor and menstrual cycle tracking.;Quick-replies to texts and calls: Stay in touch with the world with quick replies available for Android.|IP68 waterproof: Live your life the way you want to, thanks to the IP68 waterproof rating.; 7-day battery: Charge your watch once and go about your week without a hitch.|Included Components: ‎Smartwatch, Magnetic Charger, User Manual, Warranty Card; Connectivity Technology: Usb; Item Type Name: Smartwatch; Compatible Devices: Smartphone",https://m.media-amazon.com/images/I/412dSHwBHGL._SX300_SY300_QL70_ML2_.jpg,"{""main_cat"": ""Electronics"", ""sub_cat1"": ""WearableTechnology"", ""sub_cat2"": ""SmartWatches""}"
"Fire-Boltt Visionary 1.78"" AMOLED Bluetooth Calling Smartwatch with 368*448 Pixel Resolution 100+ Sports Mode, TWS Connection, Voice Assistance, SPO2 & Heart Rate Monitoring",Electronics|WearableTechnology|SmartWatches,$48.01,$216.07,78%,"Fire-Boltt is India' No 1 Wearable Watch Brand Q122 by IDC Worldwide quarterly wearable device tracker Q122.【Bluetooth Calling Watch】- Fire-Boltt Visionary enables you to make and receive calls directly from your watch via the built-in speaker and microphone. This smartwatch features a dial pad option to access recent calls & sync your phone’s contacts.;|【Over 100 Sports Modes】 - Walking, Running to Tedious Workout modes we have covered it all. Fire-Boltt Visionary smartwatch does a wonderful tracking job to each sports mode the user carries out in the day or at the gym.;【Connect TWS On The Go】- This smartwatch has an internal storage memory of about 128MB to store your songs and listen to local music on your bluetooth headset|【AI Voice Assistance】- Command your watch and let the magic happen. This special technology is in the Fire-Boltt Visionary Smartwatch;【Smart 360 Health Tracking】 - The Fire-Boltt Visionary Smartwatch comes with a complete package of health tracking features. From SpO2 tracking to real time heart rate tracking stay fit always. With the breathing exercise and women health the smartwatch is fit for each use and purpose|【IP68 Water Resistant】 - The smartwatch is fit to withstand sweat, dust, dirt and sand and is resistant to submersion upto a maximum depth of 1m of freshwater for up to twenty minutes.;【Smart Notifications】 - Keeping you notified on every second of all activities through your social media connects. Do not miss out on any notification that you receive on smartphone.; 【Remote Controls】 - Click numerous pictures and listen to your favourite songs by just one touch. 【Basic Reminders】 - Don't drink water or walk in normal breaks we have got you covered in that too with the sedentary reminders you will alwasy stay hydrated and will walk good, a step to a healthy life|Included Components: 1 Smartwatch, 1 Manual, 1 Magnetic Charger, 1 Warranty Card; Compatible Devices: Smartphonetablet; Clasp Type: Tang Buckle; Case Material Type: Metal; Human Interface Input: Buttonstouch Screen; Color Name: Silver; Band Color: Silver; Band Material Type: Silicone|【1.78"" AMOLED Display】 - Fire-Boltt Visionary has a premium 368*448 Pixel Resolution and 1.78"" AMOLED Display which comes with the Always On feature. The AMOLED provides over the line performance. It is thinner, lighter, flexible and one of the safest display technologies ever developed..Band Width:20 millimeters.Water resistance depth:1 meters",https://m.media-amazon.com/images/I/41dtbrNRHdL._SX300_SY300_QL70_ML2_.jpg,"{""main_cat"": ""Electronics"", ""sub_cat1"": ""WearableTechnology"", ""sub_cat2"": ""SmartWatches""}"
Amazon Basics 2 Amp USB Wall Charger & Micro USB Cable (White),Electronics|Mobiles&Accessories|MobileAccessories|Chargers|WallChargers,$2.63,$5.99,56%,Durable wall charger with fast charging ability|Flexible and long USB cable|Can transfer data at a speed of 480Mbps|Protects devices from short-circuits|Can be used to charge 2 devices simultaneously|Compatible with any Android device|Dimensions: 7 x 4 x 8 cm; Weight: 90 Grams|Package Contents: 2 Amp Dual USB + Data Cable (Colour: White),https://m.media-amazon.com/images/I/31poWDDorOL._SY300_SX300_QL70_ML2_.jpg,"{""main_cat"": ""Electronics"", ""sub_cat1"": ""Mobiles&Accessories"", ""sub_cat2"": ""MobileAccessories"", ""sub_cat3"": ""Chargers"", ""sub_cat4"": ""WallChargers""}"
"Mobilife Bluetooth Extendable Selfie Stick with Tripod Stand and Wireless Remote,3-in-1 Multifunctional Selfie Stick Tripod for iPhone Samsung Mi Realme Oppo Vivo Google More,Black",Electronics|Mobiles&Accessories|MobileAccessories|Photo&VideoAccessories|SelfieSticks,$7.19,$16.79,57%,"【HATE IT WHEN CARRY A HEAVY SELFIE STICK?】Yep, screwing a monopod selfie stick with a heavy tripod, is a pain. Our lightweight foldable selfie stick was designed to eliminate this to make a ordinary Selfie Stick lighter but more functional.|【HOW IS THE TRIPOD INTEGRATED AS ONE?】Gently slide the WIRELESS REMOTE from stick .It takes 3 seconds to make the TRIPOD appear just simply unfold the bottom part of the selfie stick. Ingenious design which makes the tripod open or close in one step. Fantastic way to start your selfie happiness.|【HOW DOES IT FIT VARIOUS OCCASIONS?】Extendable length from 10 inches to 23.6 inches so you can choose your desired length.Compact pocket size design, which is easy to carry. With 270°rotation, you simply twist the cradle head or phone holder to take photos, video call or live broadcasting , to meet your different needs, or situation|【Widely Compatible & Perfect Match 】The Selfie Stick is suitable for Most Smart Phone in Market, IPhone x 8 6 7 Plus Android Samsung Galaxy S7 S8 Blackberry Huawei etc. No Need to Worry About Incompatibility Issues. Fits 3.5-6.2'' screen devices like iOS & Android and Samsung.(no need to download extra APP.)|【Long Battery Life】Using With CR1632 (120mah) Replaceable Lithium Metal Cell for The Remote, Last Up 7500 photos can taken and Convenient Replace, also you can easily Buy This Battery in Market.",https://m.media-amazon.com/images/I/41vCOAeGvSL._SX300_SY300_QL70_ML2_.jpg,"{""main_cat"": ""Electronics"", ""sub_cat1"": ""Mobiles&Accessories"", ""sub_cat2"": ""MobileAccessories"", ""sub_cat3"": ""Photo&VideoAccessories"", ""sub_cat4"": ""SelfieSticks""}"
"Ambrane 27000mAh Power Bank, 20W Fast Charging, Triple Output, Type C PD (Input & Output), Quick Charge, Li-Polymer, Multi-Layer Protection for iPhone, Smartphones & Other Devices (Stylo Pro, Black)",Electronics|Mobiles&Accessories|MobileAccessories|Chargers|PowerBanks,$30.00,$36.00,17%,"Robust 27000mAh - Lithium Polymer 27000mAh capacity allows you to flexibly charge your devices multiple times. It can charge iPhone 12 – 6.2 times, OnePlus Nord - 4.3 times.|20W Fast Charging Output – Thunderous 20 Watts PD and 3.0 QC output for boosted charging speed, so that you always thrive on high speed. It carries a substantial capacity to charge your mobile 50% in as quickly as 30 minutes on average.|20W Fast Charging Input – The powerbank itself can get charged in 12 to 13 hours as it has Power Delivery Technology which supports 20W fast charging input via Type C port.|Charge 3 Devices at once – With 2 USB ports and 1 Type C port for output, it can charge 3 devices at the same time.|Compact and Stylish - Supremely modern design makes it a style statement while its compact body makes it extremely travel-friendly at the same time.|Permitted in Flights - Keep on your in-flight entertainment by keeping your favourite gadgets well-charged with your easy-to-carry 27000mAh travel buddy.|Widely Compatible - Compatible with all devices that can be charged via USB or Type C port. (Fast charging output is subject to the cable and charging capabilities of the device being charged.)",https://m.media-amazon.com/images/I/31zYqHExOPS._SX300_SY300_QL70_ML2_.jpg,"{""main_cat"": ""Electronics"", ""sub_cat1"": ""Mobiles&Accessories"", ""sub_cat2"": ""MobileAccessories"", ""sub_cat3"": ""Chargers"", ""sub_cat4"": ""PowerBanks""}"
"STRIFF Wall Mount Phone Holder Wall Mount with Adhesive Strips, Charging Holder Compatible with iPhone, Smartphone and Mini Tablet (Pack of 1) (White)",Electronics|Mobiles&Accessories|MobileAccessories|Mounts|Shower&WallMounts,$1.07,$5.99,82%,"WALL MOUNT PHONE HOLDER: STRIFF smartphone wall holder can give your phone a safe dock while charging. With wide range of application, this wall mount for phone can be used on smooth and even wallpaper, lime wall, tile, stainless steel, glass, wooden and metal surface.|EASY MOUNT: The phone charging holder could be easily attached to your wall with smooth surface, such as ceramic wall, glass wall, Lime wall and wall with wallpaper. Please be kindly noted that it's okay to get it off the wall, but the holder is not reusable any more|COMPATIBLE MOBILE PHONE: The wall phone holder is compatible with virtually every smartphone and even some mini tablet (Note: Make sure the thickness of device with case is within 14mm) such as iPhone, most Android phones and mini tablets, and gives your device a safe dock while charging.|USER FRIENDLY DESIGN: Built-in non-slip pad for stable placement and charging cable organizing for no tangled mess. The phone charge holder is made of ABS plastic, non-toxic, no smell and heat-resisting. Sturdy, durable and environmentally-friendly.",https://m.media-amazon.com/images/I/31yQB88r8kL._SX300_SY300_QL70_ML2_.jpg,"{""main_cat"": ""Electronics"", ""sub_cat1"": ""Mobiles&Accessories"", ""sub_cat2"": ""MobileAccessories"", ""sub_cat3"": ""Mounts"", ""sub_cat4"": ""Shower&WallMounts""}"
"Fire-Boltt Tank 1.85"" Bluetooth Calling Smart Watch, 123 Sports Mode, 8 UI Interactions, Built in Speaker & Mic, 7 Days Battery & Fire-Boltt Health Suite",Electronics|WearableTechnology|SmartWatches,$36.00,$144.05,75%,"Largest 1.85"" Display : View bigger on the screen with the industry’s largest 1.85"" display covering every edge possible and providing a crystal-clear resolution of 240*280 pixels|Bluetooth Calling On The Go - With Fire-Boltt Tank Smart watch, you have the freedom to access a quick dial pad and sync speed dial contacts on the watch. Make calls through the watch while you are in a traffic jam or a packed transport.|123 Massive Sports Modes - This watch is equipped with 123 kinds of sports to cover your health metrics at every inch of life.|Fire-Boltt Health Suite - Stay updated about your health with this fitness tracker, Monitor your blood oxygen levels at all times, 24/7 dynamic HR tracking available|Swift Smart Realistic Notifications Alert - Get timely alerts and reminders from all your social apps on that smartwatch. One click functioning enables you to a phone free life",https://m.media-amazon.com/images/I/41vQwUamFcL._SX300_SY300_QL70_ML2_.jpg,"{""main_cat"": ""Electronics"", ""sub_cat1"": ""WearableTechnology"", ""sub_cat2"": ""SmartWatches""}"
"Elv Aluminium Adjustable Mobile Phone Foldable Holder Tabletop Stand Dock Mount for All Smartphones, Tabs, Kindle, iPad (Moonlight Silver)",Electronics|Mobiles&Accessories|MobileAccessories|Stands,$3.77,$18.00,79%,"Multi-angle adjustable stand: Free rotation of 270 degree viewing angle ensure the perfect angle of view and enhance the audio/video experience|Stylish design: Durable aluminum body, with a sturdy construction, can hold your phone steadily|Enjoy life: It's convenient to cook meals when you learn cooking through video teaching, without worrying about soiling the smartphones|Anti-slip pad: The anti-slip pad works perfect to keep your devices in place while in use and prevent from daily scratches and sliding|Fully foldable: ELV cell phone stand for desk can be fully folded to pocket-size, which will save you plenty of space and make it easy to carry anywhere; Very convenient for daily life|1 year warranty provided by the manufacturer from date of purchase",https://m.media-amazon.com/images/I/41pmcRIe45L._SX300_SY300_QL70_ML2_.jpg,"{""main_cat"": ""Electronics"", ""sub_cat1"": ""Mobiles&Accessories"", ""sub_cat2"": ""MobileAccessories"", ""sub_cat3"": ""Stands""}"
"Samsung Galaxy M13 5G (Stardust Brown, 6GB, 128GB Storage) | 5000mAh Battery | Upto 12GB RAM with RAM Plus",Electronics|Mobiles&Accessories|Smartphones&BasicMobiles|Smartphones,$168.06,$234.08,28%,"Upto 12GB RAM with RAM Plus | 128GB internal memory expandable up to 1TB||Superfast 5G with 11 5G Bands, Powerful MTK D700 Octa Core 2.2GH with Android 12,One UI Core 4|50MP+2MP Dual camera setup- True 50MP (F1.8) main camera + 2MP (F2.4) | 5MP (F2.0) front came|16.55 centimeters (6.5-inch) LCD, HD+ resolution with 720 x 1600 pixels resolution, 269 PPI with 16M color|5000mAH lithium-ion battery, 1 year manufacturer warranty for device and 6 months manufacturer warranty for in-box accessories including batteries from the date of purchase",https://m.media-amazon.com/images/I/41Ims-JX0kL._SX300_SY300_QL70_ML2_.jpg,"{""main_cat"": ""Electronics"", ""sub_cat1"": ""Mobiles&Accessories"", ""sub_cat2"": ""Smartphones&BasicMobiles"", ""sub_cat3"": ""Smartphones""}"
"DYAZO USB 3.0 Type C Female to USB A Male Connector/Converter/Adapter Compatible for Samsung Galaxy Note s 20 10 Plus Ultra,Google Pixel 4 5 3 2 & Other Type-c Devices",Electronics|Mobiles&Accessories|MobileAccessories|Cables&Adapters|OTGAdapters,$1.67,$5.99,72%,"Compatibility: The Dyazo OTG USB is universally compatible with multiple devices including laptops, tablets, and smartphones for as long as they have a USB Type-C few examples are Samsung Galaxy (Note 10/ S20 FE Plus ),Google Pixel (4 5 4a 3 3A ,S21 ,13)|Product LIMITATION: This is a USB-C female to USB-A male adapter is made for charging cell phone or data sync transfer and it will NOT support video signal transmission. also does not support apple magsafe wireless|Fast data transfer: The Dyazo OTG USB offers an exceptionally fast data transfer speed 480 mbps saving you a lot of time that you would have otherwise wasted waiting & charging speed is 2 amp|Mini USB C adapter: This provision by Dyazo OTG USB stands the smallest in existence so far that can perfectly click in place.|Durability: The durability of the Dyazo OTG is beyond reproach, credit to the high-quality aluminum components that make it last longer.",https://m.media-amazon.com/images/I/4111qlSCaKL._SY300_SX300_QL70_ML2_.jpg,"{""main_cat"": ""Electronics"", ""sub_cat1"": ""Mobiles&Accessories"", ""sub_cat2"": ""MobileAccessories"", ""sub_cat3"": ""Cables&Adapters"", ""sub_cat4"": ""OTGAdapters""}"
"KINGONE Wireless Charging Pencil (2nd Generation) for iPad with Magnetic and Tilt Sensitive, Palm Rejection, Compatible with Apple iPad Pro 11 inch 1/2/3/4, iPad Pro 12.9 Inch 3/4/5/6, iPad Air 4/5, mini6",Electronics|Mobiles&Accessories|MobileAccessories|StylusPens,$31.20,$84.02,63%,"【2022 latest iPad Magnetic Charging】 The latest iPad pen developed by KINGONE provides true wireless charging without cables, just like Apple Pencil2. Automatic Bluetooth pairing and charging. You can keep charging your iPad while you carry it. It also perfectly solves the problems of obvious heating, slow charging, and sudden crash of the iPad when charging other wireless charging styluses. You can use it without any worries|【Ultra-High-Precision 0-delay】KINGONE's latest iPad pencil is equipped with the latest ultra-high-precision chip, which solves various problems such as slow response, disconnection, delay, and misalignment of other styluses. Whether you're drawing or taking notes, you can use it comfortably and have the same writing comfort as the Apple Pencil as if you were writing on real paper|【Excellent Easy of Use】This iPad stylus uses physical buttons. Compared with other touch switches, there will be no accidental power on/off, which greatly improves the ease of use and experience. 6 major functions such as quick screenshot, handwriting in the text box, shape correction, and return to the [home screen] with a single switch, enjoy iPad anytime, anywhere! Additionally, the nib is interchangeable with Apple Pencil 1st/2nd generation for a wide range of applications|【Tilt Sensing & Malfunction Prevention】KINGONE's latest iPad stylus is equipped with anti-palm touch and tilt sensing functions, allowing your hands to rest naturally on the iPad, just like drawing on paper. You can dynamically adjust the thickness of the lines according to the placement angle of the chip, and draw and write as you like. The perfect gift for parents, kids, friends, colleagues, and classmates!|【Compatible Models & Warranty】Pay attention to the applicable models! Please check your iPad model before purchasing. Compatible Models: iPad Pro 12.9-inch (3rd/4th/5th/6th generation), iPad Pro 11-inch, iPad Air (3rd/4th generation), iPad mini 6. If you have any questions during use, please don't hesitate to contact us",https://m.media-amazon.com/images/I/217Lv1D3bHL._SX300_SY300_QL70_ML2_.jpg,"{""main_cat"": ""Electronics"", ""sub_cat1"": ""Mobiles&Accessories"", ""sub_cat2"": ""MobileAccessories"", ""sub_cat3"": ""StylusPens""}"
boAt BassHeads 100 in-Ear Wired Headphones with Mic (Black),"Electronics|Headphones,Earbuds&Accessories|Headphones|In-Ear",$4.38,$11.99,63%,"The perfect way to add some style and stand out from the crowd with the boAt BassHeads 100 ""Hawk"" inspired earphones. Impedance 16Ω, Sensitivity (dB) 92db ±3db, Frequency Response 20Hz-20KHz|The stylish BassHeads 100 superior coated wired earphones are a definite fashion statement - wear your attitude with its wide variety of collection|The powerful 10mm dynamic driver with the speaker resistance of 16 ohm enables the earphone to deliver a punchy, rhythmic response to the most demanding tracks|Features a HD microphone to make crystal clear calls - making life easier on the go, play/pause music or answer/end calls with one-click, track forward with two-clicks or back with 3 clicks make these earphones extremely user-friendly|With 1.2 meters perfect length cable now plug it in anywhere with ease - while the earphones are extremely user-friendly and stylish, extruding premium coating on the wire cable is a manufacturing process that we've been performing and refining since our company's inception|Its impeccable fit won't let you take these wonderfully amazing earphones off, fits you perfectly without hurting your ears and the perfect arc, with different size ear tips helps you in achieving superior comfort even with long listening hours.|1 year warranty from the date of purchase",https://m.media-amazon.com/images/I/31IdiM9ZM8L._SX300_SY300_QL70_FMwebp_.jpg,"{""main_cat"": ""Electronics"", ""sub_cat1"": ""Headphones,Earbuds&Accessories"", ""sub_cat2"": ""Headphones"", ""sub_cat3"": ""In-Ear""}"
"boAt Airdopes 141 Bluetooth Truly Wireless in Ear Earbuds with mic, 42H Playtime, Beast Mode(Low Latency Upto 80ms) for Gaming, ENx Tech, ASAP Charge, IWP, IPX4 Water Resistance (Bold Black)","Electronics|Headphones,Earbuds&Accessories|Headphones|In-Ear",$18.00,$53.90,67%,"Playback- Enjoy an extended break on weekends with your favourite episodes on stream, virtue of a playback time of up to 42 hours including the 6 hours nonstop playtime for earbuds. Frequency 20Hz-20KHz|Low Latency- Our BEAST mode makes these true wireless earbuds a partner in entertainment with real-time audio and low latency experience.|Clear Voice Calls- It dons built-in mic on each earbud along with our ENx Environmental Noise Cancellation tech that ensures a smooth delivery of your voice via voice calls.|boAt Signature Sound- Delve into your cherished boAt Immersive auditory time with Airdopes 141.|ASAP Charge- The earbuds are equipped with our ASAP Charge feature that offers up to 75 min of playtime in just 5 min of charge; while the carry case comes along with the Type C interface.|Instant Connect- Connect to your morning playlists without any hiccup via the Insta Wake N’ Pair technology that powers on these true wireless earbuds as soon as you open the case cover.|IP Rating- The earbuds' body comes protected with IPX4 rating for water and sweat resistance.",https://m.media-amazon.com/images/I/31GUbeFG3FL._SX300_SY300_QL70_FMwebp_.jpg,"{""main_cat"": ""Electronics"", ""sub_cat1"": ""Headphones,Earbuds&Accessories"", ""sub_cat2"": ""Headphones"", ""sub_cat3"": ""In-Ear""}"
"Fire-Boltt Phoenix Smart Watch with Bluetooth Calling 1.3"",120+ Sports Modes, 240*240 PX High Res with SpO2, Heart Rate Monitoring & IP67 Rating",Electronics|WearableTechnology|SmartWatches,$23.99,$120.04,80%,"Fire-Boltt is India' No 1 Wearable Watch Brand Q122 by IDC Worldwide quarterly wearable device tracker Q122.【Bluetooth Calling Watch】- Fire-Boltt Phoenix enables you to make and receive calls directly from your watch via the built-in speaker and microphone. This smartwatch features a dial pad, option to access recent calls & sync your phone’s contacts.;【High Resolution Display】- Comes with a 1.3"" TFT Color Full Touch Screen and a 240*240 Pixel High Resolution this watch is covered to flaunt the sleek and stylish look always.|【120+ Sports Modes】- Track each activity effectively with this smartwatch & activity tracker. Track your calories, steps and much more while you are on your fitness journey. This fitness tracker has it all;【In Built Mic & Speaker】- Get HD calling experience with this power-packed watch. Enhance the look of your wrist with attractive colors and sleek finish|【Smart Health】- With the latest HRS3300 technology track your heart rate anytime of the day or even while you perform some activity. The optical sensors assure results so accurate. Monitor your blood oxygen levels to stay fit and healthy;【Smartphone Notifications】- Get all your mobile phone notifications on this 1.3"" Round Display Full touch smartwatch and never be late for a meeting, party or date.|【Gaming On Wrist】- Enjoy playing games on the wrist itself as you are on the go. 【Breathe Function】- Ensure your breathing exercise is fit and healthy with the breathing function.; 【Multiple Watch Faces】- Over 100 Cloud based watch faces to choose from and match your outfit and look each day everyday|Included Components: 1 Smartwatch, 1 Manual, 1 Magnetic Charger, 1 Warranty Card; Band Color: Black; Band Material Type: Silicone; Color Name: Black; Human Interface Input: Buttons touch Screen; Case Material Type: Stainless Steel; Clasp Type: Tang Buckle; Compatible Devices: Smartphone tablet iphone android, **Disclaimer** The charging USB needs to be connected to a 4.7V to 5V adapter only for best battery backup",https://m.media-amazon.com/images/I/41sHRWXCfvL._SX300_SY300_QL70_FMwebp_.jpg,"{""main_cat"": ""Electronics"", ""sub_cat1"": ""WearableTechnology"", ""sub_cat2"": ""SmartWatches""}"
"boAt Wave Call Smart Watch, Smart Talk with Advanced Dedicated Bluetooth Calling Chip, 1.69” HD Display with 550 NITS & 70% Color Gamut, 150+ Watch Faces, Multi-Sport Modes,HR,SpO2, IP68(Active Black)",Electronics|WearableTechnology|SmartWatches,$21.60,$95.92,77%,"Bluetooth Calling- Wave Call comes with a premium built-in speaker and bluetooth calling via which you can stay connected to your friends, family, and colleagues|Dial Pad- Its dial pad is super responsive and convenient. You can also save upto 10 contacts in this smart watch|Screen Size- Wave Call comes with a 1.69” HD Display that features a bold, bright, and highly responsive 2.5D curved touch interface|Resolution- With 550 nits of brightness get sharper color resolution that brightens your virtual world exponentially.|Design- The ultra slim and lightweight design of the watch is ideal to keep you surfing your wave all day!|Watch Faces- Wave Call comes with 150+ Cloud watchfaces for you to pick from, complementing your every mood and outfit|HR, SpO2 & Breathing- Monitor your heart rate and blood oxygen levels on-the-go with the heart rate and SpO2 monitor. It also comes with Guided Breathing to help you relax and embrace mindfulness.",https://m.media-amazon.com/images/I/41d69zua5LL._SX300_SY300_QL70_FMwebp_.jpg,"{""main_cat"": ""Electronics"", ""sub_cat1"": ""WearableTechnology"", ""sub_cat2"": ""SmartWatches""}"
"boAt Airdopes 121v2 in-Ear True Wireless Earbuds with Upto 14 Hours Playback, 8MM Drivers, Battery Indicators, Lightweight Earbuds & Multifunction Controls (Active Black, with Mic)","Electronics|Headphones,Earbuds&Accessories|Headphones|In-Ear",$15.59,$35.89,57%,"Playback- Airdopes 121v2 offers a nonstop playback of up to 3.5H with each charge and an additional 10.5H playtime with the included charging case|Lightweight- With a dual tone finish on a lightweight ergonomic design weighing just around 4g per earbud, get ready to groove in full flow with Airdopes 121v2v2 TWS earbuds|Drivers- It possesses powerful 8mm drivers that pump out immersive auditory experience all day long|Battery Indicator- Its carry cum charge case also has the battery LED indicator that shows the remaining power for the case|Controls- The true wireless earbuds offer easy access multifunction button controls with stereo calling feature for an overall seamless user experience.|Bluetooth- These true wireless earbuds offer a true wireless experience for real time audio with Bluetooth v5.0.|Voice Assistant- You can access the instant voice assistant via just a single press of the Multifunction Button|1 year warranty from the date of purchase",https://m.media-amazon.com/images/I/31KjuRb9oNL._SX300_SY300_QL70_FMwebp_.jpg,"{""main_cat"": ""Electronics"", ""sub_cat1"": ""Headphones,Earbuds&Accessories"", ""sub_cat2"": ""Headphones"", ""sub_cat3"": ""In-Ear""}"
"SanDisk Ultra® microSDXC™ UHS-I Card, 64GB, 140MB/s R, 10 Y Warranty, for Smartphones",Electronics|Accessories|MemoryCards|MicroSD,$6.83,$12.00,43%,Ideal storage for Android smartphones and tablets|Up to 140MB/s transfer speeds to move up to 1000 photos per minute|Load apps faster with A1-rated performance|Class 10 for Full HD video recording and playback|Compatible with SanDisk MobileMate USB 3.0 microSD card reader,https://m.media-amazon.com/images/I/41ML8ZbPiiL._SY300_SX300_QL70_FMwebp_.jpg,"{""main_cat"": ""Electronics"", ""sub_cat1"": ""Accessories"", ""sub_cat2"": ""MemoryCards"", ""sub_cat3"": ""MicroSD""}"
"Noise Pulse Go Buzz Smart Watch Bluetooth Calling with 1.69"" Display, 550 NITS, 150+ Cloud Watch Face, SPo2, Heart Rate Tracking, 100 Sports Mode with Auto Detection, Longer Battery (Jet Black)",Electronics|WearableTechnology|SmartWatches,$24.00,$60.01,60%,"Sharp and bright display: The 1.69’’ TFT display with 240*280px and 550 nits brightness ensures visual treat every time you look at the watch.|Tru Sync: Experience fast and stable connectivity with low power consumption.|BT calling: Stay in touch with your friends - right from your wrist.|Utility features: Use the utility features at your disposal and become more productive - get hand wash reminders, idle alert and drink water reminder, weather forecast, set alarms and more.|Noise Health Suite: Lead a better life with the battery of wellness features available in Noise Health Suite.|150+ cloud-based & customised watch faces: Style your watch the way you like to – choose from 150 cloud-based & customised watch faces.|100 sports modes with auto sports detection: Stay active and track all that you are doing with auto sports detection mode.",https://m.media-amazon.com/images/W/WEBP_402378-T2/images/I/41Peg4pz7fL._SX300_SY300_QL70_FMwebp_.jpg,"{""main_cat"": ""Electronics"", ""sub_cat1"": ""WearableTechnology"", ""sub_cat2"": ""SmartWatches""}"
"boAt Rockerz 255 Pro+ in-Ear Bluetooth Neckband with Upto 40 Hours Playback, ASAP  Charge, IPX7, Dual Pairing, BT v5.0, with Mic (Active Black)","Electronics|Headphones,Earbuds&Accessories|Headphones|In-Ear",$16.79,$47.90,65%,Playback- Leave all charging worries at bay as the Rockerz 255 Pro+ comes with a humongous battery back up of upto 40 hours(@50% volume|ASAP Charge- With a few minutes of ASAP Charge you can get upto 10 hours of audio time by charging them for only 10 mins. Charging Tme : 1.5 H|Drivers- The unbeatable boAt signature sound shines through no matter what are you playing courtesy its 10mm drivers.|IP Rating- Rockerz 255 Pro+ are perfect for the outdoors and daily workout as they are IPX7 rated.|Controls- Its multi-function Integrated controls lends an intuitive listening experience with volume increase and Decrease and Stop and Play buttons|Dual Pairing- This neckband features dual pairing so that you can connect 2 devices at once. Live a wireless life with advanced BT 5.0 technology.|Magnetic Earbuds- Live tangle- free life with its magnetic earbuds. Note: They do not support play/pause function,https://m.media-amazon.com/images/W/WEBP_402378-T1/images/I/31HCup1pqFL._SX300_SY300_QL70_FMwebp_.jpg,"{""main_cat"": ""Electronics"", ""sub_cat1"": ""Headphones,Earbuds&Accessories"", ""sub_cat2"": ""Headphones"", ""sub_cat3"": ""In-Ear""}"
"ZEBRONICS Zeb-Bro in Ear Wired Earphones with Mic, 3.5mm Audio Jack, 10mm Drivers, Phone/Tablet Compatible(Black)","Electronics|Headphones,Earbuds&Accessories|Headphones|In-Ear",$1.79,$4.79,63%,The earphone comes with a snug fit providing utmost comfort while wearing them regularly. Connect the 3.5mm jack to the phone and wait for a few seconds for the product to get sync with the phone. Water Resistant : Yes|The snug-fit also ensures a passive noise cancellation so that you can bask in the pure audio experience.|Impedance 16 Ω|Frequency response 20Hz-20kHz|Cable length 1.2m|Country of Origin: China,https://m.media-amazon.com/images/W/WEBP_402378-T2/images/I/31DYx7AhW6L._SX300_SY300_QL70_FMwebp_.jpg,"{""main_cat"": ""Electronics"", ""sub_cat1"": ""Headphones,Earbuds&Accessories"", ""sub_cat2"": ""Headphones"", ""sub_cat3"": ""In-Ear""}"
"JBL C100SI Wired In Ear Headphones with Mic, JBL Pure Bass Sound, One Button Multi-function Remote, Angled Buds for Comfort fit (Black)","Electronics|Headphones,Earbuds&Accessories|Headphones|In-Ear",$7.19,$11.99,40%,"JBL Signature Sound|Lightweight and Comfortable : The 3 sizes of ear tips (S,M,L) that are included allow you to choose a size that gives you the most comfortable listening experience even for longer listening periods|JBL Signature Sound. Frequency range:20-20kHz,Driver sensitivity:100±3dBSPL, 1mW,Maximum SPL:5mW|Extra Deep Bass. Troubleshooting steps : Kindly ensure 3.5mm port on Host device is clean and dust free and 3.5mm jack of the earphone is adequately inserted inside the input device port|Noise Cancelling Microphone|One-Button Universal Remote with Mic|Quick Launch Access to Google Assistant / Siri",https://m.media-amazon.com/images/W/WEBP_402378-T2/images/I/31NnmYempPL._SX300_SY300_QL70_FMwebp_.jpg,"{""main_cat"": ""Electronics"", ""sub_cat1"": ""Headphones,Earbuds&Accessories"", ""sub_cat2"": ""Headphones"", ""sub_cat3"": ""In-Ear""}"
"boAt Rockerz 450 Bluetooth On Ear Headphones with Mic, Upto 15 Hours Playback, 40MM Drivers, Padded Ear Cushions, Integrated Controls and Dual Modes(Luscious Black)","Electronics|Headphones,Earbuds&Accessories|Headphones|On-Ear",$14.65,$47.90,69%,"Playback- It provides a massive battery backup of upto 15 hours for a superior playback time. Charging Time : 3 Hours|Drivers- Its 40mm dynamic drivers help pump out immersive HD audio all day long.|Earcushions- It has been ergonomically designed and structured as an on-ear headphone to provide the best user experience with its comfortable padded earcushions and lightweight design|Controls- You can control your music without hiccups using the easy access controls, communicate seamlessly using the built-in mic, access voice assistant and always stay in the zone|Dual Modes- One can connect to boAt Rockerz 450 via not one but two modes, Bluetooth as well as AUX|1 year warranty from the date of purchase",https://m.media-amazon.com/images/W/WEBP_402378-T2/images/I/315vj6oj-FL._SX300_SY300_QL70_FMwebp_.jpg,"{""main_cat"": ""Electronics"", ""sub_cat1"": ""Headphones,Earbuds&Accessories"", ""sub_cat2"": ""Headphones"", ""sub_cat3"": ""On-Ear""}"
"boAt Wave Lite Smartwatch with 1.69"" HD Display, Sleek Metal Body, HR & SpO2 Level Monitor, 140+ Watch Faces, Activity Tracker, Multiple Sports Modes, IP68 & 7 Days Battery Life(Active Black)",Electronics|WearableTechnology|SmartWatches,$18.00,$83.91,79%,"Screen Size: The 1.69 inch HD full touch display with 500 nits of brightness will bring every detail to life!|Resolution: Get sharper color resolution that brightens your virtual world exponentially.|Slim Design: The ultra slim and lightweight design of the watch is ideal to keep you surfing your wave all day!|Sports Modes: Track your daily activity: calories burnt & steps taken. Choose from multiple sports modes which include Walking, Running, Cycling, Climbing, Yoga, Basketball, Football & many more|Google Fit & Apple Health: The watch supports Google and Apple Fit to seamlessly monitor your health.|IP Rating: Sweat freely while you work out with IP68 dust, sweat and splash resistance.|Watch Faces- Customize your style with 140+ based watch faces.",https://m.media-amazon.com/images/W/WEBP_402378-T1/images/I/41rxRY5TDSL._SX300_SY300_QL70_FMwebp_.jpg,"{""main_cat"": ""Electronics"", ""sub_cat1"": ""WearableTechnology"", ""sub_cat2"": ""SmartWatches""}"
"JBL C50HI, Wired in Ear Headphones with Mic, One Button Multi-Function Remote, Lightweight & Comfortable fit (Black)","Electronics|Headphones,Earbuds&Accessories|Headphones|In-Ear",$5.99,$11.99,50%,"JBL Signature Sound|Lightweight and comfortable: The 3 sizes of ear tips (S,M,L) that are included allow you to choose a size that gives you the most comfortable listening experience even for longer listening periods.|High Clean Bass. Troubleshooting steps : Kindly ensure 3.5mm port on Host device is clean and dust free and 3.5mm jack of the earphone is adequately inserted inside the input device port|Noise Isolation Microphone, Dynamic frequency response range (Hz) 20 Hz – 20 kHz. One-Button Universal Remote with Mic|Quick Launch Access to Google Assistant / Siri|Ultra Lightweight and Comfortable with 3 sizes of ear tips|High Fidelity Twin Cable|What's in the box : 1 pair JBL C50HI headphone, 3 sets of ear tips (S, M, L), 1 Warranty and safety card",https://m.media-amazon.com/images/I/31rmf+p45oL._SY300_SX300_.jpg,"{""main_cat"": ""Electronics"", ""sub_cat1"": ""Headphones,Earbuds&Accessories"", ""sub_cat2"": ""Headphones"", ""sub_cat3"": ""In-Ear""}"
"pTron Bullet Pro 36W PD Quick Charger, 3 Port Fast Car Charger Adapter - Compatible with All Smartphones & Tablets (Black)",Electronics|Mobiles&Accessories|MobileAccessories|Chargers|AutomobileChargers,$4.19,$15.59,73%,"PTron bullet pro is a 36w charging power car charger passed the rigorous test by USB compliance standard and it's fast and safe to provides you the best possible quick charging performance|Qualcomm quick charge 3.0 technology charges QC3.0 enabled smartphones up to 80 percent faster, up to 4X faster than standard chargers via USB C or micro USB cable (cables are not included)|You can charge 3 devices simultaneously, it features 2 USB ports, 1 type C port, and 36w device output which is more than enough to charge smartphones or tablets at the same time|With a built-in USB Type-C port with Power Delivery (PD), charge all USB-C compatible devices at full speed from this travel-ready car outlet adapter.|It's built-in smart IC chip, ensures complete protection for you and your devices, including over-heating, over-current, high-temperature protection and short-circuit protection|It is compact, lightweight, well build quality and can be easily carried in a pocket, purse or suitcase|Extensive compatibility with USB-C and USB-powered devices including phones, tablets, dash cams, etc",https://m.media-amazon.com/images/W/WEBP_402378-T2/images/I/41LZP1CmYRL._SX300_SY300_QL70_FMwebp_.jpg,"{""main_cat"": ""Electronics"", ""sub_cat1"": ""Mobiles&Accessories"", ""sub_cat2"": ""MobileAccessories"", ""sub_cat3"": ""Chargers"", ""sub_cat4"": ""AutomobileChargers""}"
"Noise ColorFit Pulse Grand Smart Watch with 1.69""(4.29cm) HD Display, 60 Sports Modes, 150 Watch Faces, Fast Charge, Spo2, Stress, Sleep, Heart Rate Monitoring & IP68 Waterproof (Jet Black)",Electronics|WearableTechnology|SmartWatches,$19.20,$48.01,60%,"1.69"" grand display: Get the rich immersive viewing experience on the 1.69"" LCD display.;60 sports modes: Take your pick from a wide range of 60 sports modes. Charging Time 2.5 hours|Instant charge: Now enjoy more than a day’s worth/25 hours of battery in just 15 minutes of charge. Battery Capacity: 260 mAh;150+ cloud-based & customisable watch faces: Choose from 150+ cloud-based and customisable watch faces and change your look to suit your outfit.|Noise Health suite: Get valuable insights about your health from Noise Health Suite featuring 24*7 heart rate, stress, blood oxygen, sleep monitor and menstrual cycle tracking.;Quick-replies to texts and calls: Stay in touch with the world with quick replies available for Android.|IP68 waterproof: Live your life the way you want to, thanks to the IP68 waterproof rating.; 7-day battery: Charge your watch once and go about your week without a hitch.|Connectivity Technology: Usb; Compatible Devices: Smartphone; Included Components: ‎Smartwatch, Magnetic Charger, User Manual, Warranty Card; Item Type Name: Smartwatch",https://m.media-amazon.com/images/W/WEBP_402378-T1/images/I/41qqmdUWnhL._SX300_SY300_QL70_FMwebp_.jpg,"{""main_cat"": ""Electronics"", ""sub_cat1"": ""WearableTechnology"", ""sub_cat2"": ""SmartWatches""}"
"Fire-Boltt Ninja 3 Smartwatch Full Touch 1.69 & 60 Sports Modes with IP68, Sp02 Tracking, Over 100 Cloud based watch faces - Black",Electronics|WearableTechnology|SmartWatches,$18.00,$96.03,81%,"Fire-Boltt is India' No 1 Wearable Watch Brand Q122 by IDC Worldwide quarterly wearable device tracker Q122.【1.69” HD Large Touch Screen】- Fire-Boltt Ninja 3 comes with a 1.69” HD Full Touch Display for smooth swipes and clear vision;【SPO2/ Oxygen, Heart Rate】 - Fire-Boltt Ninja 3 Smartwatch comes with real time 24*7 SPO2 / Blood Oxygen tracking, Dynamic Heart Rate Monitoring (If a patient is suffering from Covid 19 please use a medical device prescribed by the Doctor)|【60 workout modes】- This smartwatch consists of 60 sports mode to track. Keep a track of all your activities and compare history to analyse your performance. Count steps, distance, and calories burned.;【IP68 Water Resistant】- This smartwatch can withstand dust, spills, raindrops and is sweatproof too|【POWERFUL BATTERY】 - About 7 days battery life and a Standby Time of 25 Days 【Multiple Watch Faces】- Unlimited Customized Built in Watch Faces and also multiple watch faces through the app;【Stay Social Stay Updated】 – Inbuilt Social Media Notifications.|【All In One Smart Coach】 - Track your Daily Steps, Sleep, Fitness, Sports, Heart Rate and SPO2 【Enjoy Music And Camera Control】 【IP68 Water Resistant】- This smartwatch can withstand dust, spills, raindrops and is sweatproof too;Clasp type: Tang Buckle; water_resistance_level: water_resistant. System requirements: Compatible with android 4.4 or above, iOS 8.0 or above, Bluetooth version 5.1 or above.|Case Material Type: Plastic; Connectivity Technology: Bluetooth; Compatible Devices: Smartphonetablet; Band Material Type: Silicone; Color Name: Black; Human Interface Input: Touch Screenbuttons; Item Type Name: Smart Watch; Included Components: 1 Smartwatch, 1 Manual, 1 Magnetic Charger, 1 Warranty Card; Band Color: Black",https://m.media-amazon.com/images/W/WEBP_402378-T2/images/I/41ApzUQQFVL._SX300_SY300_QL70_FMwebp_.jpg,"{""main_cat"": ""Electronics"", ""sub_cat1"": ""WearableTechnology"", ""sub_cat2"": ""SmartWatches""}"
Boult Audio BassBuds X1 in-Ear Wired Earphones with 10mm Extra Bass Driver and HD Sound with mic(Black),"Electronics|Headphones,Earbuds&Accessories|Headphones|In-Ear",$3.95,$11.99,67%,"In-line Controls: Answer/reject/ calls, play/pause, voice command.|Ergonomically designed drivers: Aerospace grade AL alloy drivers give the best acoustics, 3D HD sound and a punchy bass. IPX5 Water-Resistant|Ear fins for Sport Fit: Ear loop hold your buds in ear stably (colour of the ear loops may vary), perfectly fit for running, climbing, hiking, cycling etc|Extra Bass: Boult’s Neodymium technology enables drivers to deliver extra punchy and deep bass with accentuates the warm mids and crystal clear sparky highs|Built-in Mic: Condenser microphone for HD calls and Siri/ Google assistant voice command|Lightweight , comfortable & premium metallic finish, Tangle Free",https://m.media-amazon.com/images/I/31DbAD6EoCL._SX300_SY300_QL70_FMwebp_.jpg,"{""main_cat"": ""Electronics"", ""sub_cat1"": ""Headphones,Earbuds&Accessories"", ""sub_cat2"": ""Headphones"", ""sub_cat3"": ""In-Ear""}"
"Fire-Boltt India's No 1 Smartwatch Brand Talk 2 Bluetooth Calling Smartwatch with Dual Button, Hands On Voice Assistance, 60 Sports Modes, in Built Mic & Speaker with IP68 Rating",Electronics|WearableTechnology|SmartWatches,$26.40,$120.04,78%,"【Bluetooth Calling Watch】- Fire-Boltt Talk 2 enables you to make and receive calls directly from your watch via the built-in speaker and microphone. This smartwatch features a dial pad, option to access recent calls & sync your phone’s contacts.;【Dual Button Technology】- This smartwatch has dual buttons to carry out the tasks more efficiently and easily. Use the first button to change the menu style and to return to the first page, use the second button to quickly land to the exercise page|【Voice Assistant】- Command your mobile phone with your smartwatch, the watch has a voice assistant built in to make work easy and fast. Tap on the AI feature to activate the mobile phone voice assistant and make calls smoothly, or hear the weather update;【60 Sports Modes】- Track 60 different sports mode like running, walking, climbing, kabbadi, cricket and many more, get the benefit of every sweat and calorie lost【IP68 Water Resistant】- This smartwatch can withstand dust, spills, raindrops and is sweatproof too.|【Built In Mic & Speaker】- Enjoy listening to your favour ite tunes on the watch and experience HD Calling through the built in Mic;【1.28 inch HD Display】- This smartwatch has a 1.28” TFT LCD Full Touch Display with a 2D High Hardness Glass for super protection and a high resolution of 240*240 pixels 【Full Metal Body】- This watch is long lasting and durable with its metal body feature|【SPo2 Monitoring】- Monitor your blood oxygen levels any time anywhere. 【360 Health Ecosystem】- With this watch track your heart rate, calorie, step count and multiple sports modes with easy touch;【Play Games On Your Wrist】- Play 2 mini games in your pastime or leisure time.; 【Smart Notification】- Get all your mobile phone notifications on the watch and stay updates about trends, meeting emails and much more. 【Remotely access smartphone features】- Click pictures, change music tracks on the watch with a single touch.;Clasp type: Tang Buckle; nanwater_resistant. System requirements: Compatible with android 4.4 or above, iOS 8.0 or above, Bluetooth version 5.0 and above.|Compatible Devices: Smartphonetablet; Band Material Type: Silicone; Human Interface Input: Buttonstouch Screenmicrophone; Band Color: Black; Color Name: Black; Included Components: 1u Smartwatch, 1u Charging Cable, 1u Manual; Item Type Name: Smart Watch",https://m.media-amazon.com/images/I/41Mce3f9faL._SX300_SY300_QL70_FMwebp_.jpg,"{""main_cat"": ""Electronics"", ""sub_cat1"": ""WearableTechnology"", ""sub_cat2"": ""SmartWatches""}"
"Duracell Ultra Alkaline AA Battery, 8 Pcs",Electronics|GeneralPurposeBatteries&BatteryChargers|DisposableBatteries,$3.19,$3.78,16%,"Lasts up to 100% longer* (*Longevity performance compared to the Minimum Average Duration of the 2015 IEC AA Digital Camera test. Results may vary by device or usage pattern.)|Our best battery, suited for everyday devices with extra performance for high drain devices|Available in AAA, AA, C, D and 9V sizes|Superior Nylon top closure helps preventing our batteries from leakage|Duralock technology keeps unused Duracell batteries fresh and powered for up to 10 years in ambient storage",https://m.media-amazon.com/images/W/WEBP_402378-T2/images/I/415nVOD7bWL._SX300_SY300_QL70_FMwebp_.jpg,"{""main_cat"": ""Electronics"", ""sub_cat1"": ""GeneralPurposeBatteries&BatteryChargers"", ""sub_cat2"": ""DisposableBatteries""}"
boAt Bassheads 152 in Ear Wired Earphones with Mic(Active Black),"Electronics|Headphones,Earbuds&Accessories|Headphones|In-Ear",$5.39,$15.49,65%,"Break away from old habits through HD sound via 10mm drivers, crystal clear sound to your ears helps you execute what you have visualized perfectly, enhance your senses with the BassHeads 152.|Vibe your rhythm all day with fantastic bass heavy tunes that drown out your stress and brings back your search for the ultimate quest, it’s time to get kicking.|Communicate seamlessly with the inbuilt mic that has high sensitivity and a versatile frequency range to provide the ultimate experience; Foldable/Collapsible: Yes, Deep Bass: Yes With Microphone: Yes.|Durable and highly resistant, the braided cable adds to the nirvana with its soft feel and tangle resilient features, because wasting time is simply not an option when you’re a boAthead|Plug into convenience with the 3.5mm angled jack to begin your journey|1 year warranty from the date of purchase",https://m.media-amazon.com/images/I/31RiDkNjpjS._SX300_SY300_QL70_FMwebp_.jpg,"{""main_cat"": ""Electronics"", ""sub_cat1"": ""Headphones,Earbuds&Accessories"", ""sub_cat2"": ""Headphones"", ""sub_cat3"": ""In-Ear""}"
"Fire-Boltt Visionary 1.78"" AMOLED Bluetooth Calling Smartwatch with 368*448 Pixel Resolution 100+ Sports Mode, TWS Connection, Voice Assistance, SPO2 & Heart Rate Monitoring",Electronics|WearableTechnology|SmartWatches,$48.01,$204.07,76%,"Fire-Boltt is India' No 1 Wearable Watch Brand Q122 by IDC Worldwide quarterly wearable device tracker Q122.【Bluetooth Calling Watch】- Fire-Boltt Visionary enables you to make and receive calls directly from your watch via the built-in speaker and microphone. This smartwatch features a dial pad option to access recent calls & sync your phone’s contacts.;【1.78"" AMOLED Display】 - Fire-Boltt Visionary has a premium 368*448 Pixel Resolution and 1.78"" AMOLED Display which comes with the Always On feature.|【Over 100 Sports Modes】 - Walking, Running to Tedious Workout modes we have covered it all. Fire-Boltt Visionary smartwatch does a wonderful tracking job to each sports mode the user carries out in the day or at the gym.;【Connect TWS On The Go】- This smartwatch has an internal storage memory of about 128MB to store your songs and listen to local music on your bluetooth headset|【AI Voice Assistance】- Command your watch and let the magic happen. This special technology is in the Fire-Boltt Visionary Smartwatch;【Smart 360 Health Tracking】 - The Fire-Boltt Visionary Smartwatch comes with a complete package of health tracking features. From SpO2 tracking to real time heart rate tracking stay fit always. With the breathing exercise and women health the smartwatch is fit for each use and purpose|【IP68 Water Resistant】 - The smartwatch is fit to withstand sweat, dust, dirt and sand and is resistant to submersion upto a maximum depth of 1m of freshwater for up to twenty minutes.;【Smart Notifications】 - Keeping you notified on every second of all activities through your social media connects. Do not miss out on any notification that you receive on smartphone.; 【Remote Controls】 - Click numerous pictures and listen to your favourite songs by just one touch. 【Basic Reminders】 - Don't drink water or walk in normal breaks we have got you covered in that too with the sedentary reminders you will alwasy stay hydrated and will walk good, a step to a healthy life|Band Material Type: Silicone; Band Color: Black; Human Interface Input: Buttonstouch Screen; Included Components: 1 Smartwatch, 1 Manual, 1 Magnetic Charger, 1 Warranty Card; Case Material Type: Metal; Clasp Type: Tang Buckle; Color Name: Black; Compatible Devices: Smartphonetablet|The AMOLED provides over the line performance. It is thinner, lighter, flexible and one of the safest display technologies ever developed..Band Width:20 millimeters.Water resistance depth:1 meters",https://m.media-amazon.com/images/I/41r1d8a2WGL._SX300_SY300_QL70_FMwebp_.jpg,"{""main_cat"": ""Electronics"", ""sub_cat1"": ""WearableTechnology"", ""sub_cat2"": ""SmartWatches""}"
"boAt BassHeads 122 Wired Earphones with Heavy Bass, Integrated Controls and Mic (Gun Metal)","Electronics|Headphones,Earbuds&Accessories|Headphones|In-Ear",$4.79,$15.49,69%,Tune into Premium Audio with 10mm Drivers and enhance the vibes with BassHeads 122|Vibe in your rhythm all day with its Super Extra Bass and immerse into an enthralling time.|Communicate hands-free in a seamless way with the built-in mic that has high sensitivity and a versatile frequency range to provide the optimum calling experience|Plug Into Nirvana with the 3.5mm gold plated jack to begin your journey towards auditory bliss.,https://m.media-amazon.com/images/I/41dNRo8Hu8L._SX300_SY300_QL70_FMwebp_.jpg,"{""main_cat"": ""Electronics"", ""sub_cat1"": ""Headphones,Earbuds&Accessories"", ""sub_cat2"": ""Headphones"", ""sub_cat3"": ""In-Ear""}"
"Noise ColorFit Pro 4 Advanced Bluetooth Calling Smart Watch with 1.72"" TruView Display, Fully-Functional Digital Crown, 311 PPI, 60Hz Refresh Rate, 500 NITS Brightness (Charcoal Black)",Electronics|WearableTechnology|SmartWatches,$35.99,$72.02,50%,"Advanced Bluetooth calling: Upgrade to an effortless calling experience - attend/reject calls and dial numbers, from your wrist.;Digital crown: Navigate through the watch, adjust volume and change the watch face via the fully-functional crown.|1.72’’display: ColorFit Pro 4 features 1.72’’ TFT LCD with 25% more screen area than ColorFit Pro 3.;Vivid clarity: View information under the brightest sun, thanks to 311 PPI and 500 nits of brightness.|60Hz refresh rate: Get smoother scrolling & navigation experience.;100 sports modes: Take your pick from 100 sports modes and ace your game.|Noise Health Suite: Know how your body is doing with the battery of fitness features.;Productivity suite: Get more work done with quick reply options, stock market updates, alarm and disconnect with smart DND when you want to.; Water Resistance Level: Water Resistant|Item Type Name: Smartwatch; Connectivity Technology: Usb; Included Components: ‎Smartwatch, Magnetic Charger, User Manual, Warranty Card",https://m.media-amazon.com/images/I/413x7j3Z30L._SX300_SY300_QL70_FMwebp_.jpg,"{""main_cat"": ""Electronics"", ""sub_cat1"": ""WearableTechnology"", ""sub_cat2"": ""SmartWatches""}"
"HP w100 480P 30 FPS Digital Webcam with Built-in Mic, Plug and Play Setup, Wide-Angle View for Video Calling on Skype, Zoom, Microsoft Teams and Other Apps (Black)",Electronics|Cameras&Photography|VideoCameras,$5.99,$24.00,75%,"HP w100 480P HD Web Camera enables the user to experience good quality video calls and supports video quality up to 640x480 pixels with the latest version of skype, zoom, facebook, etc. It comes with 60° wide angle view for stunning visual experience.|Designed to record videos with quality up to 640x480 pixels for your YouTube uploads or any other social media uploads. The webcam supports the tripod stand, just plug the webcam via the USB port into the computer.|Comes with built-in noise isolating Mic which helps to avoid noise during video chats or while recording videos and also included AWB(Automatic White Balance) so that you get clear and natural images.|Equipped with Tripod ready universals clip which fits perfectly to the laptop and LCD monitors. It has a ability to swivel 270°, up-down adjustable web camera.|Universal compatibility with Plug N Play feature which uses USB 2.0 for connectivity, makes it an essential gadget which can be used in your daily life irrespective of you being at office or home. 1 year manufacturer warranty on the device from the date of purchase.",https://m.media-amazon.com/images/W/WEBP_402378-T1/images/I/31XFxTn1DCL._SX300_SY300_QL70_FMwebp_.jpg,"{""main_cat"": ""Electronics"", ""sub_cat1"": ""Cameras&Photography"", ""sub_cat2"": ""VideoCameras""}"
"SYVO WT 3130 Aluminum Tripod (133CM), Universal Lightweight Tripod with Mobile Phone Holder Mount & Carry Bag for All Smart Phones, Gopro, Cameras - Brown",Electronics|Cameras&Photography|Accessories|Tripods&Monopods|Tabletop&TravelTripods,$9.59,$47.90,80%,"LIGHTWEIGHT AND COMPACT: Weighs just over a pound. Extends to 22"", 30"", 40"" and 50"". Minimum Height: 16"". Carrying case included.. Centre Shaft Jacking System:Turn this button lightly to control jacking system. When the button is loose, the center shaft can up and down easily. When the button turn to tight, the height can be fixed. Camera can up and down smoothly and moving stably. The fully extended length can up to 105cm.|UNIVERSAL CELLPHONE HOLDER: Easy attachment & padded grip to avoid cellphone damage / Adjustable phone adapter fits all phone with a maximum stretch width of 3.4"".|LEVEL INDICATOR: Built-in bubble view levels and 3-way head to allow for tilt and swivel motion; portrait or landscape options.|WIDELY COMPATIBLE: Compatible with all video cameras, digital cameras, still cameras, projector, GoPro devices, smart phone adapters, and scopes.|3-Section, Lever-Lock Legs: Uneven terrain? Need to frame the shot just so? The tripod effortlessly accommodates custom set-ups thanks to its lever-lock legs, each with three extendable sections.|LIGHTWEIGHT AND COMPACT: Weighs just over a pound. Extends to 22"", 30"", 40"" and 50"". Minimum Height: 16"". Carrying case included.. Centre Shaft Jacking System:Turn this button lightly to control jacking system. When the button is loose, the center shaft can up and down easily. When the button turn to tight, the height can be fixed. Camera can up and down smoothly and moving stably. The fully extended length can up to 105cm.|UNIVERSAL CELLPHONE HOLDER: Easy attachment & padded grip to avoid cellphone damage / Adjustable phone adapter fits all phone with a maximum stretch width of 3.4"".",https://m.media-amazon.com/images/I/41Fm0YcrDqL._SX300_SY300_QL70_FMwebp_.jpg,"{""main_cat"": ""Electronics"", ""sub_cat1"": ""Cameras&Photography"", ""sub_cat2"": ""Accessories"", ""sub_cat3"": ""Tripods&Monopods"", ""sub_cat4"": ""Tabletop&TravelTripods""}"
"Boult Audio Airbass Z20 True Wireless, 40H Battery Life, Zen ENC Mic, Type-C Lightning Boult Fast Charging (10Mins=100Mins), BoomX Tech Bass, ENC, IPX5 in Ear Earbuds with mic (Green)","Electronics|Headphones,Earbuds&Accessories|Headphones|In-Ear",$16.79,$66.01,75%,"Offers playback time of up to 10 hours for every charge. Carrying case can give 4 additional charges to the earbuds making total play-time of up to 40 Hours.Note : If the size of the earbud tips does not match the size of your ear canals or the headset is not worn properly in your ears, you may not obtain the correct sound qualities or call performance. Change the earbud tips to ones that fit more snugly in your ears|Touch Controls & Voice Assistant: With one multifunction button, you can play/pause, previous/next track and answer/hang-up calls. Voice assistant function lets you access Siri/Google Assistant.|[Auto pairing ] Automatically pair with your device as soon as you take them out of the case. No need to manually pair to your device each time|IPX5 Water Resistant - Can comfortably be used in the outdoors or in the gym.",https://m.media-amazon.com/images/I/31Hjf7KD75L._SY300_SX300_.jpg,"{""main_cat"": ""Electronics"", ""sub_cat1"": ""Headphones,Earbuds&Accessories"", ""sub_cat2"": ""Headphones"", ""sub_cat3"": ""In-Ear""}"
"boAt Xtend Smartwatch with Alexa Built-in, 1.69” HD Display, Multiple Watch Faces, Stress Monitor, Heart & SpO2 Monitoring, 14 Sports Modes, Sleep Monitor, 5 ATM & 7 Days Battery(Charcoal Black)",Electronics|WearableTechnology|SmartWatches,$27.60,$95.92,71%,"Alexa- Alexa built-in Voice Assistant that sets reminders, alarms and answers questions from weather forecasts to live cricket scores at your command!|Screen Size- ;1.69"" big square colour LCD display with a round dial features complete capacitive touch experience to let you take control, effortlessly.|Watch Faces- Multiple watch faces with customizable options to match your OOTD, every day!|Brightness- The ambient light display allows automatic adjustment of brightness on the watch, suited to your environment|HR & SpO2- The watch comes with a stress monitor that reads your HR to indicate stress levels.It also monitors your heart rate and SpO2 (blood oxygen levels) to keep a tab on your overall health.|Sleep Monitor- Track all stages of sleep every night and keep a tab on your sleep health with the sleep monitoring feature on the watch.|Sports Friendly- Its 14 sports mode and 5 ATM dust, splash and sweat resistance makes it the perfect fitness companion to have.",https://m.media-amazon.com/images/W/WEBP_402378-T1/images/I/41lQan54SPL._SX300_SY300_QL70_FMwebp_.jpg,"{""main_cat"": ""Electronics"", ""sub_cat1"": ""WearableTechnology"", ""sub_cat2"": ""SmartWatches""}"
"Tygot Bluetooth Extendable Selfie Sticks with Wireless Remote and Tripod Stand, 3-in-1 Multifunctional Selfie Stick with Tripod Stand Compatible with iPhone/OnePlus/Samsung/Oppo/Vivo and All Phones",Electronics|Mobiles&Accessories|MobileAccessories|Photo&VideoAccessories|SelfieSticks,$4.79,$24.00,80%,This is a Bluetooth Enabled selfie Stick for Mobile Phone. Just click the wireless remote to capture the photo|Bluetooth Selfie Stick is provided with a tiny wireless remote that can be connected to your phone and can be used up to about 15 Ft|Ultra Light Selfie Stick can be used to Take selfies or capture your favourate videos. This multifunction tripod with selfie stick weighs only 113 Grams.. Rubber Grip : No|Tygot Mobile Selfie Stick is compact and foldable. It can be Extended up to 60 Cms long|Selfie Stand for Mobile Phone can be Rotated to 360 degree + 220 Degree Angular Adjustment,https://m.media-amazon.com/images/I/41MmsYTi06L._SX300_SY300_QL70_FMwebp_.jpg,"{""main_cat"": ""Electronics"", ""sub_cat1"": ""Mobiles&Accessories"", ""sub_cat2"": ""MobileAccessories"", ""sub_cat3"": ""Photo&VideoAccessories"", ""sub_cat4"": ""SelfieSticks""}"
"boAt Rockerz 330 in-Ear Bluetooth Neckband with Upto 30 Hours Playtime, ASAP  Charge, Signature Sound, Dual Pairing & IPX5 with Mic (Active Black)","Electronics|Headphones,Earbuds&Accessories|Headphones|In-Ear",$18.00,$47.90,62%,"Playback- Keep dancing to the tunes of your moods all day long as Rockerz 330 is backed with a playtime of upto 30 hours.|ASAP Charge- Charge for only 10 mins and get a playtime of 10 hours, so get yourself ready to flip through your favourite play list. Charge for 40 minutes to get full charge. Driver Size: 10mm x 2 Drivers|Drivers- The unbeatable boAt signature sound shines through no matter what you're playing via its powerful 10mm drivers, Charging Time 30-40 mins|IP Rating- Rockerz 330 is marked with IPX5 water and sweat resistance for a carefree listening time.|Dual Pairing- Take the advantage of dual pairing and connect 2 devices at once and enjoy real-time audio with Bluetooth v5.0|Design- The ergonomically designed neckband dons magnetic earbuds, has a premium alloy metal control board with high-grade silicone finish. Note- They do not support play/pause function|Controls and VA- Command your playback, hands-free and activate smart voice assistant easily via its smooth integrated controls|1 year warranty from the date of purchase",https://m.media-amazon.com/images/I/31gzRr9mIaS._SX300_SY300_QL70_FMwebp_.jpg,"{""main_cat"": ""Electronics"", ""sub_cat1"": ""Headphones,Earbuds&Accessories"", ""sub_cat2"": ""Headphones"", ""sub_cat3"": ""In-Ear""}"
boAt Bassheads 242 in Ear Wired Earphones with Mic(Blue),"Electronics|Headphones,Earbuds&Accessories|Headphones|In-Ear",$5.46,$17.89,69%,"Fly into your workouts with precise tones that inspire and energize your system with its HD sound, all the time.|Find a balanced audio sound set pumped through 10 mm dynamic drivers that can get real loud! Propped up by a banging bass, push your flow to higher limits|Get the sound in and sweat out with IPX 4 Water and Sweat Resistance here to elevate your game as crush those repetitions or a rigorous run|Coolly crafted midway down the cable to endorse practicality mixed with an aesthetic design that allows for communication and music playlist control|Move with unrestrained dynamic freedom via shape adaptive secure fit ear hooks made for you to lose yourself in your workouts and your music|Fashionable with a loose freestyle, yet made to sustain through twisting, contorting and tangling so that you can carry your style and music with you everywhere|Bassheads 242 are compatible with almost every device that carries a 3.5mm slot|1 year warranty from the date of purchase",https://m.media-amazon.com/images/W/WEBP_402378-T1/images/I/41nGG6kJr9L._SX300_SY300_QL70_FMwebp_.jpg,"{""main_cat"": ""Electronics"", ""sub_cat1"": ""Headphones,Earbuds&Accessories"", ""sub_cat2"": ""Headphones"", ""sub_cat3"": ""In-Ear""}"
"DIGITEK® (DTR 260 GT) Gorilla Tripod/Mini 33 cm (13 Inch) Tripod for Mobile Phone with Phone Mount & Remote, Flexible Gorilla Stand for DSLR & Action Cameras",Electronics|Cameras&Photography|Accessories|Tripods&Monopods|TripodLegs,$4.79,$11.94,60%,"Heavy Duty: The Gorillapod mobile tripod is made of high quality ABS. Making it a very heavy duty product and giving it an exponentially longer life, as compared to other plastic based camera tripod. Ensuring that even with a very rough usage your mobile phone, camera, phone, DSLR and tripod stand are safe. If Shooting in rough conditions and environments you have a peace of mind that everything will be safe. Maximum load: 1kg|Rotating Sphere: An Anodised finishing rotating sphere in tripods for mobile or gorilla tripod ensures that you get a great load bearing capacity for your dslr camera, mobile tripod, DSLR tripod, gopro tripod. Along with an accurate angle lock. Which ensures that your phone stands can take photos at angles that you desire and will stay in that angle as long as needed. Which also ensures that no matter how heavy your device, the tripods is comfortable and can be used for a long duration.|Portable & Lightweight: A portable design ensures that you can carry and use your mini tripods for mobile effortlessly throughout the day. ABS makes the mini tripod exceptionally lightweight and durable. It is perfect for a long day of gorillapod tripod shooting. Being a camera stand tripod you can also view your mobile phone or DSLR camera recorded videos in rough and unstable environments. With a peace of mind that your tripods for mobile, dslr camera and mobile phone will be safe.|Clasp Lock: A clasp based lock brings in the tripod an easy to lock and accurate angle mechanism, to help you lock in the exact angle you desire for your tripod for dslr camera. It ensures that the angle for your gorillapod tripod for mobile remains exactly how you like, even after hours of usage. The clasp is made of a fail proof mechanism which will ensure your phone tripods never looses the angle while shooting a time-lapse type view.|Mobile Attachment and Bluetooth Remote for DSLR, Action Cameras & Smartphones",https://m.media-amazon.com/images/W/WEBP_402378-T1/images/I/41jOKzw6-EL._SX300_SY300_QL70_FMwebp_.jpg,"{""main_cat"": ""Electronics"", ""sub_cat1"": ""Cameras&Photography"", ""sub_cat2"": ""Accessories"", ""sub_cat3"": ""Tripods&Monopods"", ""sub_cat4"": ""TripodLegs""}"
"Samsung EVO Plus 128GB microSDXC UHS-I U3 130MB/s Full HD & 4K UHD Memory Card with Adapter (MB-MC128KA), Blue",Electronics|Accessories|MemoryCards|MicroSD,$12.71,$48.01,74%,"Up to 130MB/s read speed with UHS-I interface. Performance varies by capacity.|Works with cell phones, smartphones, Android tablets, tablet PCs, and more.|6-Proof protection: Waterproof, Temperature proof, X-ray proof, Magnet proof, Drop proof, Wearout proof|10-year limited warranty; For further queries, please contact us at 1800 30 7267864|Includes full size adapter for use in cameras, laptops, and desktop computers",https://m.media-amazon.com/images/I/31R6RP26dzL._SY300_SX300_QL70_FMwebp_.jpg,"{""main_cat"": ""Electronics"", ""sub_cat1"": ""Accessories"", ""sub_cat2"": ""MemoryCards"", ""sub_cat3"": ""MicroSD""}"
"Boult Audio ZCharge Bluetooth Wireless in Ear Earphones with Mic, 40H Playtime and Super Fast Charging, Environmental Noise Cancellation for Pro+ Calling and IPX5 Water Resistant (Black)","Electronics|Headphones,Earbuds&Accessories|Headphones|In-Ear",$14.39,$60.01,76%,"Note : If the size of the earbud tips does not match the size of your ear canals or the headset is not worn properly in your ears, you may not obtain the correct sound qualities or call performance. Change the earbud tips to ones that fit more snugly in your ears",https://m.media-amazon.com/images/I/31-1GGUrjUL._SX300_SY300_QL70_FMwebp_.jpg,"{""main_cat"": ""Electronics"", ""sub_cat1"": ""Headphones,Earbuds&Accessories"", ""sub_cat2"": ""Headphones"", ""sub_cat3"": ""In-Ear""}"
"Boult Audio AirBass PowerBuds with Inbuilt Powerbank, 120H Total Playtime, IPX7 Fully Waterproof, Lightning Boult Type-C Fast Charging, Low Latency Gaming, TWS Earbuds with Pro+ Calling Mic (Black)","Electronics|Headphones,Earbuds&Accessories|Headphones|In-Ear",$18.00,$108.03,83%,"One Touch Control & Voice Assistan:] With one multifunction button, you can play/pause, previous/next track and answer/hang-up calls.Voice assistant function lets you access siri/Google Assistant. 20m Transmission Distance. Driver Size : 6mm, Auto pairing|[Auto pairing ] Automatically pair with your device as soon as you take them out of the case. No need to manually pair to your device each time|Offers playback time of up to 6 hours for every charge. Carrying case can give 4 additional charges to the earbuds making total play-time of up to 120 Hours|Monopod Feature] The earbuds can be used separately after successful pairing. Not only listening to both earbuds in stereo mode, but also it can be used as monopods to enjoy the music & take calls|IPX7 waterproof- earbuds and charging case inner Nano-coating makes it possible to waterproof for 1 meters deep for 30 minutes.Ideal for sweating it out at the gym. Even Wash the earbuds and base|Designed with latest Bluetooth 5.0, the wireless earbuds own fast and stable transmission without tangling. Improved high quality mic for both earbuds bring a better call performance. 20m Transmission Distance",https://m.media-amazon.com/images/I/41vEB+mY55L._SY300_SX300_.jpg,"{""main_cat"": ""Electronics"", ""sub_cat1"": ""Headphones,Earbuds&Accessories"", ""sub_cat2"": ""Headphones"", ""sub_cat3"": ""In-Ear""}"
Eveready 1015 Carbon Zinc AA Battery - 10 Pieces,Electronics|GeneralPurposeBatteries&BatteryChargers|DisposableBatteries,$1.79,$2.16,17%,"Eveready’s Zinc Carbon Battery are considered one of the best battery for remote controls, clocks, small toys, torches, etc.|Highly durable & reliable technology|Available in wide range of sizes - AAA, AA, D, C and 9V sizes",https://m.media-amazon.com/images/W/WEBP_402378-T2/images/I/51MA5PwP6xL._SX300_SY300_QL70_FMwebp_.jpg,"{""main_cat"": ""Electronics"", ""sub_cat1"": ""GeneralPurposeBatteries&BatteryChargers"", ""sub_cat2"": ""DisposableBatteries""}"
"Boult Audio FXCharge with ENC, 32H Playtime, 5min=7H Type C Fast Charging, Zen ENC, 14.2 mm BoomX Rich Bass, IPX5, Bluetooth Wireless in Ear Earphones Neckband with mic (Black)","Electronics|Headphones,Earbuds&Accessories|Headphones|In-Ear",$11.99,$54.01,78%,"Environmental Noise Cancellation: Equipped with Dual Mics, experience a crystal clear calling experience, as ambient noises get filtered out.|Long Battery Life & Fast Charging: 32 hour Playback time & 5 Mins charge = 7 Hours Playback.|Soft Silicon Band with In-line controls: The light yet sturdy neck band provides supreme comfort for all-day use.|IPX5 Water Resistant: Use without any worries whether you are outdoors or at the gym.|Fast Pairing: Designed with latest Bluetooth 5.2 technology, the neckband pairs super-fast with your devices and transmits higher quality audio.",https://m.media-amazon.com/images/W/WEBP_402378-T1/images/I/31bX1-ypLSL._SX300_SY300_QL70_FMwebp_.jpg,"{""main_cat"": ""Electronics"", ""sub_cat1"": ""Headphones,Earbuds&Accessories"", ""sub_cat2"": ""Headphones"", ""sub_cat3"": ""In-Ear""}"
"Boult Audio Probass Curve Bluetooth Wireless in Ear Earphones with Mic with Ipx5 Water Resistant, 12H Battery Life & Extra Bass (Black)","Electronics|Headphones,Earbuds&Accessories|Headphones|In-Ear",$10.79,$54.01,80%,"Long Battery Life - Curve is a powerhouse,Offers playback time of up to 12-15 hours for every charge. Takes 1-1.5 to get fully charged and it has 1-2 days of standby. 20m Transmission Distance. Wireless range: 10 m|Off-Axis magnetic technology - Oval-shaped earbud with nozzle angled at 60 degree tunnels the sound directly into the ear canal|Durable Flexi-band- The light yet sturdy, neck band can drape comfortably across the neck with supreme comfort and in-line controls.|Noise Isolating Aerospace Grade AL Drivers - Curve comes with Built-in micro-woofers that produce a deep bass, isolating noise in any environment.|IPX5 water resistant- earbuds and charging case inner Nano-coating makes it possible to waterproof for 1 meters deep for 30 minutes.Ideal for sweating it out at the gym. Even Wash the earbuds and base|Designed with latest Bluetooth 5.0, the wireless earbuds own fast and stable transmission without tangling. Improved high quality mic for both earbuds bring a better call performance",https://m.media-amazon.com/images/I/31nI3BzOXwL._SX300_SY300_QL70_FMwebp_.jpg,"{""main_cat"": ""Electronics"", ""sub_cat1"": ""Headphones,Earbuds&Accessories"", ""sub_cat2"": ""Headphones"", ""sub_cat3"": ""In-Ear""}"
"Ambrane 20000mAh Power Bank with 20W Fast Charging, Triple Output, Power Delivery, Type C Input, Made in India, Multi-Layer Protection, Li-Polymer + Type C Cable (Stylo-20k, Black)",Electronics|Mobiles&Accessories|MobileAccessories|Chargers|PowerBanks,$21.60,$30.00,28%,"Massive 20000mAh Lithium Polymer capacity allows you to charge your devices multiple times. It can charge iPhone 12 – 4.6 times, Samsung M11 – 2.6 times, iPad – 1.4 times|20W Fast charging output– Powerful 20 Watts PD and QC output for exhilarating charging speed, do you a great favour in an emergency. For instance, it can bring your new iPhone or android device back to 50% in as quickly as 30 minutes.|Can Charge iPhone 8 upto 50% in 30 minutes or Redmi Note 9 up to 30% in 30 minutes|20W Fast Charging Input – The powerbank itself can get charged in 7 to 8 hours as it has Power Delivery Technology that supports 20W fast charging input via Type C port.|Charge 3 devices – With 2 USB ports and 1 Type C port for output, it can charge 3 devices at the same time & It comes with a 6 months warranty against manufacturing defects.",https://m.media-amazon.com/images/W/WEBP_402378-T1/images/I/31RktQKvhoL._SX300_SY300_QL70_FMwebp_.jpg,"{""main_cat"": ""Electronics"", ""sub_cat1"": ""Mobiles&Accessories"", ""sub_cat2"": ""MobileAccessories"", ""sub_cat3"": ""Chargers"", ""sub_cat4"": ""PowerBanks""}"
"Tygot 10 Inches Big LED Ring Light for Camera, Phone tiktok YouTube Video Shooting and Makeup, 10"" inch Ring Light with 7 Feet Long Foldable and Lightweight Tripod Stand",Electronics|Cameras&Photography|Flashes|Macro&RinglightFlashes,$9.59,$24.00,60%,"RING LIGHT WITH USB - High power 10W Ring LED is suitable for most devices that support USB ports, such as laptops, PCs, mobile power, USB chargers, AC adapters, etc.There are four buttons on the selfie ring light, which can be turned on / off, switch the lighting mode and adjust the brightness level, it is easy to find your favorite option in seconds. Ideal for using lighting in the studio, makeup in the locker room, camping, live streaming, etc.|INTELLIGENT AND QUICK COLOR CHANGE - TYGOT makes it easy to adjust the color temperature from 3400K to 5600K easily without using color filters. Achieve cold white light or warm light to hide blemishes and change skin tones quickly and easily. LED SMD design and 220pcs LED beads on our Ring Light offers more light for your camera photography, live streaming, Facebook Live, beauty makeup, selfies and videos.|DIMMABLE LED RING LIGHT - The LED ring light is equipped with 220 high-quality SMD LEDs and 3 different lighting modes (white light, natural light, and warm light), bright enough to beautify your face. Each lighting mode has 9 adjustable brightness levels to meet all your needs on different occasions. This is the perfect dimmable day lighting to eliminate all unpleasant shadows!|EASY TO INSTALL - Ring LED can be easily installed to any light stand or tripod.|PHONE HOLDER AND 7""feet tripod - Each TYGOT Ring Light has a rotating (360 degrees) phone holder and a retractable tripod that effortlessly helps you capture different levels of brightness and angles of lighting! The phone holder is suitable for most smartphones.",https://m.media-amazon.com/images/I/412CjF5u2iL._SX300_SY300_QL70_FMwebp_.jpg,"{""main_cat"": ""Electronics"", ""sub_cat1"": ""Cameras&Photography"", ""sub_cat2"": ""Flashes"", ""sub_cat3"": ""Macro&RinglightFlashes""}"
"boAt Rockerz 550 Over Ear Bluetooth Headphones with Upto 20 Hours Playback, 50MM Drivers, Soft Padded Ear Cushions and Physical Noise Isolation, Without Mic (Black)","Electronics|Headphones,Earbuds&Accessories|Headphones|Over-Ear",$21.60,$60.01,64%,"Tap into instant wireless connectivity with the latest Bluetooth V5.0|Its 50mm dynamic drivers help pump out immersive audio all day long, Charging Time 2.5 hours|The mighty 500mAh battery capacity offers a superior playback time of up to 20 Hours, Charging Time : 2.5 hours, Standby Time : 180 hours, Frequency Response 20Hz-20KHz|It has been ergonomically designed and structured as an over-ear headphone to provide the best user experience|It comes with physical Noise Isolation feature for pure audio bliss|One can connect to boAt Rockerz 550 via not one but two modes, Bluetooth as well as AUX",https://m.media-amazon.com/images/W/WEBP_402378-T2/images/I/41PlZjYsy-L._SX300_SY300_QL70_FMwebp_.jpg,"{""main_cat"": ""Electronics"", ""sub_cat1"": ""Headphones,Earbuds&Accessories"", ""sub_cat2"": ""Headphones"", ""sub_cat3"": ""Over-Ear""}"
Xiaomi Mi Wired in Ear Earphones with Mic Basic with Ultra Deep Bass & Aluminum Alloy Sound Chamber (Black),"Electronics|Headphones,Earbuds&Accessories|Headphones|In-Ear",$5.15,$7.19,28%,"Ergonomically angled to fit perfectly in your ear canal that provides long lasting comfort for every day usage. Inline Remote : Yes|Features 1.25 meter long cable & L-shaped 3.5mm jack to connect with your phone. Due to the L-shape, the connector will deliver a strong & durable life. Earphones are compatible with Android, iOS & Windows devices with jack.|Powerful 10 mm drivers & aluminum sound chamber for super extra bass and clear sound for the best music & calling experience.|High-quality silicone earbuds, which are gentle on skin without compromising the comfortable fit on the ears.|In-line microphone with a durable multi-function button to play/pause your music, and answer/end your calls, all with just one tap.|Speaker impedance: 32Ω ; Rated power: 5mW|Customer Service: 1800 103 6286, Service is available from 9 a.m. to 9 p.m. local time.",https://m.media-amazon.com/images/I/31Rn5CAJDBL._SX300_SY300_QL70_FMwebp_.jpg,"{""main_cat"": ""Electronics"", ""sub_cat1"": ""Headphones,Earbuds&Accessories"", ""sub_cat2"": ""Headphones"", ""sub_cat3"": ""In-Ear""}"
"boAt Rockerz 370 On Ear Bluetooth Headphones with Upto 12 Hours Playtime, Cozy Padded Earcups and Bluetooth v5.0, with Mic (Buoyant Black)","Electronics|Headphones,Earbuds&Accessories|Headphones|On-Ear",$14.39,$30.00,52%,"Battery: Rockerz 370 offers a playback time of up to 12 hours.. Frequency Response 20Hz-20KHz,Sensitivity (dB) 79dB±3DB,Impedance 32Ω. Driver Type:Moving Coil Driver|Bluetooth: It has Bluetooth v5.0 with a range of 10m and is compatible with Android & iOS|ANC: NA. No. of Mic: 1. Other Inclusions: Micro USB Charging Cable, Warranty Card, User Manual|Lightweight Ergonomic Design with Easy Controls|Instant Voice Assistant. Drivers: 40mm Drivers with boAt Signature Sound. Cozy Padded Earcups.|Rockerz 370 come equipped with latest Bluetooth v5.0 for instant wireless connectivity. The powerful 300mAh battery provides up to 8 Hours of audio bliss. 40mm Dynamic Drivers supply immersive High Definition sound|The headset has padded earcups for a comfortable experience. The headphone has been ergonomically and aesthetically designed for a seamless experience. One can connect to Rockerz 370 via dual modes for connectivity in the form of Bluetooth and AUX",https://m.media-amazon.com/images/W/WEBP_402378-T2/images/I/41Beq4WLggL._SX300_SY300_QL70_FMwebp_.jpg,"{""main_cat"": ""Electronics"", ""sub_cat1"": ""Headphones,Earbuds&Accessories"", ""sub_cat2"": ""Headphones"", ""sub_cat3"": ""On-Ear""}"
"ZEBRONICS Zeb-Astra 20 Wireless BT v5.0 Portable Speaker with 10W RMS Output, TWS, 10H Backup Approx, Built in Rechargeable Battery FM Radio, AUX, mSD, USB, Call Function and Dual 52mm Drivers Multi",Electronics|HomeAudio|Speakers|BluetoothSpeakers,$12.59,$27.60,54%,TWS connection|BT v5.0 / AUX / mSD / USB / Built in FM radio|Call function support with BT connection|Built in rechargeable battery supporting up to 10H* playback|Dual passive radiators for deep bass|10W RMS (5+5) with dual 52mm drivers|Media & volume control with the button interface|Matte finish body with front metallic grill,https://m.media-amazon.com/images/W/WEBP_402378-T2/images/I/31ZMMGdh5nL._SX300_SY300_QL70_FMwebp_.jpg,"{""main_cat"": ""Electronics"", ""sub_cat1"": ""HomeAudio"", ""sub_cat2"": ""Speakers"", ""sub_cat3"": ""BluetoothSpeakers""}"
"Gizga Essentials Spiral Cable Protector Cord Saver for Mac Charger, iPhone Charger, Wire Protector, Lightweight Durable Flexible Wire Winder for Charging Cables, Data Cables, Earphones, Pack of 10",Electronics|Mobiles&Accessories|MobileAccessories|Décor,$1.43,$3.59,60%,"WIDELY USE - SPIRAL TUBE CHARGING CABLE PROTECTOR are designed with highly flexible silicone and can be used as phone charger cord protector and phone charger saver to completely protect cables for all devices including, cell phones, computers, laptops, apple / android watches, lightning cables, pc’s, the list goes on and on.|EASY INSTALL - Besides protecting all Your USB cables / cords, SPIRAL TUBE CHARGING CABLE PROTECTOR feels surprisingly nice and is fun to install on any wires end. Use it as your headphone cord protector or charger cable cover. Simply touching it can relieve your stress too! Yet, even better, the Lightning Cable Protector looks super cool. It doesn’t get any better than this!|DURABLE - Works with virtually all computer and cellphone cables. You can even use it in almost anything like as pet cable protector, chewsafe cord protector, cord protectors from pets, wire protector from pets and as a wire protector tubing for phone and computer cables. These cable protectors can protect wires and power cords from dirt, frays, tangles and knots.|PROTECT CABLES - Spiral Tube charging Cable protector is your permanent fix to all those damaged lightning cables. It perfectly works as a cable strain relief or a critter cord so you won't have to deal with cable repair or iphone cable repair and frayed wire repair. Wrap the cable protector onto Your preferred cable as an iphone charger end piece. SPIRAL TUBE CHARGING CABLE PROTECTOR will wrap around any wire just like a protective sleeve would but with more mobility.",https://m.media-amazon.com/images/W/WEBP_402378-T1/images/I/511g3fIVsqL._SY300_SX300_QL70_FMwebp_.jpg,"{""main_cat"": ""Electronics"", ""sub_cat1"": ""Mobiles&Accessories"", ""sub_cat2"": ""MobileAccessories"", ""sub_cat3"": ""D\u00e9cor""}"
Panasonic CR-2032/5BE Lithium Coin Battery - Pack of 5,Electronics|GeneralPurposeBatteries&BatteryChargers,$2.70,$3.00,10%,Used in CMOS battery|Used in car remotes|Used in calculators|Used in scientific instruments|Used in watch,https://m.media-amazon.com/images/W/WEBP_402378-T1/images/I/5145vqMSaTL._SY300_SX300_QL70_FMwebp_.jpg,"{""main_cat"": ""Electronics"", ""sub_cat1"": ""GeneralPurposeBatteries&BatteryChargers""}"
"boAt Xtend Smartwatch with Alexa Built-in, 1.69” HD Display, Multiple Watch Faces, Stress Monitor, Heart & SpO2 Monitoring, 14 Sports Modes, Sleep Monitor, 5 ATM & 7 Days Battery(Pitch Black)",Electronics|WearableTechnology|SmartWatches,$36.00,$95.92,62%,"Alexa- Alexa built-in Voice Assistant that sets reminders, alarms and answers questions from weather forecasts to live cricket scores at your command!|Screen Size- ;1.69"" big square colour LCD display with a round dial features complete capacitive touch experience to let you take control, effortlessly.|Watch Faces- Multiple watch faces with customizable options to match your OOTD, every day!|Brightness- The ambient light display allows automatic adjustment of brightness on the watch, suited to your environment|HR & SpO2- The watch comes with a stress monitor that reads your HR to indicate stress levels.It also monitors your heart rate and SpO2 (blood oxygen levels) to keep a tab on your overall health.|Sleep Monitor- Track all stages of sleep every night and keep a tab on your sleep health with the sleep monitoring feature on the watch.|Sports Friendly- Its 14 sports mode and 5 ATM dust, splash and sweat resistance makes it the perfect fitness companion to have.",https://m.media-amazon.com/images/I/41pfjyUPZLL._SX300_SY300_QL70_FMwebp_.jpg,"{""main_cat"": ""Electronics"", ""sub_cat1"": ""WearableTechnology"", ""sub_cat2"": ""SmartWatches""}"
"ZEBRONICS Zeb-Thunder Bluetooth Wireless Over Ear Headphone FM, mSD, 9 hrs Playback with Mic (Black)","Electronics|Headphones,Earbuds&Accessories|Headphones|On-Ear",$7.19,$16.79,57%,"Comfortable Design: Beat the workday blues with music on Zeb-Thunder wireless headphone that comes in an ergonomic design a perfect fit and design for long hours use. Microphone sensitivity -40dB ±1dB|Soft & comfortable earcups: Listen to music, podcasts and more for long hours with soft ear cups making it super comfortable for daily wear|Adjustable headband: Adust your headband to your comfortable best while you work or listen to music, Charging time 1.5H|9hrs Playback Time: Fall in love with the audio experience with 9 hours of playback time to keep you going. Sensitivity : -113dB ±3dB|Superior Sound Quality: Magnify every speck of sound with superior sound quality on Zeb-Thunder wireless headphone, Microphone impedance : 1.2k Ω|Call Function: Enjoy online conference, online classes, calls hands-free with a built in mic on the headphone|Multi Connectivity Options: Be spoilt for choice with multi-connectivity options like like BT, 3.5mm AUX input, FM and MicroSD card|Country of Origin: China",https://m.media-amazon.com/images/I/41AP5QV2M0L._SX300_SY300_QL70_FMwebp_.jpg,"{""main_cat"": ""Electronics"", ""sub_cat1"": ""Headphones,Earbuds&Accessories"", ""sub_cat2"": ""Headphones"", ""sub_cat3"": ""On-Ear""}"
"AmazonBasics Flexible Premium HDMI Cable (Black, 4K@60Hz, 18Gbps), 3-Foot","Electronics|HomeTheater,TV&Video|Accessories|Cables|HDMICables",$2.63,$8.40,69%,"Flexible, lightweight HDMI cable for connecting media devices to playback display such as HDTVs, projectors, and more|Compatible with Blu-Ray players, computers, Apple TV, Roku, cable, PS4, Xbox One, and other HDMI-compatible devices|Solid copper conductors and full metal jacket shielding for durability and high-performance connectivity|Supports Ethernet, 3D, 4K video and Audio Return Channel (ARC) and meets the latest HDMI standards|Supports bandwidth up to 18Gbps and is backwards compatible with earlier versions|Includes a 3 foot cable",https://m.media-amazon.com/images/I/41nPYaWA+ML._SY300_SX300_.jpg,"{""main_cat"": ""Electronics"", ""sub_cat1"": ""HomeTheater,TV&Video"", ""sub_cat2"": ""Accessories"", ""sub_cat3"": ""Cables"", ""sub_cat4"": ""HDMICables""}"
HP 32GB Class 10 MicroSD Memory Card (U1 TF Card 32GB),Electronics|Accessories|MemoryCards|MicroSD,$4.43,$19.21,77%,"Class 10, UHS-I, U1 Memory Card with Adapter|Perfect for storing and transferring more mobile content across your devices, including photos, music and movies for entertainment or apps and e-books for school or work|Ideal for the latest tablets, PCs, smartphones and mobile devices|16-128GB: Read speed up to 80MB/s, write minumum 30MB/s|Importer Details: Fortune marketing Pvt Ltd D1/2 -Okhla Industrial Area Phase -II New Delhi 110020|Country of Origin: Taiwan",https://m.media-amazon.com/images/I/41z7FRqEerL._SX300_SY300_QL70_FMwebp_.jpg,"{""main_cat"": ""Electronics"", ""sub_cat1"": ""Accessories"", ""sub_cat2"": ""MemoryCards"", ""sub_cat3"": ""MicroSD""}"
"Duracell Rechargeable AA 1300mAh Batteries, 4Pcs",Electronics|GeneralPurposeBatteries&BatteryChargers|RechargeableBatteries,$5.75,$7.19,20%,"Duracell Rechargeable AA 1300mAh batteries stay charged for up to 12 months, when not in use|Unused Duracell Recharge Ultra batteries are guaranteed to last 5 years and Guarantee starts from the Date of Purchase|Duracell Rechargeable AA 1300mAh batteries come pre-charged, ready to use|Duracell Rechargeable AA 1300mAh batteries can be recharged 100's times|Suited for regularly used devices like wireless mouse or babyphone|They are available in AA 1300mAh and AAA 750mAh sizes|They work in any NiMH charger",https://m.media-amazon.com/images/I/51pZRhR1wWL._SX300_SY300_QL70_FMwebp_.jpg,"{""main_cat"": ""Electronics"", ""sub_cat1"": ""GeneralPurposeBatteries&BatteryChargers"", ""sub_cat2"": ""RechargeableBatteries""}"
"boAt Airdopes 181 in-Ear True Wireless Earbuds with ENx  Tech, Beast  Mode(Low Latency Upto 60ms) for Gaming, with Mic, ASAP  Charge, 20H Playtime, Bluetooth v5.2, IPX4 & IWP (Cool Grey)","Electronics|Headphones,Earbuds&Accessories|Headphones|In-Ear",$19.18,$35.89,47%,"Clear Voice Calls- Be heard absolutely clear across voice calls without those usual interruptions, with the ENx Tech enabled Airdopes 181, that cancels out unwanted background noises during calls|Beast Mode- Enjoy a lag less entertainment experience with BEAST Mode for low latency so that your gaming sessions always stay smooth.|ASAP Charge- Courtesy our ASAP Charge tech, these true wireless earbuds can garner up to 90Min of playtime in just 10Min of charging.|Playback- It offers a total playtime of up to 20HRS, including up to 4HRS of playtime per charge.|Drivers- Delve into the boAt immersive auditory experience on Airdopes 181 true wireless earbuds courtesy its 10mm audio drivers|Instant Connect- The IWP tech makes it easier to power on the TWS earbuds which occurs as soon as you open the case lid when the earbuds are being kept inside.|IP Rating- The ultra-lightweight earbuds are marked with IPX4 water resistance for a carefree listening time wherever you go.",https://m.media-amazon.com/images/I/314g1W9h2rL._SX300_SY300_QL70_FMwebp_.jpg,"{""main_cat"": ""Electronics"", ""sub_cat1"": ""Headphones,Earbuds&Accessories"", ""sub_cat2"": ""Headphones"", ""sub_cat3"": ""In-Ear""}"
"Noise ColorFit Pulse Smartwatch with 3.56 cm (1.4"") Full Touch HD Display, SpO2, Heart Rate, Sleep Monitors & 10-Day Battery - Jet Black",Electronics|WearableTechnology|SmartWatches,$19.20,$60.01,68%,"[10-day battery]: With a battery backup of 10 days, just concentrate on your game without stopping.|[Noise Health Suite]: Automatically monitor your blood oxygen (Spo2 levels), real-time heart rate, and provide comprehensive analysis of your sleep quality (deep sleep,light sleep and wake up time) on this smart watch.|[Personalise your look]: Choose from 60+ cloud-based watch faces or customise them as per your preference.|[1.4’’ Full Touch HD display]: Get the perfect viewing experience on the 1.4’’ display with 240*240 pixels.|8 sports modes: Choose from 8 sports modes and give it your best.",https://m.media-amazon.com/images/W/WEBP_402378-T1/images/I/41XH-IpxCQL._SX300_SY300_QL70_FMwebp_.jpg,"{""main_cat"": ""Electronics"", ""sub_cat1"": ""WearableTechnology"", ""sub_cat2"": ""SmartWatches""}"
Logitech H111 Wired On Ear Headphones With Mic Black,"Electronics|Headphones,Earbuds&Accessories|Headphones|On-Ear",$8.94,$9.54,6%,"ADJUSTABLE HEADBAND This sturdy yet lightweight stereo headset has a broad range of adjustment. Ultra-soft foam ear cushions provide hours of comfort.|ROTATING MICROPHONE The boom mic can rotate 180° to be worn on the left or right and tucked out of the way when you’re not using it. The flexible mic can be positioned for better voice capture and background noise reduction|MULTI DEVICE HEADSET WITH NOISE CANCELLING MIC:The simple way to start talking when using computers, smartphones and tablets. Features a standard 3.5mm audio jack and is compatible with most operating systems and platforms. Get just what you need to hear and be heard clearly.|STEREO SOUND: Enjoy clear audio for calls, music, and games. A reliable headset for daily audio including video calls with family or colleagues. Frequency response (Headset): 20 Hz - 20 KHz|3.5MM AUDIO JACK CONNECTION:Simply plug the 3.5mm jack into your computer, smartphone or tablet and you’re ready to talk.|SYSTEM COMPATIBILTY:Computers/ smartphones/tablets Windows/Mac/Chrome OS + more",https://m.media-amazon.com/images/W/WEBP_402378-T1/images/I/31puHGasbOL._SX300_SY300_QL70_FMwebp_.jpg,"{""main_cat"": ""Electronics"", ""sub_cat1"": ""Headphones,Earbuds&Accessories"", ""sub_cat2"": ""Headphones"", ""sub_cat3"": ""On-Ear""}"
"Digitek DTR 550 LW (67 Inch) Tripod For DSLR, Camera |Operating Height: 5.57 Feet | Maximum Load Capacity up to 4.5kg | Portable Lightweight Aluminum Tripod with 360 Degree Ball Head | Carry Bag Included (Black) (DTR 550LW)",Electronics|Cameras&Photography|Accessories|Tripods&Monopods|CompleteTripodUnits,$18.60,$29.95,38%,"Premium finish light weight professional tripod with adjustable height, multi level locking and steady rubberized legs|Compatible with most video cameras, digital cameras, still cameras, GoPro devices and smartphones. Height Range: 615 mm - 1700 mm|Multipurpose head with Quick Release helps ensure fast transitions between shots|Built-in bubble head to adjust horizontal position and 3-way head with adjustable pan to allow for tilt and swivel motion with portrait or landscape options|This professional tripod features multipurpose head for DV camera's|Convinient accessories hook to latch all your shoot belongings|Recommended max load weight is 5kg for optimal performance",https://m.media-amazon.com/images/I/41NJeh+qQRL._SY300_SX300_.jpg,"{""main_cat"": ""Electronics"", ""sub_cat1"": ""Cameras&Photography"", ""sub_cat2"": ""Accessories"", ""sub_cat3"": ""Tripods&Monopods"", ""sub_cat4"": ""CompleteTripodUnits""}"
Fujifilm Instax Mini Single Pack 10 Sheets Instant Film for Fuji Instant Cameras,Electronics|Cameras&Photography|Accessories|Film,$6.59,$6.59,0%,"10 sheets of Instax film compatible with Fujifilm Mini cameras- Mini 8, Mini9, Mini 11, Mini 90, Mini 40, Liplay and Mini Link Printer|Mini films comes with superb grain quality which produces vibrant colors and natural skin hues.|Press the button and capture your moment of joy which develops instantly into beautiful pictures.|Film size - 54(w) x 86(h) mm|Picture size - 46(w) x 62(h) mm|Number of prints - 10 per pack|Country of Origin: Japan",https://m.media-amazon.com/images/I/51fEftU7HAL._SX300_SY300_QL70_FMwebp_.jpg,"{""main_cat"": ""Electronics"", ""sub_cat1"": ""Cameras&Photography"", ""sub_cat2"": ""Accessories"", ""sub_cat3"": ""Film""}"
"Fire-Boltt Ring 3 Smart Watch 1.8 Biggest Display with Advanced Bluetooth Calling Chip, Voice Assistance,118 Sports Modes, in Built Calculator & Games, SpO2, Heart Rate Monitoring",Electronics|WearableTechnology|SmartWatches,$36.00,$120.04,70%,"Fire-Boltt is India' No 1 Wearable Watch Brand Q122 by IDC Worldwide quarterly wearable device tracker Q122.【Bluetooth Calling Watch】- Fire-Boltt Ring 3 enables you to make and receive calls directly from your watch via the built-in speaker and microphone. This smartwatch features a dial pad, option to access recent calls & sync your phone’s contacts.;【1.8 inch HD Display】- This smartwatch has a 1.8” TFT LCD Full Touch Display with a 2D High Hardness Glass for super protection and a high resolution of 240*286 pixels with a Rotating Button for smooth usage|【118 Sports Modes】- Be your own coach while you can track over 118 sports mode with professional analisys. 【Real Time Health Tracking】- With an advanced intellegent algorithm combined with optical heart rate sensor to monitor your heart rate all day, even during exercise. Track your blood oxygen (SpO2) levels and indicate a healthy life;【Full Metal Body】- This watch is long lasting and durable with its metal body feature 【Voice Assistant】- Command your mobile phone with your smartwatch, the watch has a voice assistant built in to make work easy and fast|【Built In Mic & Speaker】- Enjoy listening to your favourite tunes on the watch and experience HD Calling through the built in Mic;【Smart Notification】- Get all your mobile phone notifications on the watch and stay updates about trends, meeting emails and much more. 【Remotely access smartphone features】- Click pictures, change music tracks on the watch with a single touch.; 【360 Health Ecosystem】- With this watch track your heart rate, calorie, step count and multiple sports modes with easy touch;【Play Games On Your Wrist】- Play 2 mini games in your pastime or leisure time.|【Multiple Watch Faces & Smart Controls】 - The Smartwatch has multiple Watch Faces;【How to activate Bluetooth Calling】- To enable Bluetooth Calling Function, first connect it to the compatible app. Once connected, manually go to the phone's Bluetooth settings and pair this smartwatch (Bluetooth Name: BSW043_Phone). Upon pairing, you will get a notification: Connected for calls and audio.|Compatible Devices: Smartphonetablet; Case Material Type: Stainless Steel; Band Color: Black; Color Name: Black; Band Material Type: Silicone; Included Components: 1 Smartwatch, 1 Manual, 1 Magnetic Charger, 1 Warranty Card; Clasp Type: Tang Buckle; Human Interface Input: Buttonstouch Screen **Disclaimer** The Charging USB needs to be connected to a 4.7V to 5V charging adapter for best battery backup|【Superior Battery】- Charge the watch for 90 mins merely for 3 days of exquisite battery life.Band Width:20 millimeters.Water resistance depth:1 meters",https://m.media-amazon.com/images/I/41ziJKWj9LL._SX300_SY300_QL70_FMwebp_.jpg,"{""main_cat"": ""Electronics"", ""sub_cat1"": ""WearableTechnology"", ""sub_cat2"": ""SmartWatches""}"
"Samsung Galaxy Watch4 Bluetooth(4.4 cm, Black, Compatible with Android only)",Electronics|WearableTechnology|SmartWatches,$144.06,$360.13,60%,"Only compatible with Android Smartphones (Runs on Wear OS Powered by Samsung)|Bioelectrical Impedance Analysis Sensor for Body Composition Analysis, Optical Heart Rate Sensor.|Health Monitoring features such as Advanced Sleep Analysis & Women's Health.|Enhanced Fitness tracking lets you track 90+ workouts; Enriched App availability and connectivity with Wear OS, Powered by Samsung. Typical Usage Time (Hours): up to 40 Hours.|Connectivity Technology: Usb; Item Type Name: Smart Watch; Included Components: ‎Galaxy Watch::Watch Strap::Wireless Charger::Quick Start Quide",https://m.media-amazon.com/images/I/31CuxaU77jL._SY300_SX300_QL70_FMwebp_.jpg,"{""main_cat"": ""Electronics"", ""sub_cat1"": ""WearableTechnology"", ""sub_cat2"": ""SmartWatches""}"
"Noise Buds Vs104 Bluetooth Truly Wireless in Ear Earbuds with Mic, 30-Hours of Playtime, Instacharge, 13Mm Driver and Hyper Sync (Charcoal Black)","Electronics|Headphones,Earbuds&Accessories|Headphones|In-Ear",$15.59,$42.00,63%,"Up to 30-hour playtime: Get set for a day full of music and then some more.|Instacharge: Enjoy 150 minutes of playtime in just 10 minutes of charge.|Tru Bass: Experience sound that hits the right note every single time via the 13mm speaker driver.|Colourful ear tips: Colour your music the way you want and mix-match the ear tips with the buds to suit your style.|Bluetooth v5.2: Lag-free and fuss-free connection is on the way.|Hyper sync: The earbuds are ready to play in a matter of seconds, all thanks to the one-step syncing process.|Touch control & Voice assistant: You are in control always no matter how you want to get your work done.",https://m.media-amazon.com/images/I/31YW3+kpZQL._SY300_SX300_.jpg,"{""main_cat"": ""Electronics"", ""sub_cat1"": ""Headphones,Earbuds&Accessories"", ""sub_cat2"": ""Headphones"", ""sub_cat3"": ""In-Ear""}"
"Duracell Ultra Alkaline AAA Battery, 8 Pcs",Electronics|GeneralPurposeBatteries&BatteryChargers|DisposableBatteries,$3.23,$3.78,15%,"Lasts up to 100% longer* (*Longevity performance compared to the Minimum Average Duration of the 2015 IEC AAA Motorized Toy test. Results may vary by device or usage pattern.)|Our best battery, suited for everyday devices with extra performance for high drain devices|Duralock technology keeps unused Duracell batteries fresh and powered for up to 10 years in ambient storage|Available in AAA, AA, C, D and 9V sizes|Superior Nylon top closure helps preventing our batteries from leakage",https://m.media-amazon.com/images/W/WEBP_402378-T1/images/I/41ZrxS9SpwL._SX300_SY300_QL70_FMwebp_.jpg,"{""main_cat"": ""Electronics"", ""sub_cat1"": ""GeneralPurposeBatteries&BatteryChargers"", ""sub_cat2"": ""DisposableBatteries""}"
"JBL C200SI, Premium in Ear Wired Earphones with Mic, Signature Sound, One Button Multi-Function Remote, Angled Earbuds for Comfort fit (Blue)","Electronics|Headphones,Earbuds&Accessories|Headphones|In-Ear",$9.59,$18.00,47%,"True Powerful Bass|Premium matallic finish with better & Ergonomics|Noise Cancelling Microphone|Quick Launch Access to Google Assistant / Siri|One-Button Universal Remote with Mic|Lightweight and Comfortable with 3 sizes of ear tips|What's in the box : 1 pair JBL C200SI headphone, 3 sets of ear tips (S, M, L), 1 Warranty and safety card",https://m.media-amazon.com/images/I/31z+0UyRo2L._SY300_SX300_.jpg,"{""main_cat"": ""Electronics"", ""sub_cat1"": ""Headphones,Earbuds&Accessories"", ""sub_cat2"": ""Headphones"", ""sub_cat3"": ""In-Ear""}"
boAt Dual Port Rapid Car Charger (Qualcomm Certified) with Quick Charge 3.0 + Free Micro USB Cable - (Black),Electronics|Mobiles&Accessories|MobileAccessories|Chargers|AutomobileChargers,$6.85,$11.99,43%,"Charges compatible devices up to 4 times faster with Qualcomm Quick ChargeTM 3.0 Technology. Detachable Cable|Compatible with all USB and type C powered devices including Quick Charge 2.0 etc.|Built-in safeguards to protect your devices against excessive current, overheating and overcharging|Boat rapid charge comes with exclusive Smart IC optimum smart charging technology for Apple and other non-Qualcomm quick charge enabled devices up to 5 V/3 amps",https://m.media-amazon.com/images/I/41fRp5O-PrL._SX300_SY300_QL70_FMwebp_.jpg,"{""main_cat"": ""Electronics"", ""sub_cat1"": ""Mobiles&Accessories"", ""sub_cat2"": ""MobileAccessories"", ""sub_cat3"": ""Chargers"", ""sub_cat4"": ""AutomobileChargers""}"
"Zebronics ZEB-COUNTY 3W Wireless Bluetooth Portable Speaker With Supporting Carry Handle, USB, SD Card, AUX, FM & Call Function. (Green)",Electronics|HomeAudio|Speakers|BluetoothSpeakers,$6.59,$11.99,45%,Zeb-county is a compact and handy portable speaker that comes with multi-connectivity options like wireless BT/USB/micro SD and AUX. Wall Mountable Satellite : No|The speaker comes with a call function along with a built-in fm radio too|Speaker impedance 3Ω|Frequency response 120hz-15khz|Charging time 2.5H|Playback time approx. 10 hrs|1 Year warranty-from the date of purchase|To connect to FM: Switch the speaker to FM mode and connect the micro USB cable to the micro USB port of the speaker and leave the other end free (this cable will act as the FM antenna).,https://m.media-amazon.com/images/I/41goRo3UXhL._SX300_SY300_QL70_FMwebp_.jpg,"{""main_cat"": ""Electronics"", ""sub_cat1"": ""HomeAudio"", ""sub_cat2"": ""Speakers"", ""sub_cat3"": ""BluetoothSpeakers""}"
"KINGONE Upgraded Stylus Pen, iPad Pencil, Ultra High Precision & Sensitivity, Palm Rejection, Prevents False ON/Off Touch, Power Display, Tilt Sensitivity, Magnetic Adsorption for iPad 2018 and Later",Electronics|Mobiles&Accessories|MobileAccessories|StylusPens,$25.20,$72.02,65%,"25MIN FAST CHARGE & UPGRADED NIB - 5 minutes of charging will give you 2 hours of use. It can be used continuously for more than 10 hours with a full charge of 25 minutes ALSO improved accuracy, sensitivity, and durability, precise point control writing, no scratches on the screen, no lag/offset/break, higher sensitivity, no resistance|PALM REJECTION - You can put your hand comfortably on the screen when drawing or writing with palm rejection, no need to wear gloves for more convenient writing or drawing which fits people who take notes or draw pictures on iPad for a long time!|TILT FUNCTION & MAGNETIC ADSORPTION - The latest tilt-sensing technology, You only need to adjust the angle to draw the picture you like, just like using a pencil. In addition, Magnetically be able to attach the iPad Pro (3rd Gen only) side face, no more rolling and prevent loss and more portable also it has a flat surface to prevent it from falling|USB-C CHARGING & LED CHARGING DISPLAY - Kingone digital pencil has upgraded the LED power display function. Compared with the other pen, this new feature can more easily know the remaining power and it will automatically turn in ""Sleep Mode"" after idle for 5 minutes to save power. And the stylus support 10 hours of continuous working and 180 days standby time for about 1 hour per charge|ACCIDENTALLY ON/OFF PREVENTION - Kingone use Double tap ON/OFF on stylus which can prevents from accidental switch OFF, No need Bluetooth, just tap the end of the pencil twice to turn it on/off, Avoiding the problem of accidentally turning on/off by mistake touch once which can save a lot of power and greatly improve the experience; Kingone IPad Stylus Pen for 2018 and later: iPad (6/7/8/9 Gen), iPad Pro (3/4 Gen), iPad Pro 11 inch, iPad Air (3/4 Gen), iPad mini (3rd gen) 5/6 Gen)",https://m.media-amazon.com/images/I/31jgUvSar0L._SX300_SY300_QL70_FMwebp_.jpg,"{""main_cat"": ""Electronics"", ""sub_cat1"": ""Mobiles&Accessories"", ""sub_cat2"": ""MobileAccessories"", ""sub_cat3"": ""StylusPens""}"
LG 80 cm (32 inches) HD Ready Smart LED TV 32LM563BPTC (Dark Iron Gray),"Electronics|HomeTheater,TV&Video|Televisions|SmartTelevisions",$161.94,$263.99,39%,"Resolution: HD Ready (1366x768) | Refresh Rate: 50 hertz|Connectivity: 2 HDMI ports to connect set top box, Blu Ray players, gaming console | 1 USB ports to connect hard drives and other USB devices|Sound output: 10 Watts Output I 2 Speakers | DTS Virtual:X | Sound Type : Down Firing|Smart TV Features: Web OS Smart TV | Wi-Fi | Home Dashboard | Screen Mirroring | Mini TV Browser | Multi-Tasking | Office 365, Set WXHXD (with Stand ) mm - 739 x 472 x 168|Display: Active HDR | Display Type: Flat | BackLight Module: Slim LED|Warranty Information: 1 Year LG India Comprehensive Warranty and additional 1 year Warranty is applicable on panel/module from the date of purchase|Installation : For requesting installation/wall mounting/demo of this product once delivered, please directly call LG support (Please visit LG Website for Toll Free Numebrs) and provide product's model name as well as seller's details mentioned on the invoice",https://m.media-amazon.com/images/W/WEBP_402378-T2/images/I/51v-2Nzr+ML._SY300_SX300_.jpg,"{""main_cat"": ""Electronics"", ""sub_cat1"": ""HomeTheater,TV&Video"", ""sub_cat2"": ""Televisions"", ""sub_cat3"": ""SmartTelevisions""}"
"JBL Tune 215BT, 16 Hrs Playtime with Quick Charge, in Ear Bluetooth Wireless Earphones with Mic, 12.5mm Premium Earbuds with Pure Bass, BT 5.0, Dual Pairing, Type C & Voice Assistant Support (Black)","Electronics|Headphones,Earbuds&Accessories|Headphones|In-Ear",$18.00,$36.00,50%,"Enjoy balanced sound without artificially enhanced Bass and volume that hurts your ears. This helps you enjoy the full bandwidth of crystal clear audio with no distortion|12.5mm Dynamic Drivers cased in ergonomically designed comfort fit earbuds|16 Hours Playtime under optimum audio setting, Bluetooth frequency 2.400 GHz - 2.4835 GHz|Quick Charging - 10 min of charge provides one 1 Hour playtime and while overall charging takes less than 2 Hours|Multi-Point Connectivity allowing seamless switch between two devices, Enjoy lossless quality music with Bluetooth 5.0|Audio Specifications : Frequency response 20 Hz – 20 kHz ; Impedance 20 ohm ; Sensitivity 118 dB SPL@ 1kHz 1mW ; Microphone sensitivity -25 dBV/Pa @1kHz|With 3 Button remote, access Hands free calling or enable Voice Assistance activation on your mobile device",https://m.media-amazon.com/images/I/3118CXMdMUL._SX300_SY300_QL70_FMwebp_.jpg,"{""main_cat"": ""Electronics"", ""sub_cat1"": ""Headphones,Earbuds&Accessories"", ""sub_cat2"": ""Headphones"", ""sub_cat3"": ""In-Ear""}"
"Gizga Essentials Professional 3-in-1 Cleaning Kit for Camera, Lens, Binocular, Laptop, TV, Monitor, Smartphone, Tablet (Includes: Cleaning Liquid 100ml, Plush Microfiber Cloth, Dust Removal Brush)",Electronics|Cameras&Photography|Accessories|Cleaners|CleaningKits,$3.59,$5.99,40%,"3-in-1 cleaning kit, the 3-piece cleaning contains the essential items necessary for the proper maintenance and care of your optical equipment. It easily cleans dirt and dust. Effectively removes smudges and fingerprints from lenses, LCD and other optics.|Multipurpose cleaning kit for digital cameras, DSLR, camcorders, filters, lenses, binoculars, LCD, Laptops and other sensitive electronics, etc|Includes: 1 x Cleaning Liquid 100ml, 1 x Plush Microfiber Cloth, 1 x Dust Removal Brush|Every photographer knows the importance of keeping your camera in pristine condition, our cleaning kit provides all the tools you need to maintain your precious camera equipment|The cleaning kit is composed of carefully selected tools and materials to safely and effectively clean your camera and any other delicate optics, each item included in your cleaning kit is inspected for quality assurance before shipping",https://m.media-amazon.com/images/W/WEBP_402378-T2/images/I/51LuP5KXg5L._SX300_SY300_QL70_FMwebp_.jpg,"{""main_cat"": ""Electronics"", ""sub_cat1"": ""Cameras&Photography"", ""sub_cat2"": ""Accessories"", ""sub_cat3"": ""Cleaners"", ""sub_cat4"": ""CleaningKits""}"
TP-Link Tapo 360° 2MP 1080p Full HD Pan/Tilt Home Security Wi-Fi Smart Camera| Alexa Enabled| 2-Way Audio| Night Vision| Motion Detection| Sound and Light Alarm| Indoor CCTV (Tapo C200) White,Electronics|Cameras&Photography|SecurityCameras|DomeCameras,$30.00,$39.60,24%,"High-Definition Video —— Records every image in crystal-clear 1080p definition;Pan and Tilt —— 360º horizontal and 114º vertical range; Advanced Night Vision —— Provides a visual distance of up to 30 ft;Motion Detection and Notifications —— Notifies you when the camera detects movement|Sound and Light Alarm —— Trigger light and sound effects to frighten away unwanted visitors.;Two-Way Audio —— Enables communication through a built-in microphone and speaker|Safe Storage —— Locally stores up to 128 GB on a microSD card, equal to 384 hours (16 days) of footage. (Based on laboratory conditions)|Voice Control —— Free Up Your Hands with Voice Control —— Works with the Google Assistant and Amazon Alexa. (Google Assistant and Amazon Alexa are not available in all languages and countries)|Specific Uses For Product: Surveillance; Included Components: Tapo Pan/Tilt Home Security Wi-Fi Camera, Power Adapter, Quick Start Guide ,Mounting Screws, Mounti",https://m.media-amazon.com/images/I/31pcbVy11RL._SX300_SY300_QL70_FMwebp_.jpg,"{""main_cat"": ""Electronics"", ""sub_cat1"": ""Cameras&Photography"", ""sub_cat2"": ""SecurityCameras"", ""sub_cat3"": ""DomeCameras""}"
"boAt Airdopes 171 in Ear Bluetooth True Wireless Earbuds with Upto 13 Hours Battery, IPX4, Bluetooth v5.0, Dual Tone Finish with Mic (Mysterious Blue)","Electronics|Headphones,Earbuds&Accessories|Headphones|In-Ear",$14.39,$72.02,80%,"Drivers- These true wireless earbuds have powerful 6mm drivers for an enthralling playback experience|Dual Tone Finish- Its dual tone colours offer an aesthetical edge and define a true listening time|Playback- Airdopes 171 offers a nonstop playback of up to 3H with each charge and an additional 10H playtime with the included charging case|Lightweight- These true wireless earbuds weigh about 4g per each so you may keep them plugged for longer duration with comfort|IP Rating- Airdopes 171 is IPX4 rated for providing resistance against sweat, splash and dust scares.|Bluetooth- boAt Airdopes 171 offers true wireless experience with latest Bluetooth v5.0.|Control- The TWS earbuds offer easy access multifunction button controls with stereo calling feature",https://m.media-amazon.com/images/W/WEBP_402378-T2/images/I/41IAc+vLV7S._SY300_SX300_.jpg,"{""main_cat"": ""Electronics"", ""sub_cat1"": ""Headphones,Earbuds&Accessories"", ""sub_cat2"": ""Headphones"", ""sub_cat3"": ""In-Ear""}"
Duracell Plus AAA Rechargeable Batteries (750 mAh) Pack of 4,Electronics|GeneralPurposeBatteries&BatteryChargers|RechargeableBatteries,$4.79,$5.99,20%,"Duracell Rechargeable AAA 750mAh batteries stay charged for up to 12 months, when not in use|Unused Duracell Rechargeable AAA 750mAh batteries are guaranteed to last 3 years|Duracell Rechargeable AAA 750mAh batteries come pre-charged, ready to use|Duracell Rechargeable AAA 750mAh batteries can be recharged 100's times|Suited for regularly used devices like wireless mouse or babyphone|They are available in AA 1300mAh and AAA 750mAh sizes|They work in any NiMH charger",https://m.media-amazon.com/images/I/418YrbHVLCL._SX300_SY300_QL70_FMwebp_.jpg,"{""main_cat"": ""Electronics"", ""sub_cat1"": ""GeneralPurposeBatteries&BatteryChargers"", ""sub_cat2"": ""RechargeableBatteries""}"
"tizum HDMI to VGA Adapter Cable 1080P for Projector, Computer, Laptop, TV, Projectors & TV","Electronics|HomeTheater,TV&Video|Accessories|Cables|HDMICables",$3.35,$5.99,44%,"Superior Stability: Built-in advanced Certified AG6200 IC chip converts HDMI digital signal to VGA analog signal. It is NOT a bi-directional converter and cannot transmit signals from VGA to HDMI.|Compact Design: Tizum HDMI to VGA adapter is compact & lightweight which makes it easy to carry, travel friendly and also saves space on your desk helping it keep clutter free.|High Definition Image Quality: The HDMI male to VGA female converter supports resolution up to 1920x1080 60Hz (1080p Full HD) including 720p, 1600x1200, 1280x1024 for high definition monitors & projectors.|Wide Compatibility: The adapter is compatible with Computer, PC, Desktop, Laptop, Notebook, Chromebook, PS3, Xbox, Set Top Box, TV & other devices with HDMI port. Note: Does not Support Audio.|Incredible Performance: It resists corrosion & abrasion; improves signal transmission; & protects HDMI port of your device to ensure a longer lifespan",https://m.media-amazon.com/images/I/31MIyzg8uzL._SX300_SY300_QL70_FMwebp_.jpg,"{""main_cat"": ""Electronics"", ""sub_cat1"": ""HomeTheater,TV&Video"", ""sub_cat2"": ""Accessories"", ""sub_cat3"": ""Cables"", ""sub_cat4"": ""HDMICables""}"
Samsung 80 cm (32 Inches) Wondertainment Series HD Ready LED Smart TV UA32T4340BKXXL (Glossy Black),"Electronics|HomeTheater,TV&Video|Televisions|SmartTelevisions",$161.94,$274.91,41%,"Resolution: HD Ready (1366x768) | Refresh Rate: 60 hertz|Connectivity: 2 HDMI ports to connect set top box, Blu Ray players, gaming console | 1 USB ports to connect hard drives and other USB devices|Sound : 20 Watts Output | Dolby Digital Plus|Smart TV Features : Personal Computer | Screen Share | Music System | Content Guide | Connect Share Movie|Display : LED Panel | Mega Contrast | PurColor | HD Picture Quality | Slim & Stylish Design|Warranty Information: 1 year comprehensive warranty plus additional 1 years on panel by brand from date of invoice|Installation: TV Table stand is not included in the box with this model. customer may ask for Table Top Stand or Wall Mount which will be provided to the customer at the time of installation, please directly call Samsung support on [1800407267864 / 180057267864] and provide product's model name as well as seller's details mentioned on the invoice|Easy Returns: This product is eligible for replacement within 10 days of delivery in case of any product defects, damage or features not matching the description",https://m.media-amazon.com/images/I/51q3+E64azL._SX300_SY300_.jpg,"{""main_cat"": ""Electronics"", ""sub_cat1"": ""HomeTheater,TV&Video"", ""sub_cat2"": ""Televisions"", ""sub_cat3"": ""SmartTelevisions""}"
"Noise Pulse Buzz 1.69"" Bluetooth Calling Smart Watch with Call Function, 150 Watch Faces, 60 Sports Modes, Spo2 & Heart Rate Monitoring, Calling Smart Watch for Men & Women - Jet Black",Electronics|WearableTechnology|SmartWatches,$30.00,$60.01,50%,"Bluetooth calling: Stay connected to the world, answer calls, store favourite contacts and dial from recent call logs, do it all with your smartwatch. Charging Time : Up to 2 hours|1.69” TFT LCD: Keep an eye on your day with a large and vivid display of our smartwatch.; 60 sports modes: Make fitness your priority and track your progress. Take your pick from a wide variety of sports modes and make your move.|150 cloud-based and customisable watch faces: Experiment with your fit. Choose from a plethora of watch faces and complete your look for the day.|Noise Health Suite: Keep a track of your well-being and health, right from your wrist with Noise Health Suite featuring a variety of health features.|Connectivity Technology: Usb; Included Components: ‎Smartwatch, Magnetic Charger, User Manual, Warranty Card; Compatible Devices: Smartphone",https://m.media-amazon.com/images/W/WEBP_402378-T1/images/I/317lVfwVu8L._SX300_SY300_QL70_FMwebp_.jpg,"{""main_cat"": ""Electronics"", ""sub_cat1"": ""WearableTechnology"", ""sub_cat2"": ""SmartWatches""}"
"Noise Buds VS402 Truly Wireless in Ear Earbuds, 35-Hours of Playtime, Instacharge, Quad Mic with ENC, Hyper Sync, Low Latency, 10mm Driver, Bluetooth v5.3 and Breathing LED Lights (Neon Black)","Electronics|Headphones,Earbuds&Accessories|Headphones|In-Ear",$21.60,$48.01,55%,"Up to 35-hour playtime: The 35-hour playtime will keep you company throughout.|Instacharge: A quick 10-minute charge will keep you going for 120 minutes straight.|Environmental Noise Cancellation (ENC): Take your calls in the busiest of environments with ease and get your voice heard clearly with the quad mic.|Low latency: Stream any content or play your favourite game without any lag, all thanks to the low latency.|Breathing LED lights: The stunning LED lights on the buds and case keep you looking flawlessly stylish.|10mm driver speaker: Groove to the powerful sound via the 10mm speaker driver.|Hyper Sync: Experience instant connection right out of the case.",https://m.media-amazon.com/images/W/WEBP_402378-T2/images/I/31ylgpMYDwL._SX300_SY300_QL70_FMwebp_.jpg,"{""main_cat"": ""Electronics"", ""sub_cat1"": ""Headphones,Earbuds&Accessories"", ""sub_cat2"": ""Headphones"", ""sub_cat3"": ""In-Ear""}"
"JBL Go 2, Wireless Portable Bluetooth Speaker with Mic, JBL Signature Sound, Vibrant Color Options with IPX7 Waterproof & AUX (Blue)",Electronics|HomeAudio|Speakers|BluetoothSpeakers,$24.00,$36.00,33%,"5 Hours of Playtime under optimum audio settings|Wireless Bluetooth Streaming|IPX7 Waterproof design, Battery Type Lithium-ion polymer (3.7V, 730mAh), Charging time (hrs) 2.5|Built-in Noise-cancelling Speakerphone|Audio cable input|What’s in the box: 1 x JBL GO 2, 1 x Micro USB cable for charging, 1 x Safety Sheet, 1 x Quick Start Guide, 1 x Warranty Card",https://m.media-amazon.com/images/I/51RTfgkScMS._SX300_SY300_QL70_FMwebp_.jpg,"{""main_cat"": ""Electronics"", ""sub_cat1"": ""HomeAudio"", ""sub_cat2"": ""Speakers"", ""sub_cat3"": ""BluetoothSpeakers""}"
Tizum High Speed HDMI Cable with Ethernet | Supports 3D 4K | for All HDMI Devices Laptop Computer Gaming Console TV Set Top Box (1.5 Meter/ 5 Feet),"Electronics|HomeTheater,TV&Video|Accessories|Cables|HDMICables",$2.39,$8.39,72%,"Latest Standard HDMI A Male to A Male Cable: Supports Ethernet, 3D, 4K video and Audio Return Channel (ARC)|Connects Blu-ray players, Fire TV, Apple TV, PS4, PS3, Xbox One, Xbox 360, Computers, DVD Players, Set Top Box, Dish TV Box, and other HDMI-enabLED devices to TVs, displays, A/V receivers and more.Suitable For Mp3, Gaming Device, Mobile, Tablet, Laptop|Cable allows you to share an Internet connection among multiple devices without the need for a separate Ethernet cable|Meets HDMI 1.4 Standards (4K Video at 24 Hz, 2160p, 48 bit/px color depth) that supports bandwidth up to 10.2Gbps and backwards compatible with earlier versions|✔ Gold Plate HDMI Cable of Length: 5 Feet/ 1.8 Meters",https://m.media-amazon.com/images/I/41da4tk7N+L._SY300_SX300_.jpg,"{""main_cat"": ""Electronics"", ""sub_cat1"": ""HomeTheater,TV&Video"", ""sub_cat2"": ""Accessories"", ""sub_cat3"": ""Cables"", ""sub_cat4"": ""HDMICables""}"
"STRIFF 12 Pieces Highly Flexible Silicone Micro USB Protector, Mouse Cable Protector, Suit for All Cell Phones, Computers and Chargers (White)",Electronics|Mobiles&Accessories|MobileAccessories|Décor,$1.14,$5.99,81%,"Protect cables: the cable protectors are designed with highly flexible silicone, can be applied as phone charger saver and charger protector to completely protect cables for all devices, including cell phones, computers, laptops, mouse cable, etc.|Protection effect: protect wires and power cords from dirt, frays, tangles and knots; Reduce the risk of fraying and breaking|Touch comfortable: the wire protectors feels nice and is fun to install on any wires end, can be applied to protect your headphone cords and charger cables; You can also relieve your stress when you touch it; Relax yourself, even better, the cable protector looks cool|Prolong life of cables: the charger cable saver will help to prolong the life of your cable even the cable has been damaged|Simple to install: a detailed usage is provided; With no worries to wrap the cable protector onto your preferred cable",https://m.media-amazon.com/images/I/31SKRsp7Y1L._SX300_SY300_QL70_FMwebp_.jpg,"{""main_cat"": ""Electronics"", ""sub_cat1"": ""Mobiles&Accessories"", ""sub_cat2"": ""MobileAccessories"", ""sub_cat3"": ""D\u00e9cor""}"
"Tukzer Capacitive Stylus Pen for Touch Screens Devices, Fine Point, Lightweight Metal Body with Magnetism Cover Cap for Smartphones/Tablets/iPad/iPad Pro/iPhone (Grey)",Electronics|Mobiles&Accessories|MobileAccessories|StylusPens,$4.19,$11.99,65%,"MAGNETIC DESIGN- Tukzer magnetic capacitive touch screen stylus pen not only you can unscrew the small cap in the tail end of the pen to store a spare disc tip for an emergency situation when the disc is broken or lost but also both the head end and the tail end of the stylus pen are lined with a magnet, so the cap will be absorbed by the magnetic when you just put the cap close to either end|PRECISION - The stylus pen for iPad transparent disc allows you to see exactly where your mark is pointing and gives you supreme accuracy. You will be able to use your device in a way that is just not possible with a regular stylus|CONVENIENCE - Special hidden disc tips design. The replacement disc tip is hidden inside the pen cap. It can make sure you can use the pen for emergency situations when the disc is broken or lost, Tip Material Rubber|WIDELY COMPATIBLE - Disc Stylus is widely compatible with all touch enabled Devices – 7mm Plastic Tip with Conductive material compatible with iPhones, iPad, Android Phones, Android Tabs, Microsoft Surface etc|DIMENSIONS - 168mm Length. Comes with 6 Months Warranty",https://m.media-amazon.com/images/W/WEBP_402378-T1/images/I/31bKIZtFGWL._SX300_SY300_QL70_FMwebp_.jpg,"{""main_cat"": ""Electronics"", ""sub_cat1"": ""Mobiles&Accessories"", ""sub_cat2"": ""MobileAccessories"", ""sub_cat3"": ""StylusPens""}"
"Noise ColorFit Pro 2 Full Touch Control Smart Watch with 35g Weight & Upgraded LCD Display,IP68 Waterproof,Heart Rate Monitor,Sleep & Step Tracker,Call & Message Alerts & Long Battery Life (Jet Black)",Electronics|WearableTechnology|SmartWatches,$18.00,$60.01,70%,"The brilliant 1.3"" colour display is now full capacitive touch, supporting taps and swipes, so it is easy to read and operate.|The strong polycarbonate case makes the ColorFit Pro 2 featherlight on your wrist and is available in 4 beautiful colours with matching swappable straps.|24x7 heart rate monitoring with the built in optical HR monitor that measures your heart rate every five minutes. With up to ten day battery life, ColorFit Pro 2 can go for more than a week without needing to be charged via the included magnetic charger.|9 sports modes to cover all your activities, whether you walk, run, hike, bike, treadmill, work-out, climb, spin, of perform yoga.|You can sweat as much as you like and even wear the ColorFit Pro 2 in the rain, thanks to its IP68 waterproof rating.",https://m.media-amazon.com/images/W/WEBP_402378-T2/images/I/41UD9vNsIjS._SX300_SY300_QL70_FMwebp_.jpg,"{""main_cat"": ""Electronics"", ""sub_cat1"": ""WearableTechnology"", ""sub_cat2"": ""SmartWatches""}"
"Zebronics Zeb Buds C2 in Ear Type C Wired Earphones with Mic, Braided 1.2 Metre Cable, Metallic Design, 10mm Drivers, in Line Mic & Volume Controller (Blue)","Electronics|Headphones,Earbuds&Accessories|Headphones|In-Ear",$4.79,$8.39,43%,"Metallic Design, Sturdy Built|Comfortable Fit|Extra Ear tips|Compatible with Phone, Tablet, Audio Devices with Type C Input Port",https://m.media-amazon.com/images/W/WEBP_402378-T1/images/I/313nBNJrT6L._SX300_SY300_QL70_FMwebp_.jpg,"{""main_cat"": ""Electronics"", ""sub_cat1"": ""Headphones,Earbuds&Accessories"", ""sub_cat2"": ""Headphones"", ""sub_cat3"": ""In-Ear""}"
"Fire-Boltt India's No 1 Smartwatch Brand Ring Bluetooth Calling with SpO2 & 1.7” Metal Body with Blood Oxygen Monitoring, Continuous Heart Rate, Full Touch & Multiple Watch Faces",Electronics|WearableTechnology|SmartWatches,$30.00,$120.04,75%,"Fire-Boltt is India' No 1 Wearable Watch Brand Q122 by IDC Worldwide quarterly wearable device tracker Q122.【Bluetooth Calling Watch】- Fire-Boltt Ring bluetooth calling smart watch enables you to make and receive calls directly from your watch via the built-in speaker and microphone. This smartwatch features a dial pad, option to access recent calls & sync your phone’s contacts.;|【SPo2 & Heart Rate Tracking】 - The Smart watch tracks your real time Blood Oxygen Spo2 and has 24*7 Heart Rate Tracking. It also has Sleep and Fitness Tracking.; 【1.7 inch HD Full Touch】 - Industry Best Display of 1.7 Inches Size 【Full Metal Body with Changeable Strap】 - Sleek & Fashionable Metal Body best smart watch. The one-click control mode and honey comb menu helps you quickly navigate 【 Battery Life】- The watch can work for 24 Hours with Bluetooth Calling ( Normal Usage )*, 8 Days without Bluetooth Calling. System requirements: Bluetooth version 5.0 and above. IOS 7.0 and above, Android version 4.4 and above.|【Music Experience On The Go】 - Equipped with an inbuilt speaker, this smartwatch lets you play your favourite tracks on the Watch without having to take out your phone.|【Multiple Watch Faces & Smart Controls】 - The Smartwatch with call function has multiple Watch Faces. It has Smart controls like Weather Forecast, Alarm, Remote Control Camera. Get a 1-year assured warranty from FIRE-BOLTT|Clasp Type: Tang Buckle; Case Material Type: Stainless Steel; Included Components: 1u Smartwatch, 1u Charging Cable, 1u Manual; Compatible Devices: Smartphonetablet; Human Interface Input: Touch Screenbuttons; Band Material Type: Silicone|【How to activate Bluetooth Calling】- To enable Bluetooth Calling Function, first connect it to the compatible app. Once connected, manually go to the phone's Bluetooth settings and pair this smartwatch (Bluetooth Name: BSW005). Upon pairing, you will get a notification: Connected for calls and audio..Water resistance depth:1 meters",https://m.media-amazon.com/images/W/WEBP_402378-T1/images/I/41P+nvE9FYL._SY300_SX300_.jpg,"{""main_cat"": ""Electronics"", ""sub_cat1"": ""WearableTechnology"", ""sub_cat2"": ""SmartWatches""}"
Eveready Red 1012 AAA Batteries - Pack of 10,Electronics|GeneralPurposeBatteries&BatteryChargers|DisposableBatteries,$1.91,$2.16,12%,Think Battery - Think Eveready - Eveready Red 1012 AAA batteries are the No. 1 choice to Power your devices|Trusted by Millions - dependable performance from India's No. 1 Battery Brand,https://m.media-amazon.com/images/W/WEBP_402378-T2/images/I/517nCRsjYeL._SX300_SY300_QL70_FMwebp_.jpg,"{""main_cat"": ""Electronics"", ""sub_cat1"": ""GeneralPurposeBatteries&BatteryChargers"", ""sub_cat2"": ""DisposableBatteries""}"
"SanDisk Extreme microSD UHS I Card 128GB for 4K Video on Smartphones,Action Cams 190MB/s Read,90MB/s Write",Electronics|Accessories|MemoryCards|MicroSD,$15.95,$34.81,54%,"Save time with card offload speeds of up to 190MB/s* powered by SanDisk QuickFlow Technology [128GB-1TB] (up to 170MB/s* for 64GB)|4K UHD-ready with UHS Speed Class 3 (U3) and Video Speed Class 30 (V30)|Rated A2 for faster loading and in-app performance|Capture fast-action photos or shoot 4K UHD video2 with write speeds of up to 90MB/s.* The SanDisk Extreme microSDXC UHS-I Card lets you shoot more, fast.|Built for and tested in harsh conditions: temperature-proof, waterproof, shockproof and X-ray proof",https://m.media-amazon.com/images/I/41O4rjSlneL._SY300_SX300_QL70_FMwebp_.jpg,"{""main_cat"": ""Electronics"", ""sub_cat1"": ""Accessories"", ""sub_cat2"": ""MemoryCards"", ""sub_cat3"": ""MicroSD""}"
"Infinity (JBL Fuze Pint, Wireless Ultra Portable Mini Speaker with Mic, Deep Bass, Dual Equalizer, Bluetooth 5.0 with Voice Assistant Support for Mobiles (Black)",Electronics|HomeAudio|Speakers|OutdoorSpeakers,$10.79,$24.00,55%,Pocket Size Portable Bluetooth Speakers|5 hours Music Playtime Under Optimum Audio Settings and please ensure speaker is 100% charged before usage|Dual Equalizer Modes for Normal & Deep Bass Output|Wireless Bluetooth Streaming|Speakerphone. Frequency Response 180Hz - 20KHz. Signal to noise Ratio 70dB (Aux)|Voice Assistant Integration|Battery Size (mAh) 3.7V/480mAH with Charging Time 2.5 H @ 5V0.5A,https://m.media-amazon.com/images/I/41Qf-pUQr9L._SX300_SY300_QL70_FMwebp_.jpg,"{""main_cat"": ""Electronics"", ""sub_cat1"": ""HomeAudio"", ""sub_cat2"": ""Speakers"", ""sub_cat3"": ""OutdoorSpeakers""}"
boAt Bassheads 225 in Ear Wired Earphones with Mic(Blue),"Electronics|Headphones,Earbuds&Accessories|Headphones|In-Ear",$8.39,$11.99,30%,"Has a PVC cable which is durable and tangle free. Impedance 16Ω, Sensitivity (dB) 92db ±3db, Frequency Response 20Hz-20KHz|Compatibility and Connectivity: Compatible with Android/iOS and connectivity via 3.5mm AUX cable|IPX Rating: NA|Active Noise Cancellation: NA|Mic: In line Mic|Other Inclusions: Additional earbuds, Warranty Card|Innovative housing design enables for easy adjustment and optimal wearing comfort with powerful 10mm drivers for sonic clarity, bass-driven stereo sound and good attenuation of ambient noise",https://m.media-amazon.com/images/I/3101FmUqUOL._SX300_SY300_QL70_FMwebp_.jpg,"{""main_cat"": ""Electronics"", ""sub_cat1"": ""Headphones,Earbuds&Accessories"", ""sub_cat2"": ""Headphones"", ""sub_cat3"": ""In-Ear""}"
Duracell Chhota Power AA Battery Set of 10 Pcs,Electronics|GeneralPurposeBatteries&BatteryChargers|DisposableBatteries,$2.28,$2.64,14%,Duracell AA Chota Power Batteries|Alkaline LR03/MN2400|Pack of 10,https://m.media-amazon.com/images/W/WEBP_402378-T2/images/I/41hmoJUQTuL._SX300_SY300_QL70_FMwebp_.jpg,"{""main_cat"": ""Electronics"", ""sub_cat1"": ""GeneralPurposeBatteries&BatteryChargers"", ""sub_cat2"": ""DisposableBatteries""}"
"boAt Flash Edition Smart Watch with Activity Tracker, Multiple Sports Modes, 1.3"" Screen, 170+ Watch Faces, Sleep Monitor, Gesture, Camera & Music Control, IP68 & 7 Days Battery Life(Lightning Black)",Electronics|WearableTechnology|SmartWatches,$21.60,$83.91,74%,"1.3""(33mm) LCD display with a round dial that sports complete capacitive and responsive touch interface for effortless control.|The health monitoring feature in the watch helps you keep a track of heart rate & blood oxygen levels.|The daily activity tracker records daily steps taken, calories burnt and distances covered. Battery Capacity - 200mAh, Working Time - Up to 7 Days, Charging Time - 2 Hours|10 active sports modes include: running, walking, cycling, climbing, yoga, basketball, football, badminton, skipping & swimming.|Loaded with features, the watch Flash offers 7 day (when in use) battery life so you never miss the fun. Up to 20 days on stand by.|Customize your watch with 6 watch faces to match your style, every day!|Receive all important notifications, from calls & texts, to social media & sedentary alerts, all in one place.",https://m.media-amazon.com/images/W/WEBP_402378-T2/images/I/416+IXsM9lL._SY300_SX300_.jpg,"{""main_cat"": ""Electronics"", ""sub_cat1"": ""WearableTechnology"", ""sub_cat2"": ""SmartWatches""}"
"Boult Audio Omega with 30dB ANC+ ENC, 32H Playtime, 45ms Latency Gaming Mode, Quad Mic Zen ENC, 3 Equalizer Modes, ANC, Type-C Fast Charging, IPX5 True Wireless in Ear Bluetooth Earbuds (Black)","Electronics|Headphones,Earbuds&Accessories|Headphones|In-Ear",$24.00,$120.04,80%,"Note : If the size of the earbud tips does not match the size of your ear canals or the headset is not worn properly in your ears, you may not obtain the correct sound qualities or call performance. Change the earbud tips to ones that fit more snugly in your ears",https://m.media-amazon.com/images/I/41sEmULXfAL._SX300_SY300_QL70_FMwebp_.jpg,"{""main_cat"": ""Electronics"", ""sub_cat1"": ""Headphones,Earbuds&Accessories"", ""sub_cat2"": ""Headphones"", ""sub_cat3"": ""In-Ear""}"
"STRIFF UPH2W Multi Angle Tablet/Mobile Stand. Holder for iPhone, Android, Samsung, OnePlus, Xiaomi. Portable,Foldable Stand.Perfect for Bed,Office, Home,Gift and Desktop (White)",Electronics|Mobiles&Accessories|MobileAccessories|Stands,$1.19,$5.99,80%,"[PORTABLE SIZE]- 98mm*96mm*19mm, STRIFF desk phone stand is foldable and easy to slip into your pocket suitable for bed,table and home|[MULTI ANGLE ADJUSTABLE] - Directly adjust to your preferred angle among 10 different viewing angles, from 0° to 100°.Hold your smartphone or mini tablet in portrait or landscape mode safe.|[USEFUL DESKTOP CELL PHONE STAND] - Hold your smartphone or mini tablet at a comfortable angle, ideal for watching video, reading, video recording or simply browsing the web, playing games, facetime and other handsfree operation at home, office and travel|[PREMIUM MATERIAL] - Superior ABS and rubber pads on the bottom to protect the stand from sliding and durable in usage.|[UNIVERSAL COMPATIBILITY] - Works with all 4- 7.9 Inch smartphones, mini tablets and e-readers including iPhone X 8 8 Plus 7 7Plus 6S 6S Plus 6Plus 5 iPad mini, Google Pixel Pixel 2 Pixel XL, Nexus 5X 6P 4 5 7, LG G2 G3 G4 G5 G6 V10 V20 V30 K10 K20, Samsung Galaxy S9 S9+ S8 S8 Plus S7 Edge S6 S5 S4 J7 J3 Galaxy Note 8, HTC, Moto, Nokia, Huawei android phones and more.",https://m.media-amazon.com/images/I/21VBjRnsH6L._SX300_SY300_QL70_FMwebp_.jpg,"{""main_cat"": ""Electronics"", ""sub_cat1"": ""Mobiles&Accessories"", ""sub_cat2"": ""MobileAccessories"", ""sub_cat3"": ""Stands""}"
"Boult Audio Truebuds with 30H Playtime, IPX7 Waterproof, Lightning Boult™ Type C Fast Charging (10 Min=100Mins), BoomX™ Tech Rich Bass, Pro+ Calling HD Mic, Touch Controls in Ear Earbuds TWS (Grey)","Electronics|Headphones,Earbuds&Accessories|Headphones|In-Ear",$14.39,$96.03,85%,"One Touch Control & Voice Assistant: With one multifunction button, you can play/pause, previous/next track and answer/hang-up calls.Voice assistant function lets you access siri/Google Assistant. 20m Transmission Distance.Note : If the size of the earbud tips does not match the size of your ear canals or the headset is not worn properly in your ears, you may not obtain the correct sound qualities or call performance. Change the earbud tips to ones that fit more snugly in your ears|[Auto pairing ] Automatically pair with your device as soon as you take them out of the case. No need to manually pair to your device each time|Offers playback time of up to 7.5 hours for every charge. Carrying case can give 4 additional charges to the earbuds making total play-time of up to 30 Hours.|[Monopod Feature] The earbuds can be used separately after successful pairing. Not only listening to both earbuds in stereo mode, but also it can be used as monopods to enjoy the music & take calls|IPX7 waterproof- earbuds and charging case inner Nano-coating makes it possible to waterproof for 1 meters deep for 30 minutes.Ideal for sweating it out at the gym. Even Wash the earbuds and base|Designed with latest Bluetooth 5.0, the wireless earbuds own fast and stable transmission without tangling. Improved high quality mic for both earbuds bring a better call performance",https://m.media-amazon.com/images/W/WEBP_402378-T1/images/I/31bUanm+oRL._SY300_SX300_.jpg,"{""main_cat"": ""Electronics"", ""sub_cat1"": ""Headphones,Earbuds&Accessories"", ""sub_cat2"": ""Headphones"", ""sub_cat3"": ""In-Ear""}"
Noise Buds VS201 V2 in-Ear Truly Wireless Earbuds with Dual Equalizer | with Mic | Total 14-Hour Playtime | Full Touch Control | IPX5 Water Resistance and Bluetooth v5.1 (Olive Green),"Electronics|Headphones,Earbuds&Accessories|Headphones|In-Ear",$15.59,$36.00,57%,"Dual equalizer: Enjoy your music the way you like it. Switch between bass or normal mode to get the best sound.|Crystal clear calls: Want an easy work from home experience? Individual mic in each earbud has got you covered.|Up to 14-hour playtime]: Buds VS201 offer a play time of up to 4.5 hours on a single charge and an additional 9.5 hours making a total playtime of up to 14 hours with the charging case. Full touch controls: Manage your calls, change tracks, activate your preferred voice assistant and more with the touch controls on the earbuds.|Ergonomic design: Designed for all-day wear, the ergonomic design ensures you get the comfort fit throughout the day. Bluetooth v5.1: Experience lag-free usage, thanks to the industry-leading Bluetooth v5.1.",https://m.media-amazon.com/images/I/31oumlyiGiL._SX300_SY300_QL70_FMwebp_.jpg,"{""main_cat"": ""Electronics"", ""sub_cat1"": ""Headphones,Earbuds&Accessories"", ""sub_cat2"": ""Headphones"", ""sub_cat3"": ""In-Ear""}"
"Gizga Essentials Earphone Carrying Case, Multi-Purpose Pocket Storage Travel Organizer for Earphones, Headset, Pen Drives, SD Cards, Shock-Proof Ballistic Nylon, Soft Fabric, Mesh Pocket, Green","Electronics|Headphones,Earbuds&Accessories|Cases",$1.43,$5.99,76%,"SUPERIOR QUALITY: Gizga Essentials Earphone Carrying Case (Headphone Case) is spherical in shape with tapered top. Ergonomically the inside to keep a lot more contents one would think is possible. Excellent for Earphones, Pen Drive, Coins, SD Cards, Connectors etc.|SECURE & DURABLE: When you carry your earphones in your purses and your pockets; when you leave them on your tables they have a tendency of getting entangled, dirty or lost. It guards, carries, stores and protects your earphones from dirt and grime, and keeps them untangled.|BUILD STRONG: Build Strong with Semi-rigid shell covered with 1680d ballistic nylon which makes the case tough and shock resistant and does not transfer impact to the contents inside.|MESH COMPARTMENT: A handy mesh compartment on the inside of the lid to store small accessories and connectors and hold them on to place.",https://m.media-amazon.com/images/I/41+d7HRWPwL._SY300_SX300_.jpg,"{""main_cat"": ""Electronics"", ""sub_cat1"": ""Headphones,Earbuds&Accessories"", ""sub_cat2"": ""Cases""}"
"SanDisk Ultra SDHC UHS-I Card 32GB 120MB/s R for DSLR Cameras, for Full HD Recording, 10Y Warranty",Electronics|Accessories|MemoryCards|SecureDigitalCards,$5.39,$9.60,44%,Great choice for compact to mid-range point-and-shoot cameras|Quick transfer speeds up to 120MB/s to backup those moments|Up to 256GB* to store tons of pictures and even more Full HD video|Exceptional video recording performance with UHS Speed Class 1 (U1)5 and Class 10 rating for Full HD video (1080p)|Compatible with SanDisk SD UHS-I card reader6 for speeds up to 120MB/s,https://m.media-amazon.com/images/W/WEBP_402378-T1/images/I/41nmeIgWsZL._SX300_SY300_QL70_FMwebp_.jpg,"{""main_cat"": ""Electronics"", ""sub_cat1"": ""Accessories"", ""sub_cat2"": ""MemoryCards"", ""sub_cat3"": ""SecureDigitalCards""}"
"DIGITEK® (DRL-14C) Professional (31cm) Dual Temperature LED Ring Light with Tripod Stand & Mini Tripod for YouTube, Photo-Shoot, Video Shoot, Live Stream, Makeup, Vlogging & More",Electronics|Mobiles&Accessories|MobileAccessories|Photo&VideoAccessories|Flashes&SelfieLights|SelfieLights,$20.40,$41.96,51%,"No Shadow apertures, is essentially a boon for Photo-Video shoots with Lighting effects|Can mount it to a grip head or light stand as per need|Comes with 5 Feet Light stand and mini Tripod|DRL-14C comes with Intensity control, Color temperature control & power button making it easier to operate. It has step-less adjustment of color temperature to maintain product tone or create fine subject details|Included Components : ‎Light Stand, Mini Tripod, Ring light body, ‎Hot shoe mount, Smart phone mount|For any product related queries contact our Service Customer Support / Toll Free number 1800-123-544-444 with 12 lines to assist customer from morning 10 am to 6.30 pm Monday to Saturday except Govt. Holidays",https://m.media-amazon.com/images/I/31RlOXIcTYL._SX300_SY300_QL70_FMwebp_.jpg,"{""main_cat"": ""Electronics"", ""sub_cat1"": ""Mobiles&Accessories"", ""sub_cat2"": ""MobileAccessories"", ""sub_cat3"": ""Photo&VideoAccessories"", ""sub_cat4"": ""Flashes&SelfieLights""}"
"boAt Stone 650 10W Bluetooth Speaker with Upto 7 Hours Playback, IPX5 and Integrated Controls (Blue)",Electronics|HomeAudio|Speakers|BluetoothSpeakers,$21.60,$59.90,64%,"Experience the true immersive sound with a pumping driver delivering 10W of audio and connect to the music that you love|Its powerful 1800mAh battery offers a playback time of up to 7 hours. Impedance 4Ω, Sensitivity (dB) 89dB±3DB, Frequency Response 2.4GHz-2.480GKHz. Memory Card Supported : Yes|Stone 650 is IPX5 rated offering protection against water and dust. Charging Time 3.5 hours|Its integrated controls allow for an easy user interface, ensuring that nothing stands between you and your favourite music|It offers dual connectivity via its Bluetooth v4.2 and AUX|1 year warranty from the date of purchase",https://m.media-amazon.com/images/I/41rfSd9spqL._SX300_SY300_QL70_FMwebp_.jpg,"{""main_cat"": ""Electronics"", ""sub_cat1"": ""HomeAudio"", ""sub_cat2"": ""Speakers"", ""sub_cat3"": ""BluetoothSpeakers""}"
"boAt Stone 180 5W Bluetooth Speaker with Upto 10 Hours Playback, 1.75"" Driver, IPX7 & TWS Feature(Black)",Electronics|HomeAudio|Speakers|OutdoorSpeakers,$11.99,$29.89,60%,"Stone 180 comes equipped with 1.75"" Dynamic Drivers for powerful immersive sound|Its power packed 800mAh battery ensures extended indulgence in musical bliss with up to 10 hours of play time, Charging Time : 1.5 Hours|The speaker offers 5W of premium High Definition sound|Stone 180 supports instant wireless connectivity with latest Bluetooth v5.0|Connect two Stone 180’s and turn the scene right around with double the volume at the same clarity level, get the party started anywhere, anytime with the boAt Stone 180|It is IPX7 rated which offers protection against sweat and water.|It offers dual connectivity via Bluetooth & AUX.|1 year warranty from the date of purchase",https://m.media-amazon.com/images/W/WEBP_402378-T2/images/I/41aZf9i-QzL._SX300_SY300_QL70_FMwebp_.jpg,"{""main_cat"": ""Electronics"", ""sub_cat1"": ""HomeAudio"", ""sub_cat2"": ""Speakers"", ""sub_cat3"": ""OutdoorSpeakers""}"
"ZEBRONICS Zeb-Evolve Wireless in Ear Neckband Earphone with Supporting Bluetooth v5.0, Voice Assistant, Rapid Charge, Call Function & Magnetic Earpiece, with mic (Metallic Blue)","Electronics|Headphones,Earbuds&Accessories|Headphones|In-Ear",$5.99,$18.00,67%,Metallic Wireless Neckband Earphone for Make Calls & Music Playback|Seamless Connectivity with Bluetooth Version 5.0|Voice Assistant Support: Ok Google & Hey Siri|Rapid Charging Technology with Type C Port|Can be Connected via 2 Devices Simultaneously with Dual Pairing Feature|Calling Function with Built-in Mic|Flexible Neckband with Magnetic Earpiece,https://m.media-amazon.com/images/I/31gZM-XkOtL._SX300_SY300_QL70_FMwebp_.jpg,"{""main_cat"": ""Electronics"", ""sub_cat1"": ""Headphones,Earbuds&Accessories"", ""sub_cat2"": ""Headphones"", ""sub_cat3"": ""In-Ear""}"
"ZEBRONICS Zeb-Fame 5watts 2.0 Multi Media Speakers with AUX, USB and Volume Control (Black)",Electronics|HomeAudio|Speakers|MultimediaSpeakerSystems,$5.99,$9.59,38%,Zeb-fame is a USB powered 2.0 speaker that supports an AUX input|The 2.0 speaker also comes with volume control and produces scintillating sound experience even while being compact|Drivers 5.2cm (2.04-inch) x 2|Impedance 4 ohms|Output Power (RMS) 2.5Watts plus 2.5Watts|Country of Origin: China,https://m.media-amazon.com/images/W/WEBP_402378-T2/images/I/51X7oG9862L._SX300_SY300_QL70_FMwebp_.jpg,"{""main_cat"": ""Electronics"", ""sub_cat1"": ""HomeAudio"", ""sub_cat2"": ""Speakers"", ""sub_cat3"": ""MultimediaSpeakerSystems""}"
"Fire-Boltt Ninja Calling 1.69"" Bluetooth Calling Smart Watch, Dial Pad, Speaker, AI Voice Assistant with 450 NITS Peak Brightness, Wrist Gaming & 100+ Watch Faces with SpO2, HR, Multiple Sports Mode",Electronics|WearableTechnology|SmartWatches,$24.00,$96.03,75%,"Fire-Boltt is India' No 1 Wearable Watch Brand Q122 by IDC Worldwide quarterly wearable device tracker Q122.|【Bluetooth Calling Watch】- Fire-Boltt Ninja Calling smart watch enables you to make and receive calls directly from your watch. This smartwatch features a dial pad, option to access recent calls & sync your phone’s contacts|【SpO2 & Heart Rate Tracking】- Track Real Time Heart Rate on the go on this smart watch. Featuring Blood Oxygen Tracking (SpO2) with optical sensors that give almost acurate results|【1.69 inch HD Full Touch】- Best in class HD Full Touch Screen with a 240*280 pixel HQ Resolution smart watch with call function . Smooth functioning and easy swipes making life better.;|【Built In Speaker】- Listen to your favourite songs on the watch itself, with the built in speaker talk while you walk and even enjoy songs on the run|【AI Voice Assistance】- Command your watch and let the magic happen. This special technology is in the Fire-Boltt Ninja Calling Smartwatch|【30 Sports Mode】- Fire-Boltt Ninja Calling best Smart watch comes with 30 sports tracking feature. Track each acitivity with true efficiency and crown that medal.|【Socially Active】- Activate your social life while you balance your work culture. Never miss out on any event, meeting, birthday or trends, allow all the notifications to be displayed on the smartwatch and rock each party",https://m.media-amazon.com/images/W/WEBP_402378-T2/images/I/41W4O2H532L._SX300_SY300_QL70_FMwebp_.jpg,"{""main_cat"": ""Electronics"", ""sub_cat1"": ""WearableTechnology"", ""sub_cat2"": ""SmartWatches""}"
"DIGITEK® (DTR-200MT) (18 CM) Portable & Flexible Mini Tripod with Mobile Holder & 360 Degree Ball Head, For Smart Phones, Compact Cameras, GoPro, Maximum Operating Height: 7.87 Inch, Maximum Load Upto: 1 kgs",Electronics|Cameras&Photography|Accessories|Tripods&Monopods|TripodLegs,$4.19,$11.94,65%,"The mini tripod works with most Smartphones, GoPro, DSLR and compact cameras|High quality tripod equipped with non skid rubber feet for extra solid grip , even in a tilted position.|Digitek Portable Mini Tripod with 3 Leg Base for All Mobile phones",https://m.media-amazon.com/images/W/WEBP_402378-T1/images/I/31Vt3iyEaIL._SX300_SY300_QL70_FMwebp_.jpg,"{""main_cat"": ""Electronics"", ""sub_cat1"": ""Cameras&Photography"", ""sub_cat2"": ""Accessories"", ""sub_cat3"": ""Tripods&Monopods"", ""sub_cat4"": ""TripodLegs""}"
"Duracell Rechargeable AA 2500mAh Batteries, 4 Pcs",Electronics|GeneralPurposeBatteries&BatteryChargers|DisposableBatteries,$10.55,$13.31,21%,"Duracell Rechargeable AA 2500 mAh batteries are our #1 longest-lasting per charge (for rechargeable AA size, per charge in same device)|Duracell Rechargeable AA 2500 mAh batteries stay charged for up to 12 months, when not in use|Unused Duracell Rechargeable AA 2500 mAh batteries are guaranteed to last 5 years|Duracell Rechargeable AA 2500 mAh batteries come pre-charged, ready to use|Duracell Rechargeable 2500 mAh AA batteries can be recharged 100's times|Ideal for wireless video game controllers, baby toys, wireless electronics and more|They are available in AA 2500mAh and AAA 900mAh sizes",https://m.media-amazon.com/images/I/41PBiq0KGUL._SX300_SY300_QL70_FMwebp_.jpg,"{""main_cat"": ""Electronics"", ""sub_cat1"": ""GeneralPurposeBatteries&BatteryChargers"", ""sub_cat2"": ""DisposableBatteries""}"
"ENVIE® (AA10004PLNi-CD) AA Rechargeable Batteries, Low Self Discharge, AA 1000mAh Ni-CD (Pack of 4)",Electronics|GeneralPurposeBatteries&BatteryChargers|RechargeableBatteries,$3.00,$3.00,0%,"Functional design: International Standard universally compatible 4 pcs of rechargeable Ni-Cd batteries. Batteries needs to be charged before first use|Capacity:Best in Industry 1000mAh capacity batteries with no memory effect so they can be charged or discharged as needed without loss of capacity|Discharge: Batteries are equipped with low self discharge mechanism to hold charge upto 80% for 12 months without use|Compatibility: Envie AA Batteries are compatible with numerous devices including Remote Controls, Electronic Toys, Flashlights, Torches and various other devices. Batteries also support Quick Charge mechanism which can be done via any smart or quick charger|Environment friendly:Envie batteries provide you a safe and stable highy protected environment friendly energy solution",https://m.media-amazon.com/images/I/41tcZ6fcJML._SX300_SY300_QL70_FMwebp_.jpg,"{""main_cat"": ""Electronics"", ""sub_cat1"": ""GeneralPurposeBatteries&BatteryChargers"", ""sub_cat2"": ""RechargeableBatteries""}"
"ZEBRONICS Zeb-Buds 30 3.5Mm Stereo Wired in Ear Earphones with Mic for Calling, Volume Control, Multifunction Button, 14Mm Drivers, Stylish Eartip,1.2 Meter Durable Cable and Lightweight Design(Red)","Electronics|Headphones,Earbuds&Accessories|Headphones|In-Ear",$2.39,$5.99,60%,"Get the detailed trebles, thumping bass and warm tone vocals with the ZEB-BUDS 30 3.5mm stereo earphones. The 14mm drivers are designed to deliver audio suitable for all users.;Compatible with smartphones, tablets, Laptops etc.,|In-line microphone supporting calling function, so you can take calls on the go with just a single button click.;High quality microphone provides you with clear audio while on calls.|Control volume with the easy to use volume control buttons, provided along the in-line control pod. It also has a multifunctional button to play / pause / control calls.;Get the advantage of 1.2 meter long and durable connector cable, to connect with Laptops and tablets.|Enjoy music, movies, games and binge watch series for long hours, with the comfort of lightweight and stylish in-ear designed eartips.;The earphone has a cable management joint, so you can wear it without tangles.; Available in multiple color variants to suit your style.|Warranty Description: 6 Months; Size Name: Free Size",https://m.media-amazon.com/images/W/WEBP_402378-T1/images/I/31CndDabh2L._SX300_SY300_QL70_FMwebp_.jpg,"{""main_cat"": ""Electronics"", ""sub_cat1"": ""Headphones,Earbuds&Accessories"", ""sub_cat2"": ""Headphones"", ""sub_cat3"": ""In-Ear""}"
ENVIE ECR-20 Charger for AA & AAA Rechargeable Batteries,Electronics|Cameras&Photography|Accessories|Batteries&Chargers|BatteryChargers,$3.59,$4.80,25%,"LED indicator: Two LED indicators show the charging process of its corresponding slots but will not turn off once fully charged|OPTIMIZED MULTI-BATTERY CHARGING SYSTEM: Designed for a broad spectrum of Ni-Cd and Ni-MH rechargeable cell sizes, this battery charger comes with LED indicator that shows the charging status of its corresponding slots.|AUTOMATIC CURRENT SELECTION: Compatible with 2-4 AA/AAA Ni-MH/ Ni-Cd types rechargeable batteries this charger automatically selects the charging mode based on battery type and capacity.|HIGH-END SAFETY: This charger is BIS certified which means it provides guarantee of quality, safety and reliability of the product. Integrated high-performance protected circuit automatically short-circuiting.|SUPPORTS INPUT: 220V AC, 50Hz , SUPPORTS OUTPUT: AA/AAA 2.4V DC 240mA , AA20Max2 AA20Max4 , AAA 120mAx2 AAA 120mAx4. It works best with Envie batteries",https://m.media-amazon.com/images/W/WEBP_402378-T1/images/I/31Dj+5AQcJL._SY300_SX300_.jpg,"{""main_cat"": ""Electronics"", ""sub_cat1"": ""Cameras&Photography"", ""sub_cat2"": ""Accessories"", ""sub_cat3"": ""Batteries&Chargers"", ""sub_cat4"": ""BatteryChargers""}"
"boAt Airdopes 191G True Wireless Earbuds with ENx™ Tech Equipped Quad Mics, Beast™ Mode(Low Latency- 65ms) for Gaming, 2x6mm Dual Drivers, 30H Playtime, IPX5, IWP™, Appealing Case LEDs(Sport Blue)","Electronics|Headphones,Earbuds&Accessories|Headphones|In-Ear",$19.20,$41.90,54%,"Clear Voice Calls- Be heard clear across voice calls without those usual interruptions, with the ENx Tech enabled quad mics that cancel out unwanted background noises during calls, on Airdopes 191G.|Low Latency- Enjoy a lag less gaming and entertainment experience with BEAST Mode for low latency so that your sessions always stay smooth.|Dual Drivers- Delve into the boAt immersive auditory experience on Airdopes 191G TWS earbuds courtesy its 2x 6mm dual audio drivers.|Playback- It offers a total playtime of up to 30HRS, including up to 6HRS of playtime per earbud.|Instant Connect- The IWP tech makes it easier to power on the earbuds which occurs as soon as you open the case lid when the earbuds are being kept inside.|IP Rating- The earbuds are marked with IPX5 water resistance for a carefree listening time wherever you go.|Controls and Voice Assistant- Its smooth touch control lets one command playback, hands-free voice calls and activate voice assistant with ease.",https://m.media-amazon.com/images/W/WEBP_402378-T1/images/I/41akwKtryWL._SX300_SY300_QL70_FMwebp_.jpg,"{""main_cat"": ""Electronics"", ""sub_cat1"": ""Headphones,Earbuds&Accessories"", ""sub_cat2"": ""Headphones"", ""sub_cat3"": ""In-Ear""}"
Boult Audio BassBuds Oak in-Ear Wired Earphones with 10mm Extra Bass Driver and HD Sound with mic(Brown),"Electronics|Headphones,Earbuds&Accessories|Headphones|In-Ear",$5.99,$15.59,62%,"In-line Controls: Answer/reject/ calls, play/pause, voice command.|Ergonomically designed drivers: Aerospace grade AL alloy drivers give the best acoustics, 3D HD sound and a punchy bass|Lightweight , comfortable & premium metallic finish, Tangle Free|High Fidelity Acoustics: The micro-woofers supply a crystal clear HD sound deliver an incredibly detailed High Definition audio with 3D surround sound|Sound Signature: Natural Wood delivers a signature sound with rich, crisp Bass Response and warm bright tones with incredible precision",https://m.media-amazon.com/images/W/WEBP_402378-T1/images/I/411dgEJpANL._SX300_SY300_QL70_FMwebp_.jpg,"{""main_cat"": ""Electronics"", ""sub_cat1"": ""Headphones,Earbuds&Accessories"", ""sub_cat2"": ""Headphones"", ""sub_cat3"": ""In-Ear""}"
"Noise ColorFit Ultra Buzz Bluetooth Calling Smart Watch with 1.75"" HD Display, 320x385 px Resolution, 100 Sports Modes, Stock Market Info Smartwatch for Men & Women (Olive Green)",Electronics|WearableTechnology|SmartWatches,$30.00,$72.02,58%,"Bluetooth calling: Stay connected with the world, dial from recent call history and favourites.;1.75"" High Resolution display: See what you are up to on the large and vivid 1.75’’ display with 320x385 px; 100 sports modes: Choose from 100 sports modes and get on the right side of fitness.;Productivity suite: Be your most productive self and stay well aware of what’s happening around you.|Noise Health suite: Know your health better, right from your wrist via Blood-oxygen monitor, 24/7 heart rate monitor, Stress monitor, Sleep monitor and Female cycle tracker.;Customizable and cloud-based watch faces: Create a new look every day and stay stylish.|Bluetooth calling: Stay connected with the world, dial from recent call history and favourites.;1.75"" High Resolution display: See what you are up to on the large and vivid 1.75’’ display with 320x385 px|100 sports modes: Choose from 100 sports modes and get on the right side of fitness.;Productivity suite: Be your most productive self and stay well aware of what’s happening around you.|Connectivity Technology: Usb; Included Components: ‎Smartwatch, Magnetic Charger, User Manual, Warranty Card",https://m.media-amazon.com/images/W/WEBP_402378-T1/images/I/410jqIm0YoL._SX300_SY300_QL70_FMwebp_.jpg,"{""main_cat"": ""Electronics"", ""sub_cat1"": ""WearableTechnology"", ""sub_cat2"": ""SmartWatches""}"
SanDisk Extreme SD UHS I 64GB Card for 4K Video for DSLR and Mirrorless Cameras 170MB/s Read & 80MB/s Write,Electronics|Accessories|MemoryCards|MicroSD,$11.27,$21.61,48%,Save time with card offload speeds upto 170mb/s powered by SanDisk quickflow technology|Perfect for shooting 4K UHD video and sequential burst mode photography|Capture uninterrupted video with UHS Class 3 (U3) and video speed class 30 (V30)|Built for and tested in harsh conditions,https://m.media-amazon.com/images/W/WEBP_402378-T1/images/I/41x8yDAjWJL._SX300_SY300_QL70_FMwebp_.jpg,"{""main_cat"": ""Electronics"", ""sub_cat1"": ""Accessories"", ""sub_cat2"": ""MemoryCards"", ""sub_cat3"": ""MicroSD""}"
"Fire-Boltt Ring Pro Bluetooth Calling, 1.75” 320*385px High Res, IP68 & SpO2 Monitoring, Pin Code Locking Functionality & Split Screen Access, Built in Mic & Speaker for HD Calls, Black, Free Size",Electronics|WearableTechnology|SmartWatches,$30.00,$120.04,75%,"【Bluetooth Calling Watch】- Fire-Boltt Ring Pro enables you to make and receive calls directly from your watch via the built-in speaker and microphone. This smartwatch features a dial pad, option to access recent calls & sync your phone’s contacts.;【1.75” Best HD Display with 320*385 Pixels】- This smartwatch comes with an Industry’s best 1.75” Display and has a super quality resolution of 320*385 Pixels providing you a smooth touch experience 【IP68 Water Resistant】- This smartwatch can withstand dust, spills, raindrops and is sweatproof too.Band Width:20 millimeters.Water resistance depth:1 meters|【Unique Rotating Multi-Functional Button】- Fire-Boltt Ring Pro has a unique menu viewing style and watch face changing style, you can simply rotate the button to changes watch faces and view the list menu without scrolling;【Pincode Locking System】- Just like a smartphone pin lock, this smartwatch also has a pin lock. Secure your smartwatch by setting up a pin lock on it. 【Built In Mic & Speaker】- Fire-Boltt Ring Pro comes with a Mic and Speaker for best calling experience. Clear HD calls via the watch is now available 【Play Games on Your Wrist】|【Split Display Easy Access】- This smartwatch provides you a split screen display where you can easily in one click land on any function without the need to search it from the menu;【SPo2 Monitoring】- Monitor your blood oxygen levels any time anywhere. 【360 Health Ecosystem】- With this watch track your heart rate, calorie, step count and multiple sports modes with easy touch【Quick Charge Technology】- Within 100 minutes full charge your watch and you are on the go again. System requirements: IOS 7.0 and above, Android version 4.4 and above, Bluetooth version 5.0 or above.|【Smart Notification】- Get all your mobile phone notifications on the watch and stay updates about trends, meeting emails and much more. 【Remotely access smartphone features】- Click pictures, change music tracks on the watch with a single touch.;【How to activate Bluetooth Calling】- To enable Bluetooth Calling Function, first connect it to the compatible app. Once connected, manually go to the phone's Bluetooth settings and pair this smartwatch (Bluetooth Name: BSW029). Upon pairing, you will get a notification: Connected for calls and audio.; Clasp type: Tang Buckle;Water Resistance Level: Water Resistant|Human Interface Input: Buttonstouch Screen; Item Type Name: Smart Watch; Band Material Type: Silicone; Compatible Devices: Smartphonetablet; Case Material Type: Alloy; Included Components: 1 Smartwatch, 1 Manual, 1 Magnetic Charger, 1 Warranty Card",https://m.media-amazon.com/images/W/WEBP_402378-T2/images/I/415mk3uip9L._SX300_SY300_QL70_FMwebp_.jpg,"{""main_cat"": ""Electronics"", ""sub_cat1"": ""WearableTechnology"", ""sub_cat2"": ""SmartWatches""}"
"Boult Audio Airbass Propods X TWS Bluetooth Truly Wireless in Ear Earbuds with Mic, 32H Playtime, Fast Charging Type-C, Ipx5 Water Resistant, Touch Controls and Voice Assistant (Red)","Electronics|Headphones,Earbuds&Accessories|Headphones|In-Ear",$13.19,$72.02,82%,"Note : If the size of the earbud tips does not match the size of your ear canals or the headset is not worn properly in your ears, you may not obtain the correct sound qualities or call performance. Change the earbud tips to ones that fit more snugly in your ears",https://m.media-amazon.com/images/W/WEBP_402378-T1/images/I/31nIcqmP0zL._SX300_SY300_QL70_FMwebp_.jpg,"{""main_cat"": ""Electronics"", ""sub_cat1"": ""Headphones,Earbuds&Accessories"", ""sub_cat2"": ""Headphones"", ""sub_cat3"": ""In-Ear""}"
CP PLUS 2MP Full HD Smart Wi-fi CCTV Security Camera | 360° with Pan Tilt | Two Way Talk | Cloud Monitor | Motion Detect | Night Vision | Supports SD Card (Up to 128 GB) | Alexa & Ok Google | CP-E21A,Electronics|Cameras&Photography|SecurityCameras|DomeCameras,$24.00,$56.42,57%,"360° PAN & TILT VIEW: 1080p full HD Plug & Play Wi-Fi camera 2 MP Full HD Video Camera with 360 degree Coverage helps in the complete surveillance of your house/office to keep a view of any unusual activity..Min. Illumination 0.01 Lux|TWO-WAY TALK: Built-in highly microphone & speaker which allows you to easily interact with your family or pets without any echo or background noise.|INTELLIGENT MOTION SENSOR: This smart CCTV camera can accurately identify and track humans on the move. Get quick alerts on your smartphone so that you can easily monitor important notifications without receiving annoying false alarms.|ADVANCED NIGHT VISION: In-built infrared LEDs offer you enhanced night vision so that you can get clear night-time images/recordings.|MOBILE COMPATIBLE: Connect the camera with Ezykam+ app so that you never miss any important update!|CLOUD MONITORING: All your recording are stored on cloud for easier access. Continuous video recording on memory card!|SUPPORTS ALEXA & OK GOOGLE: Smart voice control mechanism which makes the camera compatible with Amazon Alexa and Google Assistant, so you can watch live or stop video stream with simple voice instructions!|WHAT'S IN THE BOX: Camera, USB Cable, Adaptor, User Manual",https://m.media-amazon.com/images/I/21o8KsIQqRL._SY300_SX300_QL70_FMwebp_.jpg,"{""main_cat"": ""Electronics"", ""sub_cat1"": ""Cameras&Photography"", ""sub_cat2"": ""SecurityCameras"", ""sub_cat3"": ""DomeCameras""}"
"Sony WI-C100 Wireless Headphones with Customizable Equalizer for Deep Bass & 25 Hrs Battery, DSEE-Upscale, Splash Proof, 360RA, Fast Pair, in-Ear Bluetooth Headset with mic for Phone Calls (Black)","Electronics|Headphones,Earbuds&Accessories|Headphones|In-Ear",$19.20,$33.49,43%,"Equalizer Support : Your sound, just how you like it, Customizable Equalizer for Deep Bass|Application Support : Headphones Connect app for Android & iOS|Battery Life : Long battery life of up to 25 hours, 10-minute quick charge will give you up to 60 minutes of playback|Sound Quality : DSEE restores high frequency sounds lost in compression|IP Ratings : Splash-proof and sweat-proof with an IPX4 rating|Built-In Mic : Easier, clearer hands-free calling|Operations : Easy to operation with buttons to play and pause, skip tracks and adjust the volume",https://m.media-amazon.com/images/I/31lF-FdlrHL._SX300_SY300_QL70_FMwebp_.jpg,"{""main_cat"": ""Electronics"", ""sub_cat1"": ""Headphones,Earbuds&Accessories"", ""sub_cat2"": ""Headphones"", ""sub_cat3"": ""In-Ear""}"
"Infinity (JBL Glide 510, 72 Hrs Playtime with Quick Charge, Wireless On Ear Headphone with Mic, Deep Bass, Dual Equalizer, Bluetooth 5.0 with Voice Assistant Support (Black)","Electronics|Headphones,Earbuds&Accessories|Headphones|On-Ear",$18.00,$48.01,63%,72 Hours Playtime Under Optimum Audio Settings|Dual Equalizer Modes for Normal & Deep Bass Output. Driver Sensitivity (1KHz / 1mW) 102±3dB. Audio Specifications: Impedence(ohms) 32 ohms|Deep Bass Output with 36mm Drivers|Quick Charging (10 minutes of charge gives 2 Hours of playtime)|Hands-free calling with 3 Button Remote|Comfort Cushions|Voice Assistant Integration|Light weight and flat foldable,https://m.media-amazon.com/images/I/41-U6BdQrcL._SX300_SY300_QL70_FMwebp_.jpg,"{""main_cat"": ""Electronics"", ""sub_cat1"": ""Headphones,Earbuds&Accessories"", ""sub_cat2"": ""Headphones"", ""sub_cat3"": ""On-Ear""}"
"ZEBRONICS Zeb-Sound Bomb N1 True Wireless in Ear Earbuds with Mic ENC, Gaming Mode (up to 50ms), up to 18H Playback, BT V5.2, Fidget Case, Voice Assistant, Splash Proof, Type C (Midnight Black)","Electronics|Headphones,Earbuds&Accessories|Headphones|In-Ear",$11.99,$50.41,76%,"Wireless BT v5.2 TWS earbuds with easy to use touch controls. The unique design with a sliding charging case lid, gives you a premium experience|Experience flawless gaming with the 50ms low latency feature in ZEB-SOUND BOMB N1 TWS earbuds|Environmental noise cancellation (ENC) support and built-in microphone for enabling a high quality calling experience|You can now binge watch series or listen music on the go, without worrying about the usage time, as the battery backup is up to 18H* approx. with the type C charging case|Listen to music with a sound signature having pleasant Trebles and smooth vocals, punchy bass. The earbuds have built in 6mm drivers for a perfect delivery of audio|Stay protected from accidental spills, splashes and make it your gym companion, as the earbuds come with a splash proof design|Trigger voice assistant of your smartphone, be it iOS or Android, with a simple touch control so you could get the work done in an instant",https://m.media-amazon.com/images/W/WEBP_402378-T2/images/I/31i5nmWFmhL._SX300_SY300_QL70_FMwebp_.jpg,"{""main_cat"": ""Electronics"", ""sub_cat1"": ""Headphones,Earbuds&Accessories"", ""sub_cat2"": ""Headphones"", ""sub_cat3"": ""In-Ear""}"
"Tukzer Stylus Pen, iPad Pencil with Palm Rejection Tilt Sensor| 2nd Gen for 2018-2022 iPad 6/7/8/9th Gen; iPad 10.2"", Pro 12.9/11"", Mini 6/5th, Air 5/4/3rd, Precise for Writing/Drawing (3 Spare Tips)",Electronics|Mobiles&Accessories|MobileAccessories|StylusPens,$24.31,$72.02,66%,"Palm Rejection Technology: Upgraded iPad stylus pencil with palm rejection technology, you can rest your palm comfortably on the screen while writing or drawing and you don’t have to wear the anti-friction glove with this pencil.|Accurate & Smooth: Upgraded iPad Stylus is equipped with 1.0mm POM pen tip. Higher precision, responsiveness and natural fluidity for smoothly writing and drawing like the traditional pencil. Virtually no lag time, not scratch your screen.|Touch-activated Technology: Turn on this active digital pencil for iPad by simply touching the cap button, easy for operation and no need to install Bluetooth or Apps ,it will automatically turn on ""Sleep Mode"" after idle for 5 minutes to save power.|Widely compatible - This Stylus pen is compatible for Apple iPad 2020 10.2-Inch (8th Gen)/ 2019 (7th Gen)/ iPad 2018 9.7"" (6th Gen); iPad Air 2020 (4th Gen), (3rd Gen); iPad Mini (5th Gen), iPad Pro 11-Inch 2020 (2nd Gen)/ 2018 (1st Gen); iPad Pro 3rd Gen 12.9inch, iPad Pro 4th Gen 12.9inch. Note: NOT COMAPTIBLE WITH iPad version earlier 2018, and NOT COMAPTIBLE WITH ALL iPhone, Android, Microsoft devices. Please CHECK CAREFULLY the correct iPad model before you order it.",https://m.media-amazon.com/images/I/414zbaw52sL._SX300_SY300_QL70_FMwebp_.jpg,"{""main_cat"": ""Electronics"", ""sub_cat1"": ""Mobiles&Accessories"", ""sub_cat2"": ""MobileAccessories"", ""sub_cat3"": ""StylusPens""}"
"Zebronics ZEB-VITA Wireless Bluetooth 10W Portable Bar Speaker With Supporting USB, SD Card, AUX, FM, TWS & Call Function",Electronics|HomeAudio|Speakers|BluetoothSpeakers,$10.79,$14.39,25%,"Zebronics Zeb-Vita Portable Bar speaker with Bluetooth Support. 100Hz-18kHz|It supports USB Aux input and Micro Sd card. It has Built in Fm radio for convenience, Built-in rechargeable battery|It has feature of Call function. It comes with media control for convenient control and Built- in rechargeable battery|Total output- 10w with driver size 52mm|supports audio formats :MP3|Charging time:4 hrs and play back time: 5hrs|warranty type- 1 year carry in to service center|Country of Origin: China",https://m.media-amazon.com/images/I/31c2Mxy32-L._SX300_SY300_QL70_FMwebp_.jpg,"{""main_cat"": ""Electronics"", ""sub_cat1"": ""HomeAudio"", ""sub_cat2"": ""Speakers"", ""sub_cat3"": ""BluetoothSpeakers""}"
"URBN 10000 mAh Lithium Power Bank UPR10K with 12 Watt Fast Charging, Blue",Electronics|Mobiles&Accessories|MobileAccessories|Chargers|PowerBanks,$10.80,$30.00,64%,"Proudly Made In India|It will charge a 3000mAh phone battery up to 2.4 times & It will charge a 4000mAh phone battery up to 1.8 times|Dual USB Output 2.4 Amp 5V Fast Charge|Ultra Compact body along with smooth touch finish gives the Power Bank its premium look, weighs only 181 grams.|1 Type-C USB Cable, 1 User Manual, 1 Warranty Card, Charger Not included|Micro USB Input. Takes up to 5-6 hours to charge the power bank",https://m.media-amazon.com/images/I/31Oj5BsHwdL._SX300_SY300_QL70_FMwebp_.jpg,"{""main_cat"": ""Electronics"", ""sub_cat1"": ""Mobiles&Accessories"", ""sub_cat2"": ""MobileAccessories"", ""sub_cat3"": ""Chargers"", ""sub_cat4"": ""PowerBanks""}"
Qubo Smart Cam 360 from Hero Group | Made in India | 2MP 1080p Full HD | CCTV Wi-Fi Camera | 360 Degree Coverage| Two Way Talk | Mobile App Connectivity | Night Vision | Cloud & SD Card Recording,Electronics|Cameras&Photography|SecurityCameras|DomeCameras,$29.89,$47.90,38%,"PROUDLY INDIAN: Qubo Smart Cam 360 is Designed & Made in INDIA. Engineered for the Security Needs of the Indian Market; TRUST OF HERO GROUP: Our Round-the-Clock Customer Service & Wide field Network not only resolves your all concerns & queries but rather ensures complete peace of mind for Lifetime.|360 COVERAGE: The smart security camera supports Multi-Directional rotation of the lens ensuring that there are no blind spots. NOTE: Qubo Smart Cam 360 is designed to be used indoors only.|THEFT PROOF CLOUD STORAGE: Unlike traditional CCTV cameras, you can secure your recordings on cloud storage based in India. Your private home moments stay with you even if the device is stolen|PERSON DETECTION WITH INTRUDER ALARM : The secutity camera has Advanced AI capabilities that can smartly detect & notify whenever a person is detected. You can also ring an automatic loud siren in case of an intrusion.|MOTION TRACKING: The smart wifi camera has Intelligent AI which automatically recognizes a moving object and tracks the object in real time.|CONTINUOUS RECORDING: Never miss a moment with 24x7 continuous recording. just enable it in the app settings and always be in the know|FULL COLOUR IN LOW LIGHT: Advanced low light technology allows you to see colours even in low light conditions",https://m.media-amazon.com/images/I/31R3Qf2nO0L._SX300_SY300_QL70_FMwebp_.jpg,"{""main_cat"": ""Electronics"", ""sub_cat1"": ""Cameras&Photography"", ""sub_cat2"": ""SecurityCameras"", ""sub_cat3"": ""DomeCameras""}"
"Duracell CR2025 3V Lithium Coin Battery, 5 pcs, 2025 Coin Button Cell Battery, DL2025",Electronics|GeneralPurposeBatteries&BatteryChargers,$1.39,$2.40,42%,"Duracell 2025 lithium coin batteries are suitable for use in keyfobs, small remotes, scales, wearables, sensors, medical devices (glucometers, digital thermometers), sports devices (heart rate monitor, bike accessories)|Duracell 2025 lithium coin batteries use high-purity lithium|Duracell lithium coin batteries are available in 2016, 2025, 2032.|Guarantee for 10 years in storage",https://m.media-amazon.com/images/I/419w6FnCr2L._SX300_SY300_QL70_FMwebp_.jpg,"{""main_cat"": ""Electronics"", ""sub_cat1"": ""GeneralPurposeBatteries&BatteryChargers""}"
"Noise ColorFit Ultra Smart Watch with 1.75"" HD Display, Aluminium Alloy Body, 60 Sports Modes, Spo2, Lightweight, Stock Market Info, Calls & SMS Reply (Space Blue)",Electronics|WearableTechnology|SmartWatches,$30.00,$72.02,58%,"1.75” TruViewTM display: See the clear, bigger picture on the 1.75’’ touch screen with 320*385 pixels.|Grade 6061 aluminium body: Crafted from Grade 6061 aluminium, ColorFit Ultra can withstand daily rough use with ease.|Personal health assistant: Take care of your health with features like blood oxygen, heart rate, stress, REM & sleep monitors.|SpO2 monitor: Measure your blood oxygen level anytime on the SpO2 monitor, with just a tap.|60 sports modes: With 60 sports modes, you are spoilt for choices; just pick and play your sport.",https://m.media-amazon.com/images/I/41YBVJ+UTxL._SY300_SX300_.jpg,"{""main_cat"": ""Electronics"", ""sub_cat1"": ""WearableTechnology"", ""sub_cat2"": ""SmartWatches""}"
"Zebronics Zeb-JUKEBAR 3900, 80W Multimedia soundbar with subwoofer Supporting Bluetooth, HDMI(ARC), Coaxial Input, AUX, USB & Remote Control (Black)",Electronics|HomeAudio|Speakers|SoundbarSpeakers,$60.01,$150.05,60%,"Zeb-Juke Bar 3900 is a soundbar that has powerful dual 5.7cm drivers and 13.3cm subwoofer to deliver a hi-fidelity cinematic experience right at your home.|The soundbar comes with multi-connectivity options like you can enjoy wireless streaming via the BT mode or choose others like USB, AUX, HDMI or coaxial input.|The soundbar comes with an LED display with volume/media controls and a fully functional remote control.|Output power (RMS)Subwoofer 40 wattsSoundbar 40 watts Total 80 watts|Driver sizeSubwoofer 13.3cm x 1Sound bar 5.7cm x 2|ImpedanceSubwoofer 6ΩSoundbar 4ΩFrequency response 55Hz-20kHz|Line input 3.5mm, Coaxial IN, HDMI (ARC)Max. supported memory size (USB) 32GBBT name ZEB-JUKE BAR 3900BT version 5.0",https://m.media-amazon.com/images/I/31flGUWUY9L._SX300_SY300_QL70_FMwebp_.jpg,"{""main_cat"": ""Electronics"", ""sub_cat1"": ""HomeAudio"", ""sub_cat2"": ""Speakers"", ""sub_cat3"": ""SoundbarSpeakers""}"
boAt Bassheads 102 Wired in Ear Earphones with Mic (Mint Green),"Electronics|Headphones,Earbuds&Accessories|Headphones|In-Ear",$4.79,$15.49,69%,"Let go off all your troubles and sink into the sound that brings your soul back to life. Let the BassHeads 102 fix your head, and get your mind in the game. Live in the Vibe.|Ease your way through the day with the classy superior look that emboldens the presence of the BassHeads 102. It’s available in multiple colours, which one matches your energy and style?|Control the flow of your audio zone with just a tap. Take a call and end it with just a tap. Solve all your problems with just a tap! boAt brings you easy solutions with great sound.|Plug Into Convenience with the 3.5 mm angled jack to begin your journey.|That’s elegant, convenient and easy on the eye, travel your city with the surrounding propped up by a perfect length cable made for you to stroll through the streets with ease|1 year warranty from the date of purchase",https://m.media-amazon.com/images/W/WEBP_402378-T2/images/I/317pd1KDJpL._SX300_SY300_QL70_FMwebp_.jpg,"{""main_cat"": ""Electronics"", ""sub_cat1"": ""Headphones,Earbuds&Accessories"", ""sub_cat2"": ""Headphones"", ""sub_cat3"": ""In-Ear""}"
"Duracell CR2016 3V Lithium Coin Battery, 5 pcs, 2016 Coin Button Cell Battery, DL2016",Electronics|GeneralPurposeBatteries&BatteryChargers,$1.39,$2.40,42%,"Duracell 2016 lithium coin batteries are suitable for use in keyfobs, small remotes, scales, wearables, sensors, medical devices (glucometers, digital thermometers), sports devices (heart rate monitor, bike accessories)|Duracell 2016 lithium coin batteries use high-purity lithium|Duracell lithium coin batteries are available in 2016, 2025, 2032.|Guarantee for 10 years in storage",https://m.media-amazon.com/images/W/WEBP_402378-T1/images/I/41SqfLI2FuL._SX300_SY300_QL70_FMwebp_.jpg,"{""main_cat"": ""Electronics"", ""sub_cat1"": ""GeneralPurposeBatteries&BatteryChargers""}"
"MI 360° Home Security Wireless Camera 2K Pro with Bluetooth Gateway BLE 4.2 l Dual Band Wi-fi Connection l 3 Million 1296p| Full Color in Low-Light | AI Human Detection, White",Electronics|Cameras&Photography|SecurityCameras|DomeCameras,$54.01,$72.02,25%,"2K Resolution image quality|Dual Band Wifi|Physical Lens shield|Included Components: Mi 360° Home Security Camera 2k Pro, User Manual, Power Cable, Standard Adapter, Wall Mounting Acce",https://m.media-amazon.com/images/I/317cwpkk1-L._SX300_SY300_QL70_FMwebp_.jpg,"{""main_cat"": ""Electronics"", ""sub_cat1"": ""Cameras&Photography"", ""sub_cat2"": ""SecurityCameras"", ""sub_cat3"": ""DomeCameras""}"
"Boult Audio Bass Buds Q2 Lightweight Stereo Wired Over Ear Headphones Set with Mic with Deep Bass, Comfortable Ear Cushions, & Long Cord (Black)","Electronics|Headphones,Earbuds&Accessories|Headphones|Over-Ear",$7.79,$30.00,74%,"Sound Signature: Boult Q2 delivers a signature sound with rich, crisp Bass Response and warm bright tones with incredible precision|Extra Bass: Boults sound signature has been packed with extra punchy and deep bass with accentuates the warm midst and crystal clear sparky highs. Water Resistant:Yes|Voice Command: Give instructions to Siri and Google voice command with a simple 2 seconds click on Boult-Q2|High Fidelity Acoustics: Ergonomically designed Drivers come with Built-in sub-woofers that pack that extra punch|Built-in Mic: Condenser microphone for HD calls and Siri/ Google assistant voice command|In-line Controls: Answer/Reject/ Calls, Play/Pause, Voice Command|Compatibility: Works with all OS, Laptops, PCs, Tablets, Smart TVs, from all the brands",https://m.media-amazon.com/images/I/31IO--RzGbL._SX300_SY300_QL70_FMwebp_.jpg,"{""main_cat"": ""Electronics"", ""sub_cat1"": ""Headphones,Earbuds&Accessories"", ""sub_cat2"": ""Headphones"", ""sub_cat3"": ""Over-Ear""}"
boAt Rockerz 400 Bluetooth On Ear Headphones With Mic With Upto 8 Hours Playback & Soft Padded Ear Cushions(Grey/Green),"Electronics|Headphones,Earbuds&Accessories|Headphones|On-Ear",$16.79,$35.89,53%,With 40mm Drivers get ready to immerse in HD auditory experience with super extra bass to get the day going. Inline Remote : No|Plug into your rhythm with style via the wireless Bluetooth headset and carry the vibe wherever you go|Stay immersed into Nirvana for extended durations with a playtime of up to 8 hours|Its lightweight and ergonomic design offers the comfort and ease while you listen to your favourite artists and have fun|The easy access integrated controls with built-in mic offers a smooth user experience and hands-free communication on the go|Stay connected to your sound via not one but two modes: Bluetooth as well as AUX|1 year warranty from the date of purchase.,https://m.media-amazon.com/images/W/WEBP_402378-T2/images/I/41zejggGzLL._SX300_SY300_QL70_FMwebp_.jpg,"{""main_cat"": ""Electronics"", ""sub_cat1"": ""Headphones,Earbuds&Accessories"", ""sub_cat2"": ""Headphones"", ""sub_cat3"": ""On-Ear""}"
"Silicone Rubber Earbuds Tips, Eartips, Earpads, Earplugs, for Replacement in Earphones and Bluetooth Medium Size (10 Pcs Black)","Electronics|Headphones,Earbuds&Accessories|Earpads",$1.19,$11.99,90%,"Ultra Soft and Durable made from finest Silicone Material|Silicon Earbuds very High Quality. You can Use It Any Earphone. Size is Medium, If You Lost Your Existing Earbuds You Can Use This Earbuds For Your Earphone.|Sound isolating design reduces ambient noise for high-intensity listening|Small Clear Silicone Replacement Ear Buds Tips for Audio-Technica Skullcandy Monster Sony Ultimate Ears Sharp",https://m.media-amazon.com/images/W/WEBP_402378-T1/images/I/41ltzaHXvRL._SY300_SX300_QL70_FMwebp_.jpg,"{""main_cat"": ""Electronics"", ""sub_cat1"": ""Headphones,Earbuds&Accessories"", ""sub_cat2"": ""Earpads""}"
"realme Buds Wireless in Ear Bluetooth Earphones with mic, 11.2mm Bass Boost Driver, Magnetic Fast Pair, Fast Charging and 12 Hrs Playtime (Yellow)","Electronics|Headphones,Earbuds&Accessories|Headphones|In-Ear",$20.16,$24.00,16%,"11.2 mm bass boost drivers along with the Japan Daikoku Technology, to offer you deep and punchy bass|Up to 12 hours of playback time | Fast Charging : 100 min Playback with only 10 min charge|IPX4 sweatproof headset features an in-line remote with three buttons and a microphone|Magnetic Fast Pair & Auto Connect Technology - separating the earphones allows you to use them, snapping them together causes them to power|Lightweight - Made from superior-grade silica gel and memory nickel-titanium alloy",https://m.media-amazon.com/images/I/41ZCYvl4noL._SX300_SY300_QL70_FMwebp_.jpg,"{""main_cat"": ""Electronics"", ""sub_cat1"": ""Headphones,Earbuds&Accessories"", ""sub_cat2"": ""Headphones"", ""sub_cat3"": ""In-Ear""}"
"Wecool Moonwalk M1 ENC True Wireless in Ear Earbuds with Mic, Titanium Drivers for Rich Bass Experience, 40+ Hours Play Time, Type C Fast Charging, Low Latency, BT 5.3, IPX5, Deep Bass (Black)","Electronics|Headphones,Earbuds&Accessories|Headphones|In-Ear",$10.67,$24.00,56%,"We have designed the ENC earbuds to provide Excellent Music Experience avoiding any external disturbance. Enjoy your music to the core with this Earbuds|""Quad-Mic Environmental Noise Cancellation(ENC): Bluetooth Earbuds are equipped with ENC technology and 4 microphones, which can suppress 90% of the interfering background noise in the calling environment to improve call quality ""|Rich Bass Music : The Titanium Drivers deliver Excellent Bass . Surround sound Music quality takes your music experience to the next levels.|Compact and Stylish Design : We have designed the Charging case and the Earbuds that suits your Lifestyle. The charging case is very stylish and the Earbuds are very comfortable in the ears|The True Wireless Earbuds are compatible with Bluetooth 5.3 technology which guarantees fast and stable connection, 1-step pairing, low power consumption & wide compatibility with smartphones & tablets|40 Hours Playtime : Total of 40 Hours playtime is obtained from the battery of charging Case and earbuds. Contineous of 10 Hours play time from earbuds with single charging.|IPX5 Water Resitant : Use your Bluetooth Earbuds while you do Gym or on Cycling or Walking etc. This is IPX 5 certified and does not allow water to go inside the product while splashed",https://m.media-amazon.com/images/W/WEBP_402378-T1/images/I/41Wq-obB2VL._SX300_SY300_QL70_FMwebp_.jpg,"{""main_cat"": ""Electronics"", ""sub_cat1"": ""Headphones,Earbuds&Accessories"", ""sub_cat2"": ""Headphones"", ""sub_cat3"": ""In-Ear""}"
"Amazfit GTS2 Mini (New Version) Smart Watch with Always-on AMOLED Display, Alexa Built-in, SpO2, 14 Days' Battery Life, 68 Sports Modes, GPS, HR, Sleep & Stress Monitoring (Meteor Black)",Electronics|WearableTechnology|SmartWatches,$72.00,$96.03,25%,"1.55 Always-on AMOLED Display with high 314 PPI Resolution for a crystal clear image and sharp details.|Super-Light weight body with only 19.5 grams, 8.95 MM Thin body, comfortable to wear day & night and during sports activities.|Monitoring your blood oxygen levels by intelligently monitoring your (SpO2) blood oxygen levels. Basic Usage Battery Life: 21 days|68 built-in sports modes, 5 ATM water-resistance and Alexa Built-in|24H Heart Rate Tracking, Female cycle tracking, Sleep quality monitoring and Stress level monitoring|Bluetooth music control directly from your watch while exercise without having to pull out your phone.|Check Out Our Store : Click on the blue Amazfit link below the Product title, to explore our other models.",https://m.media-amazon.com/images/W/WEBP_402378-T1/images/I/41eEK+FeFyL._SY300_SX300_.jpg,"{""main_cat"": ""Electronics"", ""sub_cat1"": ""WearableTechnology"", ""sub_cat2"": ""SmartWatches""}"
"DIGITEK® (DLS-9FT) Lightweight & Portable Aluminum Alloy Light Stand for Ring Light, Reflector, Flash Units, Diffuser, Portrait, Softbox, Studio Lighting & More Ideal for Outdoor & Indoor Shoots",Electronics|Cameras&Photography|Accessories|PhotoStudio&Lighting|PhotoBackgroundAccessories|BackgroundSupports,$8.39,$15.59,46%,"HEAVY-DUTY & LIGHT-WEIGHT: This must have light stand is strong enough to hold most equipment yet compact and light weight enough for travel. Made of strong yet lightweight aluminum, this Light stand transitions effortlessly from one spot to another and transports easily. This Light stand offers a collapsible design where the handle rotates down, the legs contract and everything folds in, creating a short, compact size.|JERK PROOF & PRACTICAL DESIGN: Comes with shock absorption springs mechanism that protects equipment and fingers from damage & requires less efforts to assemble and disassemble. It’s all 3 sections are secured with flip locks for better hold and slip free experience.|CRAFTED FOR BEGINNERS TO PROFESSIONALS: Capture vivid, professional-style photographs under perfect light with help of Digitek Light stand DLS009 FT. From a novice to a professional anyone can use this equipment. Compatible with most ring lights, light lamps, reflectors, umbrellas, Flash units, etc.|SUPPORTS MULTIPLE LIGHT ATTACHMENTS: This handy Light stand accommodates a wide range of most light lamps, reflectors, umbrellas and comes loaded with user-friendly functions.|HANDY AND RELIABLE STAND: This light stand gives you a chance to discover endless lighting possibilities. Widely compatible with studio lights, flash units, ring lights, led video lights, LED panels reflectors, umbrellas, light lamps, projectors etc. Thus helps you target the light to your subject at any angle. Perfect for indoor / outdoor shooting, live streaming, video calling, flat lay & more.",https://m.media-amazon.com/images/I/31ouSkwWDmL._SX300_SY300_QL70_FMwebp_.jpg,"{""main_cat"": ""Electronics"", ""sub_cat1"": ""Cameras&Photography"", ""sub_cat2"": ""Accessories"", ""sub_cat3"": ""PhotoStudio&Lighting"", ""sub_cat4"": ""PhotoBackgroundAccessories""}"
Redmi 80 cm (32 inches) Android 11 Series HD Ready Smart LED TV | L32M6-RA/L32M7-RA (Black),"Electronics|HomeTheater,TV&Video|Televisions|SmartTelevisions",$168.06,$300.11,44%,"Resolution: HD Ready (1366 x 768) | Refresh Rate: 60 hertz | 178 Degree wide viewing angle|Connectivity: 2 HDMI ports to connect set top box, Blu-Ray players, gaming console | 2 USB ports to connect hard drives and other USB devices | 3.5mm to connect your headphones | Bluetooth 5.0 to connect Bluetooth speakers, earphones and TWS earphones|Sound: 20 Watts Powerful Stereo Speakers | Dolby Audio | DTS Virtual: X and DTS-HD | Dolby Atmos pass through ARC port|Smart TV Features : Android TV 11 | Chromecast built-in | PatchWall 4 with IMDb integration | Kids Mode with Parental Lock | 75+ Free Live Channels | Universal search | Language Universe (16+ Languages) | India's Top 10 | Miracast | Supported Apps: Prime Video | Netflix | Disney + Hotstar | YouTube | Apple TV | 5000+ apps from Play Store | Auto Low Latency Mode | Quad core processor | Dual band Wi-Fi | 1GB RAM + 8GB Storage|Display: A+ Grade LED panel | Vivid Picture Engine | Detailed Picture Controls | Ultra bright screen | Dynamic contrast | Dynamic backlight|Warranty Information: 1 year comprehensive warranty on product and 1 year additional on Panel provided by the brand from the date of purchase|Easy Returns: This product is eligible for replacement within 10 days of delivery in case of any product defects, damage or features not matching the description provided|Video capture format :avi, mp4,Included components :1 led tv, 2 table stand base, 1 user manual, 1 remote control, 4 screws,resolution :720p",https://m.media-amazon.com/images/I/41611VFTGwL._SY300_SX300_QL70_FMwebp_.jpg,"{""main_cat"": ""Electronics"", ""sub_cat1"": ""HomeTheater,TV&Video"", ""sub_cat2"": ""Televisions"", ""sub_cat3"": ""SmartTelevisions""}"
"Oraimo 18W USB & Type-C Dual Output Super Fast Charger Wall Adapter PE2.0&Quick Charge 3.0 & Power Delivery 3.0 Compatible for iPhone 13/13 Mini/13 Pro Max/12/12 Pro Max, iPad Mini/Pro, Pixel, Galaxy, Airpods Pro",Electronics|Mobiles&Accessories|MobileAccessories|Chargers|WallChargers,$8.39,$14.39,42%,"🎁【18W Fast Charging- Always Speedy】Two ports pump out up to 18 watts of power, enabling simultaneous fast charging for two devices. 18W Type-C output port to give the latest devices a full-speed charge.|🎁【Universal Compatibility】Support all iPhone and Android Fast Charge, Quick Charge protocols like PD3.0, QC3.0, PE2.0, etc.Support all Android fast charge protocols, QC3.0, PE2.0, Dash Charge, VOOC, etc. Perfectly fits the charging needs of iPhone 13/13 Mini/13 Pro/13 Pro Max/12/11/11 Pro/11 Pro Max/XS/XR/SE/X/8 Plus, AirPods Pro, iPad series, Galaxy S21/S20 series, Note20/Note10/S10/S9, Pixel series, Nintendo Switch, and more.|🎁【PE2.0,PD 3.0 & QC 3.0】: Equipped with a 18W Power Delivery,3.0 port, and an 18W Quick Charge 3.0 port, the charger allows for charging two devices simultaneously|🎁【Safe and Reliable】This UL-certified USB C charger With the built-in intelligent chip, the wall charger matches the current as your device needs automatically, ensure safety and protection for your devices. No matter how fast it charges, you won’t have to worry about your phone heating up at all. A combination of 6 safety features that work together to provide ultimate protection for you and your devices|🎁【 Ultra-Fast Type-C Cable Included】 Oraimo 18W fast charger adapter comes with a fast charging type-c cable, It enables full speed charging and syncing to new Type-C models in the market.",https://m.media-amazon.com/images/I/31gNcDrEskL._SX300_SY300_QL70_FMwebp_.jpg,"{""main_cat"": ""Electronics"", ""sub_cat1"": ""Mobiles&Accessories"", ""sub_cat2"": ""MobileAccessories"", ""sub_cat3"": ""Chargers"", ""sub_cat4"": ""WallChargers""}"
SLOVIC® Tripod Mount Adapter| Tripod Mobile Holder|Tripod Phone Mount(Made in India)| Smartphone Clip Clipper 360 Degree for Taking Magic Video Shots & Pictures.,Electronics|Cameras&Photography|Accessories|Tripods&Monopods|Tabletop&TravelTripods,$3.91,$9.59,59%,TRIPOD PHONE MOUNT 360 ° SWIVLE ADJUSTING TO YOUR NEED:- This tripod mount holder has a 360 degree rotation to its frame which enables you to record any audio or video footage at any angle in portrait mode or landscape mode you want without needing you to change the angle of your gorilla tripod stand!|DESIGNED & MADE IN INDIA:- This mobile holder is completely designed and made in INDIA so you can purchase with your pride! This mini tripod adapter can hold your iphone or smart phone without you having to use a gorilla tripod to mount the holder on top as this holder mount has an extended section that you can hold and record your vlogs or take pictures with ease.|SET AT AN ANGLE AND FORGET THANKS TO A BACK SIDE SCREW:- This tripod bracket mount contains a screw on back side which helps you set your mobile phone at an angle you want and once you tighten the screw you don’t need to think about the holding strength of the screw in that position. It just simply does with ease thanks to the high quality steel and setting of the screw!|CAN ACCOMMODATE YOUR SMARTPHONES AND IPHONES THAT HAVE WIDTHS UPTO 110mm:-Most Tripod holders only stretch up to 82 mm at max while this tripod holder can stretch up to 110 mm which can accommodate big mobiles as well!|SMOOTH AND SOFT PADDING ON BOTH THE EDGES:- No need to worry about your smart phone edges getting damaged nor will your mobile phone spring out of the holder thanks to the screw that holds the mobile tight and protects it at all costs! So click the BUY NOW button and leave all the mobile mounting worries behind!,https://m.media-amazon.com/images/I/51fYe0OSURL._SX300_SY300_QL70_FMwebp_.jpg,"{""main_cat"": ""Electronics"", ""sub_cat1"": ""Cameras&Photography"", ""sub_cat2"": ""Accessories"", ""sub_cat3"": ""Tripods&Monopods"", ""sub_cat4"": ""Tabletop&TravelTripods""}"
"Sounce Gold Plated 3.5 mm Headphone Splitter for Computer 2 Male to 1 Female 3.5mm Headphone Mic Audio Y Splitter Cable Smartphone Headset to PC Adapter – (Black,20cm)","Electronics|Headphones,Earbuds&Accessories|Adapters",$1.44,$11.99,88%,"WIDE-RANGING USE: The cable features one 3.5mm Female and two 3.5mm Male connectors, enabling you to connect a 4-position headset with Audio and Microphone input to your PC or Laptop.|PURE ESSENTIALS: 24K gold-plated contacts, pure metal housing, strong nylon-braided exterior, secure-fit design, and oxygen-free copper wiring,to ensure to present.|SUPERB PERFORMANCE: Connect a 4-position headset to a computer that has separate microphone and audio ports. metallic housing which makes it easily survive everyday usage.|STRONG BRAIDED EXTERIOR : Creates a durable design. It’s our first time to use fishing-wire-kind materials braiding with audio cables for maximum protection.|QUALITY: The jack itself has additional insulation which helps in the durability of the product during multiple plug-in and plug-out maneuvers and keeps the interference to minimum.",https://m.media-amazon.com/images/W/WEBP_402378-T1/images/I/41jmiwgyu8L._SX300_SY300_QL70_FMwebp_.jpg,"{""main_cat"": ""Electronics"", ""sub_cat1"": ""Headphones,Earbuds&Accessories"", ""sub_cat2"": ""Adapters""}"
"Panasonic Eneloop BQ-CC55N Advanced, Smart and Quick Charger for AA & AAA Rechargeable Batteries, White",Electronics|GeneralPurposeBatteries&BatteryChargers,$18.01,$18.01,0%,"Panasonic advanced Ni-MH battery charger has a timer and auto shut off feature.|Rechargeable battery charger has 4 LED lights to show battery life, charge progress and percentage, and charging status.|Advanced Panasonic chargers have Auto shut off feature, detect voltage and stop charging just after overflow.|Panasonic advanced chargers can be used for both AA and AAA type eneloop and eneloop pro batteries.|Advanced eneloop battery chargers can charge up to 4 batteries individually.|eneloop advanced charger comes with a retractable AC plug.|This advanced charger takes approx 1.5 hours to charge 1PC/2PCS and 3 hours to charge 3PCS/4PCS of both AA and AAA eneloop batteries.",https://m.media-amazon.com/images/W/WEBP_402378-T1/images/I/41N+hHYrIWL._SY300_SX300_.jpg,"{""main_cat"": ""Electronics"", ""sub_cat1"": ""GeneralPurposeBatteries&BatteryChargers""}"
Belkin Essential Series 4-Socket Surge Protector Universal Socket with 5ft Heavy Duty Cable (Grey),Electronics|PowerAccessories|SurgeProtectors,$15.47,$18.00,14%,"Maximum Spike Current: 6500 Amps|Grounds AC power with 3-line protection through all 4 sockets|Delivers power through a 1.5-metre, heavyduty cables|superior design|The response time of this Belkin Essential 4 socket surge protector is less than 1 nano second, making it an efficient voltage stabilizer|Lifetime Warranty(Max 5 Years)",https://m.media-amazon.com/images/W/WEBP_402378-T1/images/I/21m+6LxEnOL._SY300_SX300_.jpg,"{""main_cat"": ""Electronics"", ""sub_cat1"": ""PowerAccessories"", ""sub_cat2"": ""SurgeProtectors""}"
"Imou 360° 1080P Full HD Security Camera, Human Detection, Motion Tracking, 2-Way Audio, Night Vision, Dome Camera with WiFi & Ethernet Connection, Alexa Google Assistant, Up to 256GB SD Card Support",Electronics|Cameras&Photography|SecurityCameras|DomeCameras,$27.60,$90.04,69%,"360 Degree Coverage View: With Imou Life App, you can create a panorama and rotate the camera to view every corner, leaving no blind-spots. Video recording frame rate of the camera is up to 25/30fps, making the video more smoothly.;1080P Full HD & Night Vision: 1080p full HD security camera provides crystal clear videos and recordings. Every image of video is clear in details. And quality infrared LEDs extend the range of night vision reach up to 10m/33ft, lets you see everything clearly even in the darkness.|WiFi & Ethernet Connection: It supports both WiFi (2.4Ghz only) & Ethernet connection, so you can switch it according to your network condition. Extended WiFi enhances the stability of network connection. And the camera works charmly with Amazon Alexa and Google Assistant.;Intelligent Detection and Tracking: Human detection avoids false alarms from moving pets. Smart motion tracking makes the camera follow moving objects, record real-time videos. And the built-in siren can trigger sound to scare unwelcome strangers away.|Sound Detection & Two-way Audio: Instant notification will be sent to you when the camera detects baby crying, dog barking, or other abnormal sounds, keeping you aware of what's going on at home. And you can talk with loved one by the built-in speaker and microphone.|Diversified Safe Storage: Multiple storage ways: Cloud, NVR, SD card(up to 256G) for your chioce. You can record 1080p video non-stop for 24 days and the advanced H.265 compression reduces bandwidth and storage requirements by roughly 50% with no impact on video quality.; Available Service Center: For any after-sale questions, you can contact our service center in India, Address: Plot No #122, Ground floor, Institutional Area,Sector 44, Gurugram, Haryana – 122001|Included Components: 1 Camera, 1 Power Adapter, 1 Power Cable, 1 Mounting Plate, 1 Quick Service Guide, 3 Sets Of Screw; Specific Uses For Product: Surveillance",https://m.media-amazon.com/images/I/31Yg8KP64NL._SX300_SY300_QL70_FMwebp_.jpg,"{""main_cat"": ""Electronics"", ""sub_cat1"": ""Cameras&Photography"", ""sub_cat2"": ""SecurityCameras"", ""sub_cat3"": ""DomeCameras""}"
Sennheiser CX 80S in-Ear Wired Headphones with in-line One-Button Smart Remote with Microphone Black,"Electronics|Headphones,Earbuds&Accessories|Headphones|In-Ear",$17.89,$23.89,25%,"Uncompressed and balanced Sennheiser sound for a unique listening experience|Call & music management via smart remote. THD, total harmonic distortion<0,5 % (1 kHz, 100 dB SPL)|3 ear tip sizes for excellent fit and perfect ambient noise isolation|Sound pressure level (SPL): 119 dB SPL @ 1 kHz, 1V RMS|Frequency response (Microphone)100 - 10,000 Hz.Frequency response 17–20,000 Hz (-10 dB),Microphone sensitivity -42 dBv (1 kHz),Impedance 28 Ω",https://m.media-amazon.com/images/W/WEBP_402378-T2/images/I/31VnhITYb+L._SY300_SX300_.jpg,"{""main_cat"": ""Electronics"", ""sub_cat1"": ""Headphones,Earbuds&Accessories"", ""sub_cat2"": ""Headphones"", ""sub_cat3"": ""In-Ear""}"
"Tukzer Fully Foldable Tabletop Desktop Tablet Mobile Stand Holder - Angle & Height Adjustable for Desk, Cradle, Dock, Compatible with Smartphones & Tablets (White)",Electronics|Mobiles&Accessories|MobileAccessories|Stands,$3.35,$15.59,79%,"NON-SLIP DESIGN - The pad back and the bottom of this cell phone stand are fully covered by anti-skid silicone, which can provide maximum protection for your device from any scratches and slide.|SMALL AND PORTABLE DESIGN - This cell phone stand holder is Foldable in one second, smaller than your Palm. Easy to carry anywhere you want|MULTI-ANGLE & HEIGHT ADJUSTABLE - This cell phone stand holder is in accordance with ergonomic design. The height can be easily stretch up and down between 4.3in-5.7in (2in adjustable range), the angle is adjustable between 0°~135°, providing you comfortable viewing angle which helps to fix your posture and reduce neck & back strain. For Better Stability for Heavy and Wide Devices, we recommend to lower the height and adjust to a stable angle.|STURDY BASE - Tukzer Tablet and Mobile Stand are Metal Block in the base to Increase weight the stand is not easy to tilt.|Compatibility and Dimension - It fits all your Tablets and Mobile. Dimension 4.3-in X5.7-in X 2.6-in. Comes with 6 Months Warranty",https://m.media-amazon.com/images/I/41Msi1CS2WL._SX300_SY300_QL70_FMwebp_.jpg,"{""main_cat"": ""Electronics"", ""sub_cat1"": ""Mobiles&Accessories"", ""sub_cat2"": ""MobileAccessories"", ""sub_cat3"": ""Stands""}"
"boAt Stone 250 Portable Wireless Speaker with 5W RMS Immersive Audio, RGB LEDs, Up to 8HRS Playtime, IPX7 Water Resistance, Multi-Compatibility Modes(Black)",Electronics|HomeAudio|Speakers|BluetoothSpeakers,$14.39,$47.90,70%,"Power- Get ready to be enthralled by the 5W RMS sound on Stone 250 portable wireless speaker.|RGB- It dons RGB LEDs, meaning you can uplift the overall vibe during all your playback sessions.|IP Rating- The IPX7 marked water and splash resistant build lets you carry your sound wherever travel without any worry.|Playback- The speaker offers up to a total of 8 hours of playtime per single charge via Type C interface at 60% volume level (non-LEDs Mode)|Modes- You can enjoy the playback via multiple connectivity modes namely Bluetooth v5.0, TF Card and AUX|Controls- The integrated controls help you command playback, volume levels with utmost ease|Lightweight- This wireless speaker has been built keeping in mind the ease of portability, hence the lightweight build.|1 year warranty from the date of purchase",https://m.media-amazon.com/images/I/51J45DcgktL._SX300_SY300_QL70_FMwebp_.jpg,"{""main_cat"": ""Electronics"", ""sub_cat1"": ""HomeAudio"", ""sub_cat2"": ""Speakers"", ""sub_cat3"": ""BluetoothSpeakers""}"
"WeCool S5 Long Selfie Stick, with Large Reinforced Tripod Stand up to 61 Inch / 156 Cms, Ultra Long Multi Function Bluetooth Selfie Stick with 1/4 Screw Compatible with Gopro, Camera, and Ring Light",Electronics|Mobiles&Accessories|MobileAccessories|Photo&VideoAccessories|SelfieSticks,$21.60,$48.01,55%,"64"" Tall Cell Phone Tripods with 7 section adjustable telescopic poles, the phone selfie stick tripod stand is tall enough, can be adjusted from 12in to 64in. Therefore, this selfie stick for iPhone can capture a wider landscape with different Height|3 in 1 Design with Stable Base : Can be used as extendable Tripod for phone and camera as Phone Floor Stand. This Selfie Stick for iPhone can be quickly switched between the table tripod and selfie stick mode. Is compatible with gopro and Camera|360° Rotatable Selfie Stick Bluetooth : The mount of the tripod stand can freely rotate 360°, which can be quickly ratoted the screen horizontally and vertically , and the mount arm can be 190°flipped to shoot pictures at various angles.|Compact Size and Travel Friendly : After Being folded , the long selfie stick is just 12 Inches. So it can be easily packed in your bag, or Backpack without taking up more space. Perfecet choice for Travelling, Hiking and Camping. Very Sturdy Design|Large ABS reinforced non-slip Stable tripod-The tripod is very stable when it is mounted with phone or camera standing on desktop or ground,because it has non-slip silicone pads at the bottom of each foot and the lets have additional support|1/4 Screw Widely Compatible-The selfie stick comes with both a phone mount and a 1/4 screw,can be used at the same time.The 1/4 screw can be connected with Gopro digital camera and ring light.|The phone mount is compatible with most smartphones , support 360 degree rotation vertical and horizontal shooting , better for live stream , photo and video shooting , makeup , youtube watching",https://m.media-amazon.com/images/I/41fDM4QUfvL._SX300_SY300_QL70_FMwebp_.jpg,"{""main_cat"": ""Electronics"", ""sub_cat1"": ""Mobiles&Accessories"", ""sub_cat2"": ""MobileAccessories"", ""sub_cat3"": ""Photo&VideoAccessories"", ""sub_cat4"": ""SelfieSticks""}"
"Duracell Ultra Alkaline D Battery, 2 Pcs",Electronics|GeneralPurposeBatteries&BatteryChargers|DisposableBatteries,$4.56,$4.80,5%,"Long Lasting Power Guaranteed|Our best battery, suited for everyday devices with extra performance for high drain devices|Duralock technology keeps unused Duracell batteries fresh and powered for up to 10 years in ambient storage|Available in AAA, AA, C, D and 9V sizes",https://m.media-amazon.com/images/I/51BGUyveMfL._SX300_SY300_QL70_FMwebp_.jpg,"{""main_cat"": ""Electronics"", ""sub_cat1"": ""GeneralPurposeBatteries&BatteryChargers"", ""sub_cat2"": ""DisposableBatteries""}"
boAt BassHeads 900 On-Ear Wired Headphones with Mic (White),"Electronics|Headphones,Earbuds&Accessories|Headphones|On-Ear",$10.19,$29.89,66%,"Enjoy powerful, dynamic sound with punchy bass and clear, natural vocals with the responsive 40mm Neodymium drivers, balanced sound for a complete listening experience|Its sleek, lightweight and compact design makes portability extremely convenient|The on-ear headphones with swivel earcups offers flexible wearing and a comfortable fit for everyone|Easy to carry, easy to store headphones are engineered for music on the go|The tangle-resistant cable with 3.5mm audio jack comes with a built-in mic and control for calls and playback|1 year warranty from the date of purchase",https://m.media-amazon.com/images/W/WEBP_402378-T1/images/I/41ZeJ53ij3L._SX300_SY300_QL70_FMwebp_.jpg,"{""main_cat"": ""Electronics"", ""sub_cat1"": ""Headphones,Earbuds&Accessories"", ""sub_cat2"": ""Headphones"", ""sub_cat3"": ""On-Ear""}"
"Zebronics Astra 10 Portable Wireless BT v5.0 Speaker, 10W RMS Power, 15* Hours Backup, 2.25"" Drive Size, up to 6.4"" Mobile Holder Support, Carry Handle, USB, mSD, AUX Input and FM Radio with Antenna",Electronics|HomeAudio|Speakers|OutdoorSpeakers,$9.59,$24.00,60%,"Wireless Portable Speaker with Mobile Holder|Easy to Carry handle|Supporting Bluetooth, USB, AUX & Micro SD Card|Adjustable FM Antenna|Media/ Volume Control, Call Function|Built-in rechargeable battery|Mobile Holder supports upto 16.25cm size phones",https://m.media-amazon.com/images/I/41uoxHxPDaL._SX300_SY300_QL70_FMwebp_.jpg,"{""main_cat"": ""Electronics"", ""sub_cat1"": ""HomeAudio"", ""sub_cat2"": ""Speakers"", ""sub_cat3"": ""OutdoorSpeakers""}"
"KINGONE Wireless Charging Pencil (2nd Generation) for iPad with Magnetic and Tilt Sensitive, Palm Rejection, Compatible with Apple iPad Pro 11 inch 1/2/3/4, iPad Pro 12.9 Inch 3/4/5/6, iPad Air 4/5, mini6",Electronics|Mobiles&Accessories|MobileAccessories|StylusPens,$31.20,$84.02,63%,"【2022 latest iPad Magnetic Charging】 The latest iPad pen developed by KINGONE provides true wireless charging without cables, just like Apple Pencil2. Automatic Bluetooth pairing and charging. You can keep charging your iPad while you carry it. It also perfectly solves the problems of obvious heating, slow charging, and sudden crash of the iPad when charging other wireless charging styluses. You can use it without any worries|【Ultra-High-Precision 0-delay】KINGONE's latest iPad pencil is equipped with the latest ultra-high-precision chip, which solves various problems such as slow response, disconnection, delay, and misalignment of other styluses. Whether you're drawing or taking notes, you can use it comfortably and have the same writing comfort as the Apple Pencil as if you were writing on real paper|【Excellent Easy of Use】This iPad stylus uses physical buttons. Compared with other touch switches, there will be no accidental power on/off, which greatly improves the ease of use and experience. 6 major functions such as quick screenshot, handwriting in the text box, shape correction, and return to the [home screen] with a single switch, enjoy iPad anytime, anywhere! Additionally, the nib is interchangeable with Apple Pencil 1st/2nd generation for a wide range of applications|【Tilt Sensing & Malfunction Prevention】KINGONE's latest iPad stylus is equipped with anti-palm touch and tilt sensing functions, allowing your hands to rest naturally on the iPad, just like drawing on paper. You can dynamically adjust the thickness of the lines according to the placement angle of the chip, and draw and write as you like. The perfect gift for parents, kids, friends, colleagues, and classmates!|【Compatible Models & Warranty】Pay attention to the applicable models! Please check your iPad model before purchasing. Compatible Models: iPad Pro 12.9-inch (3rd/4th/5th/6th generation), iPad Pro 11-inch, iPad Air (3rd/4th generation), iPad mini 6. If you have any questions during use, please don't hesitate to contact us",https://m.media-amazon.com/images/I/217Lv1D3bHL._SX300_SY300_QL70_FMwebp_.jpg,"{""main_cat"": ""Electronics"", ""sub_cat1"": ""Mobiles&Accessories"", ""sub_cat2"": ""MobileAccessories"", ""sub_cat3"": ""StylusPens""}"
"Infinity (JBL Fuze 100, Wireless Portable Bluetooth Speaker with Mic, Deep Bass, Dual Equalizer, IPX7 Waterproof, Rugged Fabric Design (Black)",Electronics|HomeAudio|Speakers|OutdoorSpeakers,$18.00,$36.00,50%,"Compact Portable Bluetooth Speakers. Wireless Bluetooth Streaming, Charging Time 3.5H@ 5V0.5A|Dual Equaliser Modes for Normal & Deep Bass Output. 9 Hours Music Playtime Under Optimum Audio Settings|IPX7 Waterproof Design. Audio Specifications : Frequency Response 120Hz - 20KHz . Signal to noise Ratio 70dB (Aux)|Pair 2 Infinity Fuze 100 Speakers with Dual Speaker Connect Technology|Speakerphone|Rugged & Durable Fabric Material|1 year manufacturer’s warranty",https://m.media-amazon.com/images/W/WEBP_402378-T1/images/I/51UH57Cs5hL._SX300_SY300_QL70_FMwebp_.jpg,"{""main_cat"": ""Electronics"", ""sub_cat1"": ""HomeAudio"", ""sub_cat2"": ""Speakers"", ""sub_cat3"": ""OutdoorSpeakers""}"
